tree
version=v4
num_class=1
num_tree_per_iteration=1
label_index=0
max_feature_idx=59
objective=binary sigmoid:1
feature_names=address_ann_rank address_cosine address_jaccard address_len_ratio address_length_ratio address_levenshtein address_max_shared_idf address_rare_token_overlap address_token_overlap best_rank both_address_present both_name_present candidate_is_s2 candidate_is_s3 city_exact city_present_both compact_name_exact country_exact found_address_ann found_bm25 found_char_tfidf found_exact found_name_ann found_record_ann found_word_tfidf house_number_exact house_number_present_both is_multi_channel landmark_overlap mean_rank name_ann_rank name_common_token_count name_cosine name_exact name_jaccard name_jaro_winkler name_len_ratio name_length_ratio name_levenshtein name_max_shared_idf name_mean_shared_idf name_normalized_exact name_prefix_match name_rare_token_overlap name_sorted_exact name_sum_shared_idf name_token_containment name_token_overlap numeric_count_diff numeric_overlap postal_exact postal_prefix_match postal_present_both postal_rarity record_ann_rank record_cosine retrieval_votes rrf_score state_exact state_present_both
feature_infos=none none [0:1] [0:1] [0:1] [0:1] [0:7.646672248840332] none [0:1] [0:30] [0:1] none [0:1] [0:1] [0:1] [0:1] [0:1] [0:1] none [0:1] [0:1] [0:1] none none [0:1] [0:1] [0:1] [0:1] [0:1] [0:30] none [0:8] none [0:1] [0:1] [0:1] [0.058823529630899429:1] [0.058823529630899429:1] [0:1] [0:7.646672248840332] [0:7.646672248840332] [0:1] [0:1] none [0:1] [0:35.417884826660156] [0:1] [0:1] [0:6] [0:1] [0:1] [0:1] [0:1] [0:8.0521373748779297] none none [0:4] [0:0.065846994519233704] [0:1] [0:1]
tree_sizes=1770 1927 2117 1927 1936 1907 1931 1935 2044 2443 2045 2051 2149 2357 1838 1918 2140 2140 2046 2362 1945 2574 2338 1898 2538 2478 2135 2371 1944 2579 2473 2557 2366 2352 2349 2351 2788 2370 2545 2031 2561 2449 2370 2164 2504 2504 2349 2244 2461 2346 2247 2477 2569 2352 2417 3095 2327 2957 2537 2225 3018 2227 2666 2949 3175 2637 2440 2657 2550 2712 2938 2974 2889 3032 2924 2899 2911 2744 2859 2801 2966 3106 3053 2518 2551 3013 2789 2905 2603 3046 3080 2713 2940 2920 3474 2893 2975 3261 2919 3104 3019 2842 2986 2504 3008 2654 3028 3205 3384 3132 2716 3314 2849 3022 2588 3112 3072 2874 2527 2740 3114 3263 2922 2867 3599 3493 2784 2860 3386 3150 3190 2819 2940 3442 2970 2791 2862 2497 2801 3272 3183 2816 2602 3065 3249 2605 3093 2784 2662 2943 2996 2991 2793 3227 2736 3763 2757 2745 3051 3341 2192 3049 3447 3019 2827 3175 2342 2820 3487 3009 3467 2546 3140 2452 2562 2763 3475 2492 3109 3049 2819 3088 2769 2514 2351 2589 3193 2909 2874 2127 2628 3057 2447 2734 2777 2716 2700 3592 2893 2537 3110 2210 2833 2296 2607 2848 2011 2797 2513 2513 2660 2009 2442 2579 2747 2522 2329 2243 2439 3000 2864 2609 2519 2674 2269 2493 3035 2298 2610 2535 2517 2212 2710 2516 2474 2500 2441 2512 2698 2589 2116 2396 2602 2602 2703 2513 2115 2080 2251 2770 2521 3364 1963 2414 2312 3068 2358 2438 3147 2498 2560 2496 2291 2227 2970 2257 2398 2377 1678 2591 2670 2215 2026 2577 1862 2275 2641 2220 1963 1916 2051 2036 2154 2324 2592 1999 2216 2320 2211 2438 2423 2481 2473 2247 1930 2841 1818 2128 2097 2094 2421 2318 2107 2762 2588 2221 2384 1854 2182 2406 1593 2588 2647 1857 1785 2330 2002 2186 2562 2414 1599 1910

Tree=0
num_leaves=16
num_cat=0
split_feature=6 35 20 8 29 47 39 2 35 2 29 9 29 36 39
split_gain=5101.87 636.485 444.918 298.858 89.7114 55.338 35.8604 10.1427 7.6537 2.99224 2.13935 3.49469 1.42865 0.456684 0.241975
threshold=6.4953796863555917 0.90395656228065502 1.0000000180025095e-35 0.5634920895099641 7.8333332538604745 0.81666666269302379 6.0049650669097909 0.41885964572429663 0.45421318709850317 0.4083333313465119 2.1666666269302373 1.0000000180025095e-35 5.8333332538604745 0.39504285156726843 6.1432809829711923
decision_type=2 2 2 2 2 2 2 2 2 2 2 2 2 2 2
left_child=1 5 3 8 14 7 12 10 -2 -5 11 -1 -7 -10 -3
right_child=2 4 -4 9 -6 6 -8 -9 13 -11 -12 -13 -14 -15 -16
leaf_value=-1.442570657666441 -1.3781806924285442 -1.2688864853115986 -1.1441241515105525 -1.2786059394001081 -1.4214132087788653 -1.3956605604326595 -1.2621230506802004 -1.372782568330994 -1.4150217080096916 -1.162958642045071 -1.454228017706279 -1.3867849531777812 -1.4405496441196508 -1.4514225309933475 -1.1593015296749623
leaf_weight=8.4480405300855619 4.3037187606096294 4.1443217694759431 179.32161502540112 4.1443217694759396 3.9849247783422461 3.5067338049411756 5.2601007074117661 3.3473368138074866 3.1879398226738003 15.461508139967917 864.88807389140129 3.5067338049411765 3.6661307960748672 17.852463006973267 18.808844953775406
leaf_count=53 27 26 1125 26 25 22 33 21 20 97 5426 22 23 112 118
internal_value=-1.39258 -1.44477 -1.1793 -1.32208 -1.20955 -1.45207 -1.35023 -1.45356 -1.43536 -1.18044 -1.4539 -1.42664 -1.42228 -1.4474 -1.17289
internal_weight=1143.83 919.561 224.272 44.95 26.9381 892.623 12.433 880.19 25.3441 19.6058 876.843 11.9548 7.17286 21.0404 22.9532
internal_count=7176 5769 1407 282 169 5600 78 5522 159 123 5501 75 45 132 144
is_linear=0
shrinkage=1


Tree=1
num_leaves=17
num_cat=0
split_feature=6 57 57 8 49 35 57 35 46 8 57 57 49 34 45 49
split_gain=4197.42 591.274 318.655 180.321 71.2361 24.761 23.957 21.2519 10.4759 7.16889 5.52025 0.890806 0.730742 0.502216 0.641845 0.415616
threshold=6.4953796863555917 0.063064537942409529 0.03240706957876683 0.5634920895099641 0.90000000596046459 0.91656225919723522 0.03152930177748204 0.90395656228065502 0.81666666269302379 0.39230769872665411 0.03152930177748204 0.062357790768146522 0.26785714924335485 0.63068181276321422 10.903816223144533 0.26785714924335485
decision_type=2 2 2 2 2 2 2 2 2 2 2 2 2 2 2 2
left_child=1 4 3 9 5 8 -6 -3 11 -2 -11 13 -5 15 -15 -1
right_child=2 7 -4 12 6 -7 -8 -9 -10 10 -12 -13 -14 14 -16 -17
leaf_value=-0.0613115176356012 -0.05497592261024431 0.071722248567783753 0.20383002491737057 0.10833384217678886 -0.0089115058687013037 0.04979636066067171 0.16699195037202741 0.19579475993714204 0.023409370268046854 0.045090392489411837 -0.02835055958637548 -0.02089286236147557 0.19464283910505245 -0.047510907793398609 -0.011040446471831583 -0.028378438948162072
leaf_weight=834.57569171488285 15.844995856285097 6.1228112429380444 211.85387305915356 5.6891851276159295 3.0955459326505652 4.3615135848522177 3.5823540091514587 21.6239273250103 3.1341231912374488 3.238650366663931 5.4496703743934631 3.0811600089073172 10.770848155021667 3.6933501809835425 3.2616418600082397 3.9998514950275412
leaf_count=5434 102 38 1158 32 20 26 21 120 19 20 35 20 60 24 21 26
internal_value=-0.000175314 -0.051254 0.179198 0.0499598 -0.0586316 -0.0599386 0.09426 0.172037 -0.0605642 -0.0359451 0.000337586 -0.0609074 0.173011 -0.0610224 -0.034574 -0.0611944
internal_weight=1143.38 890.532 252.847 40.9933 862.785 856.107 6.6779 27.7467 851.746 24.5333 8.68832 848.612 16.46 845.531 6.95499 838.576
internal_count=7176 5769 1407 249 5611 5570 41 158 5544 157 55 5525 92 5505 45 5460
is_linear=0
shrinkage=0.05


Tree=2
num_leaves=19
num_cat=0
split_feature=6 35 9 2 2 47 29 39 39 49 20 8 2 3 29 9 3 2
split_gain=3575.26 392.55 334.269 58.4184 47.1748 42.67 41.3836 29.2486 21.364 14.897 14.6286 55.6968 2.57643 1.79849 0.459853 0.994546 0.212898 0.0549352
threshold=6.3950443267822275 0.90893143415451061 5.5000000000000009 0.30217391252517706 0.17752101272344592 0.86607143282890331 7.8333332538604745 5.5468196868896493 6.0049650669097909 0.90000000596046459 1.0000000180025095e-35 0.5634920895099641 0.4083333313465119 0.67755267024040233 2.1666666269302373 1.0000000180025095e-35 0.75914770364761364 0.22474747896194461
decision_type=2 2 2 2 2 2 2 2 2 2 2 2 2 2 2 2 2 2
left_child=1 5 4 13 7 9 -3 -2 16 12 11 17 14 -4 15 -1 -7 -6
right_child=2 6 3 -5 10 8 -8 -9 -10 -11 -12 -13 -14 -15 -16 -17 -18 -19
leaf_value=-0.048056182740602478 -0.040939653675612052 0.15803002366613966 -0.011488647177362312 0.11754994806697411 0 -0.0085888360007108453 -0.023263820954189243 0.12986292602970709 0.10415742130424258 0.030505750058970351 0.17741327378472968 0.16280095713463161 -0.0092421968283324628 -0.057960517819682172 -0.06047300861815013 -0.0091131307076318651 -0.033672280318494889 -0.0085265279193491982
leaf_weight=7.8884029388427717 4.3994812816381437 22.91138064861298 3.2815742343664231 5.5410507172346106 3.1828502267599132 3.0760639458894712 3.2979200184345236 3.8374169021844864 4.9680867344141006 3.9304054826498023 226.28817945718765 21.12520831823349 3.1138769984245291 18.518272444605827 792.37850673496723 3.1071853339672089 3.1172235757112503 3.0726396590471268
leaf_count=53 28 117 21 29 20 20 21 19 28 25 1122 108 20 123 5362 20 20 20
internal_value=-0.000290756 -0.0520959 0.151191 -0.0145224 0.168498 -0.058228 0.135017 0.0435371 0.0360137 -0.0595749 0.172349 0.125545 -0.0600573 -0.051995 -0.0602363 -0.0391454 -0.024835 -0.0046776
internal_weight=1137.04 847.789 289.247 27.3409 261.906 821.58 26.2093 8.2369 11.1614 810.418 253.669 27.3807 806.488 21.7998 803.374 10.9956 6.19329 6.25549
internal_count=7176 5686 1490 173 1317 5548 138 47 68 5480 1270 148 5455 144 5435 73 40 40
is_linear=0
shrinkage=0.05


Tree=3
num_leaves=17
num_cat=0
split_feature=6 57 9 2 57 8 47 39 49 42 2 57 57 3 39 49
split_gain=3111.51 392.147 264.644 53.01 39.9905 62.9804 26.0358 23.6504 10.9188 10.3271 4.92133 5.163 2.06417 1.5282 1.33668 0.497956
threshold=6.3950443267822275 0.063064537942409529 5.5000000000000009 0.26969698071479803 0.032663283869624145 0.5634920895099641 0.81666666269302379 6.0049650669097909 0.90000000596046459 0.44913792610168463 0.19523809850215915 0.032154673710465438 0.061252705752849586 0.83402201533317577 7.0446858406066903 0.26785714924335485
decision_type=2 2 2 2 2 2 2 2 2 2 2 2 2 2 2 2
left_child=1 6 4 -4 5 10 8 -8 12 -3 -2 -12 14 -14 15 -1
right_child=2 9 3 -5 -6 -7 7 -9 -10 -11 11 -13 13 -15 -16 -17
leaf_value=-0.059825572389641452 -0.04749781197448625 0.059683799727927617 -0.055315058631564468 0.096289872382491148 0.15597530827643505 0.14235765213193577 -0.044794530797334642 0.092283226162380647 0.018507737771906476 0.1494704038920972 0.054037160962574764 -0.023609784083061351 0.0017578677144099387 -0.043629076243447737 -0.023655571633949331 -0.026132244426965785
leaf_weight=762.36945098638535 3.9444139152765292 6.2351748347282436 19.994511291384701 6.9534614682197562 251.93376584351063 17.789481893181801 6.025521904230116 4.7209665924310684 4.0190460234880439 21.032364964485168 3.3092681020498276 3.3155498206615448 3.0310197919607154 2.8753161728382111 4.7956911772489539 3.7869820147752753
leaf_count=5361 27 35 137 36 1164 85 40 25 25 101 20 21 20 20 33 26
internal_value=-0.000377204 -0.0512959 0.135047 -0.0139715 0.14939 0.0873999 -0.0577727 0.0177282 -0.0588395 0.131954 -0.00897877 0.0165212 -0.0592694 -0.0227314 -0.059513 -0.0596998
internal_weight=1126.13 818.892 307.24 26.948 280.292 28.3587 791.624 10.7465 780.878 27.2675 10.5692 6.62482 776.858 5.90634 770.952 766.156
internal_count=7176 5686 1490 173 1317 153 5550 65 5485 136 68 41 5460 40 5420 5387
is_linear=0
shrinkage=0.05


Tree=4
num_leaves=17
num_cat=0
split_feature=6 57 9 2 46 57 8 49 35 35 2 57 57 45 49 45
split_gain=2746.33 356.037 216.311 48.1162 32.3741 31.2303 52.7713 13.0044 12.1705 10.9819 4.63414 4.68224 0.979789 0.700974 0.524553 0.463967
threshold=6.3950443267822275 0.063064537942409529 5.5000000000000009 0.26969698071479803 0.81666666269302379 0.032663283869624145 0.5634920895099641 0.90000000596046459 0.90395656228065502 0.91656225919723522 0.19523809850215915 0.032154673710465438 0.062357790768146522 12.061657428741457 0.26785714924335485 13.149230480194094
decision_type=2 2 2 2 2 2 2 2 2 2 2 2 2 2 2 2
left_child=1 4 5 -4 7 6 10 9 -3 12 -2 -12 13 14 -1 -15
right_child=2 8 3 -5 -6 -7 -8 -9 -10 -11 11 -13 -14 15 -16 -17
leaf_value=-0.059405257519969612 -0.046768909180070747 0.044466413328204613 -0.054568981294207598 0.088655945505908246 0.061080227034428669 0.14056189776549396 0.12881968010976888 0.023664314865823842 0.1364531582804823 0.020999857337465216 0.050742149011171189 -0.022960362854729854 -0.018021655638378795 -0.01364850636742255 -0.025446166308064729 -0.044425145424529057
leaf_weight=732.13134288787842 3.8242353349924105 5.9426163136959103 19.286144703626636 7.2525222897529593 4.9476519823074332 265.31057831645012 18.754017576575279 4.2689273953437796 22.712589919567108 3.7748463451862326 3.4102000445127487 3.2683597058057785 2.8880638480186454 3.5779896080493909 3.7232325971126548 6.4524414390325546
leaf_count=5357 27 34 137 36 27 1164 85 26 102 22 20 21 20 25 26 47
internal_value=-0.000440832 -0.0505396 0.122639 -0.0134487 -0.0570981 0.13492 0.0806384 -0.0579569 0.119688 -0.0584573 -0.00868 0.0157295 -0.058892 -0.0590193 -0.059275 -0.0361326
internal_weight=1111.53 790.42 321.106 26.5387 761.764 294.567 29.2568 756.817 28.6552 752.548 10.5028 6.67856 748.773 745.885 735.855 10.0304
internal_count=7176 5686 1490 173 5550 1317 153 5523 136 5497 68 41 5475 5455 5383 72
is_linear=0
shrinkage=0.05


Tree=5
num_leaves=17
num_cat=0
split_feature=6 57 57 8 46 35 49 35 49 49 37 38 34 45 49 57
split_gain=2450.29 326.39 174.913 113.298 30.6746 13.8861 12.5963 8.29988 5.97862 5.29193 3.2892 2.11338 0.678443 0.643508 0.527506 0.191046
threshold=6.3950443267822275 0.062834918498992934 0.03240706957876683 0.5634920895099641 0.81666666269302379 0.90395656228065502 0.90000000596046459 0.91656225919723522 0.90000000596046459 0.26785714924335485 0.31180556118488317 0.49647887051105505 0.63068181276321422 10.903816223144533 0.26785714924335485 0.044130235910415656
decision_type=2 2 2 2 2 2 2 2 2 2 2 2 2 2 2 2
left_child=1 4 3 8 6 11 7 12 10 -5 -2 -3 14 -14 -1 -4
right_child=2 5 15 9 -6 -7 -8 -9 -10 -11 -12 -13 13 -15 -16 -17
leaf_value=-0.058695365886240851 0 0.059757067747483843 0.091007832623134916 0.061647556173524645 0.057072528967385905 0.12515669831764373 0.022449059169640351 0.013322326474858971 0.01876945404740947 0.13059176532126487 -0.05309736211350994 0.0045415252155484656 -0.044050162610598069 -0.0080136143646478246 -0.024775367833980308 0.12942239993875776
leaf_weight=708.59957402944565 3.2116782367229524 3.4848030954599407 11.862270861864088 7.589510217308999 5.0965536981821051 23.867167398333549 4.3276077508926383 3.607347920536994 3.3745283782482138 13.97756065428257 22.164429858326912 3.4610163271427155 3.19558560848236 3.1011266559362411 3.661499708890914 269.23739956319332
leaf_count=5397 22 20 53 35 27 103 26 21 22 61 159 20 24 22 26 1138
internal_value=-0.000486882 -0.0498281 0.112813 0.0262193 -0.0565862 0.107206 -0.0574678 -0.057984 -0.038317 0.110359 -0.0465218 0.0369073 -0.0583669 -0.030518 -0.058563 0.128147
internal_weight=1093.82 762.402 331.417 50.3177 731.589 30.813 726.493 722.165 28.7506 21.5671 25.3761 6.94582 718.558 6.29671 712.261 281.1
internal_count=7176 5686 1490 299 5543 143 5516 5490 203 96 181 40 5469 46 5423 1191
is_linear=0
shrinkage=0.05


Tree=6
num_leaves=17
num_cat=0
split_feature=57 2 8 3 25 5 2 45 8 45 35 2 49 5 29 29
split_gain=1997.84 341.523 274.33 101.812 61.8621 34.4357 33.4301 21.285 14.4843 7.77218 4.22239 2.57418 2.09392 1.62454 0.846174 0.587982
threshold=0.046804908663034446 0.4083333313465119 0.32291667163372045 0.44274005293846136 1.0000000180025095e-35 0.44504831731319433 0.19523809850215915 10.161285400390627 0.63392856717109691 16.963909149169925 0.9011763632297517 0.10912698507308961 0.26785714924335485 0.66904762387275707 8.5833334922790545 4.8333332538604745
decision_type=2 2 2 2 2 2 2 2 2 2 2 2 2 2 2 2
left_child=1 4 3 7 10 9 -6 -2 -3 11 12 -5 13 15 -4 -1
right_child=2 8 14 5 6 -7 -8 -9 -10 -11 -12 -13 -14 -15 -16 -17
leaf_value=-0.046043364473039972 -0.001280303638001892 0.025629580768839411 0.12053934480786073 -0.058106545957390413 -0.037962365022578853 0.096383198061712957 0.11123840145412599 0.12186702902411498 0.12224324417571751 0.026445526649404229 0.00038385609866162164 -0.011605969055521484 -0.01104218939711369 -0.01536468989998145 0.06151904788796702 -0.05835243052495305
leaf_weight=36.590710520744324 4.2890263795852688 5.3640151470899573 275.35398627817631 35.369796112179756 5.8718360513448697 3.6036200672388068 7.656861424446106 16.085441812872887 27.474625900387764 2.5944193601608267 2.9928510934114447 4.163915053009986 3.2268809080123892 3.4503360390663138 4.157204642891883 635.33799827098846
leaf_count=278 31 30 1139 265 39 15 36 73 116 13 19 29 22 23 21 5027
internal_value=-0.000512256 -0.0475058 0.0983063 0.00649557 -0.0549958 -0.034869 0.0479812 0.0968623 0.107833 -0.0481866 -0.0571144 -0.0537394 -0.0573755 -0.0575728 0.119902 -0.057759
internal_weight=1073.58 727.966 345.617 66.1062 695.127 45.7318 13.5287 20.3745 32.8386 42.1281 681.599 39.5337 678.606 675.379 279.511 671.929
internal_count=7176 5590 1586 426 5444 322 75 104 146 307 5369 294 5350 5328 1160 5305
is_linear=0
shrinkage=0.05


Tree=7
num_leaves=17
num_cat=0
split_feature=6 35 9 2 47 9 2 35 39 49 20 9 2 29 9 9
split_gain=2003.4 259.891 136.259 37.0029 31.7474 22.3081 18.597 19.8832 13.9846 12.6257 3.50453 6.08041 3.03724 0.787702 1.2942 1.04063
threshold=6.3950443267822275 0.90395656228065502 5.5000000000000009 0.26969698071479803 0.86607143282890331 3.5000000000000004 0.17752101272344592 0.86224648356437694 6.0049650669097909 0.90000000596046459 1.0000000180025095e-35 4.5000000000000009 0.41885964572429663 2.1666666269302373 1.5000000000000002 1.0000000180025095e-35
decision_type=2 2 2 2 2 2 2 2 2 2 2 2 2 2 2 2
left_child=1 4 6 -4 9 -3 7 -2 -6 12 11 -8 13 15 -15 -1
right_child=2 5 3 -5 8 -7 10 -9 -10 -11 -12 -13 -14 14 -16 -17
leaf_value=-0.043523680841401055 -0.041996193356605906 0.10973829889105005 -0.052677415785013705 0.071730598652635424 -0.027322716307395398 0.0054527306065858192 0.095987729389701182 0.095436226621803788 0.077021248749635313 0.024277391525526715 0.11193526447686664 0.033369124022778682 -0.00027071624875870895 -0.012501457160095771 -0.05773894207328735 -0.0040727123977299419
leaf_weight=6.5788224935531598 4.252887159585951 25.241741284728054 17.427407033741478 7.8505381494760504 5.4646956324577314 6.6352736055850974 25.568969368934631 4.3901293724775314 5.5320597738027573 4.2035430371761313 276.90994367003441 6.5287495851516715 2.5283374935388556 2.4991256073117247 647.14180587977171 2.8083595484495163
leaf_count=53 29 105 137 36 39 39 115 18 27 25 1122 33 17 19 5342 20
internal_value=-0.000533485 -0.0485376 0.0985013 -0.0125905 -0.0551456 0.0890092 0.107369 0.0299504 0.0267968 -0.0565447 0.109415 0.0847951 -0.0571017 -0.0573114 -0.0575921 -0.0337309
internal_weight=1051.56 708.634 342.929 25.2779 676.757 31.877 317.651 8.64302 10.9968 665.76 309.008 32.0977 661.556 659.028 649.641 9.38718
internal_count=7176 5686 1490 173 5542 144 1317 47 66 5476 1270 148 5451 5434 5361 73
is_linear=0
shrinkage=0.05


Tree=8
num_leaves=18
num_cat=0
split_feature=6 57 9 2 46 2 39 25 35 35 57 35 57 38 45 34 35
split_gain=1823.67 261.843 119.367 34.0533 27.1219 15.9618 18.2236 9.80692 7.94902 7.09976 4.01852 15.2271 11.3851 1.59595 0.798162 1.66132 0.117843
threshold=6.3950443267822275 0.062834918498992934 5.5000000000000009 0.26969698071479803 0.81666666269302379 0.17752101272344592 6.0049650669097909 1.0000000180025095e-35 0.90395656228065502 0.91656225919723522 0.032663283869624145 0.49536527693271643 0.031910113990306861 0.49647887051105505 12.061657428741457 0.47222222387790685 0.61669442057609569
decision_type=2 2 2 2 2 2 2 2 2 2 2 2 2 2 2 2 2
left_child=1 4 5 -4 7 6 -2 9 13 14 11 -7 -13 -3 -1 -16 -14
right_child=2 8 3 -5 -6 10 -8 -9 -10 -11 -12 12 16 -15 15 -17 -18
leaf_value=-0.057109213145845938 -0.041188672579375391 0.053352638112118926 -0.052028435503040808 0.067282403240304697 0.050169978990316881 0.10611893635377212 0.09070653704055813 0.0095342648493911518 0.10178006430398089 0.0080075479146128042 0.10519035320225947 0.087656042416235827 -0.014144088606402028 0.0048920321389851456 -0.048539980055775166 -0.0039948471668769924 -0.0004500012713608639
leaf_weight=626.17111124843359 4.1523678898811323 3.649745598435401 16.791177026927475 8.01280230283737 5.3130242824554434 16.570219919085506 4.443560779094696 5.2874372452497473 25.427545368671417 3.8824360966682425 284.26690194010735 3.8646006435155851 3.9207007884979248 3.4194011241197586 5.5458275973796827 3.7449922263622284 3.5880439728498459
leaf_count=5386 29 20 137 36 27 70 18 33 103 22 1141 17 22 20 46 29 20
internal_value=-0.000548823 -0.0479319 0.0928677 -0.0121781 -0.0548943 0.101018 0.0288192 -0.0558444 0.0886503 -0.0564069 0.102891 0.0765034 0.0278622 0.0340428 -0.0568203 -0.0332034 -0.00900996
internal_weight=1028.05 682.442 345.61 24.804 649.945 320.806 8.59593 644.632 32.4967 639.344 312.21 27.9436 11.3733 7.06915 635.462 9.29082 7.50874
internal_count=7176 5686 1490 173 5543 1317 47 5516 143 5483 1270 129 59 40 5461 75 42
is_linear=0
shrinkage=0.05


Tree=9
num_leaves=22
num_cat=0
split_feature=2 35 9 47 25 9 45 56 49 2 40 12 58 45 39 8 9 35 35 38 35
split_gain=1482.42 356.637 96.3568 60.6451 23.4978 17.8073 17.5724 16.1288 37.8103 26.8608 14.5851 8.07172 5.3762 4.23533 2.24541 1.29857 9.24603 2.10408 1.35645 0.828377 0.0188529
threshold=0.26969698071479803 0.90395656228065502 6.5000000000000009 0.84523808956146251 1.0000000180025095e-35 7.5000000000000009 10.076967716217043 2.5000000000000004 0.26785714924335485 0.44722221791744238 2.9414168596267705 1.0000000180025095e-35 1.0000000180025095e-35 16.749684333801273 6.1432809829711923 0.39230769872665411 5.5000000000000009 0.71046555042266857 0.5204589068889619 0.23861283808946612 0.65059012174606334
decision_type=2 2 2 2 2 2 2 2 2 2 2 2 2 2 2 2 2 2 2 2 2
left_child=1 3 7 4 13 -6 19 8 9 12 -3 -4 -2 15 -12 -1 17 18 -17 -5 -20
right_child=2 10 11 6 5 -7 -8 -9 -10 -11 14 -13 -14 -15 -16 16 -18 -19 20 -21 -22
leaf_value=-0.056663119665216345 0.018968336988226583 -0.0089241880094447102 0.031236300553476749 -0.03476610679083722 0.074503503339431329 -0.04855740752958735 0.084086838050517476 0.1002828844213455 0.10470880126912321 0.089980821833587826 0.054716400602965926 -0.050457865399117174 -0.051030798794753474 0.0050371234002079945 0.099926246441166683 0.0059746675234113355 -0.05520012981870584 0.027152857393882176 -0.035291714756124137 0 -0.013441522644755649
leaf_weight=547.83310330659151 3.0129224434494981 3.4811797365546218 3.1247407570481274 3.0684920474886885 5.5301850438117963 4.3870527148246765 9.321381673216818 259.0094615444541 22.296550333499908 5.5740605294704428 8.090533532202242 11.886028960347176 9.3488823547959328 2.5803343653678885 38.160669311881065 3.5392805337905866 50.641176477074623 2.5065117701888076 3.6876130104064941 2.9389228597283363 3.1004558950662613
leaf_count=4900 18 21 21 22 27 31 43 1039 91 23 38 99 70 17 154 26 453 15 29 18 21
internal_value=-0.000552875 -0.0416054 0.0892682 -0.0516732 -0.0541039 0.0201462 0.0441954 0.0954677 0.0626667 0.00736941 0.0861499 -0.0322508 -0.0334531 -0.0553424 0.093449 -0.0556132 -0.0457358 -0.00673838 -0.0170763 -0.020155 -0.028961
internal_weight=1003.12 688.867 314.253 639.135 623.806 9.91724 15.3288 299.242 40.2324 17.9359 49.7324 15.0108 12.3618 613.888 46.2512 611.308 63.475 12.8339 10.3273 6.00741 6.78807
internal_count=7176 5815 1361 5602 5519 58 83 1241 202 111 213 120 88 5461 192 5444 544 91 76 40 50
is_linear=0
shrinkage=0.05


Tree=10
num_leaves=18
num_cat=0
split_feature=6 57 2 57 46 57 49 2 49 35 35 6 38 38 34 57 49
split_gain=1535.96 228.197 87.47 38.457 24.6286 15.1103 30.6507 17.1474 10.8993 7.04597 6.33017 4.69414 1.37327 1.07896 0.90799 1.26474 0.7405
threshold=6.3950443267822275 0.062834918498992934 0.19523809850215915 0.046804908663034446 0.81666666269302379 0.032663283869624145 0.26785714924335485 0.44722221791744238 0.90000000596046459 0.91656225919723522 0.90395656228065502 6.7326085567474374 0.49647887051105505 0.18561584502458575 0.63068181276321422 0.044682001695036895 0.26785714924335485
decision_type=2 2 2 2 2 2 2 2 2 2 2 2 2 2 2 2 2
left_child=1 4 3 -2 8 6 7 11 9 14 12 -4 -3 -13 16 -16 -1
right_child=2 10 5 -5 -6 -7 -8 -9 -10 -11 -12 13 -14 -15 15 -17 -18
leaf_value=-0.056320723170856991 -0.049425050028821457 0.048711836312334132 -0.047674624823654338 0.082991015650885 0.04497301186052699 0.095040506796106719 0.10001612041985485 0.086150490106251032 0.018232260756724995 0.0093990648578736805 0.091367376060844621 0.025197694408914829 0.0041030435929401169 -0.0091312260869641296 -0.042278934003441154 0.0013677452893386996 -0.019941989857511829
leaf_weight=577.24092449992895 16.598308406770233 3.769494116306304 6.3616541251540202 6.9631072878837577 5.4804808497428885 284.76298426091671 18.947143599390984 4.2268903553485861 4.5171370208263388 3.7559954524040213 25.697464942932129 3.4281541407108307 3.4344922602176666 3.6743673160672188 3.1321906074881545 2.3161370232701302 3.2324254214763632
leaf_count=5397 141 20 43 28 27 1142 77 17 26 21 103 20 20 22 28 18 26
internal_value=-0.000558569 -0.0468293 0.0841663 -0.0083029 -0.0538973 0.0909653 0.0574753 0.00873314 -0.0548917 -0.0554902 0.0796368 -0.0195011 0.0311465 0.00788601 -0.05593 -0.0256142 -0.0561614
internal_weight=977.539 632.577 344.963 23.5614 599.675 321.401 36.6382 17.6911 594.195 589.678 32.9015 13.4642 7.20399 7.10252 585.922 5.44833 580.473
internal_count=7176 5686 1490 169 5543 1321 179 102 5516 5490 143 85 40 42 5469 46 5423
is_linear=0
shrinkage=0.05


Tree=11
num_leaves=18
num_cat=0
split_feature=6 57 9 2 46 2 35 49 35 35 20 35 38 34 57 49 35
split_gain=1414.68 213.368 85.1191 27.2505 23.4727 11.0818 14.6275 10.5807 6.88764 5.83615 2.91126 18.3998 1.22169 0.923948 1.21869 0.753413 0.629063
threshold=6.3950443267822275 0.062834918498992934 5.5000000000000009 0.26969698071479803 0.81666666269302379 0.17752101272344592 0.86224648356437694 0.90000000596046459 0.91656225919723522 0.90395656228065502 1.0000000180025095e-35 0.5204589068889619 0.49647887051105505 0.63068181276321422 0.044682001695036895 0.26785714924335485 0.58217728137969982
decision_type=2 2 2 2 2 2 2 2 2 2 2 2 2 2 2 2 2
left_child=1 4 5 -4 7 6 -2 8 13 12 11 -7 -3 15 -15 -1 -13
right_child=2 9 3 -5 -6 10 -8 -9 -10 -11 -12 16 -14 14 -16 -17 -18
leaf_value=-0.055913779645956521 -0.039679553150761104 0.045976658986424029 -0.050243869272081923 0.057672182986067758 0.042459011017520913 0.090328492680313469 0.07997628569150983 0.017342948846910591 0.0089931129130913084 0.087089517081593071 0.091050859846453558 -0.0076775605407338986 0.0039374233982491218 -0.04168479095659583 0.001319125665202852 -0.0193939388266718 0.016162579578322119
leaf_weight=552.99074211716652 3.8668205738067609 3.8513711839914313 15.045562602579595 8.2085086703300458 5.5715179592370978 23.90126296877861 4.4886130392551422 4.5614413768053046 3.7739368677139273 25.661346644163132 277.84342285990715 3.7830043137073499 3.4418816119432449 3.0347252190113059 2.3182312622666359 3.1870094463229171 5.3312065377831459
leaf_count=5397 29 20 137 36 27 100 18 26 21 103 1122 20 20 28 18 26 28
internal_value=-0.000557117 -0.0463 0.0805884 -0.0111369 -0.0534183 0.0872999 0.0257439 -0.0544372 -0.0550548 0.0757618 0.0888505 0.0680543 0.0296071 -0.0555094 -0.0249977 -0.0557487 0.00599224
internal_weight=950.861 608.392 342.468 23.2541 575.438 319.214 8.35543 569.866 565.305 32.9546 310.859 33.0155 7.29325 561.531 5.35296 556.178 9.11421
internal_count=7176 5686 1490 173 5543 1317 47 5516 5490 143 1270 148 40 5469 46 5423 48
is_linear=0
shrinkage=0.05


Tree=12
num_leaves=19
num_cat=0
split_feature=6 57 9 46 57 2 49 35 49 57 35 2 38 45 29 5 49 29
split_gain=1305.8 199.839 77.4875 22.3986 19.4636 29.2753 10.2799 6.73775 6.62816 5.80431 5.43536 2.28016 1.08912 1.05495 3.01332 0.906033 0.773255 0.052134
threshold=6.3950443267822275 0.062834918498992934 6.5000000000000009 0.81666666269302379 0.032663283869624145 0.30217391252517706 0.90000000596046459 0.91656225919723522 0.41666667163372045 0.031786106526851661 0.90395656228065502 0.4083333313465119 0.49647887051105505 12.061657428741457 5.8333332538604745 0.51630628108978283 0.26785714924335485 9.166666507720949
decision_type=2 2 2 2 2 2 2 2 2 2 2 2 2 2 2 2 2 2
left_child=1 3 4 6 5 9 7 13 -4 -2 12 -7 -3 16 -15 -11 -1 -6
right_child=2 10 8 -5 17 11 -8 -9 -10 15 -12 -13 -14 14 -16 -17 -18 -19
leaf_value=-0.055618017779586429 0.03148395777292904 0.043455418503823534 -0.048901091173029688 0.040137696408125756 0.087474615304094228 0.035323018332815176 0.016503656748837307 0.0086059490464438226 0.025290282364361275 -0.044314027966495452 0.083323576124264623 0.086705991361610987 0.0037786856671266538 0.011403274999424083 -0.047448968927093334 -0.0058580741130249752 -0.018858423517448687 0.049639657962738254
leaf_weight=526.64452804625034 3.9441953524947158 3.9270919412374488 11.695203199982641 5.654675066471099 282.19797691702843 5.0742282420396831 4.6034924238920203 3.7910724133253089 3.1584442406892768 6.2825756072998029 25.528349980711937 18.814346790313721 3.4489691108465195 2.5705554485321027 5.6284580826759338 2.7784157171845436 3.1431595161557189 5.0936931520700446
leaf_count=5368 25 20 107 27 1151 23 26 21 19 49 103 76 20 21 54 19 26 21
internal_value=-0.000555072 -0.0457919 0.0773819 -0.052958 0.0825022 0.0460073 -0.0540021 -0.0546398 -0.0322097 -0.0135087 0.072302 0.0778503 0.028166 -0.0551098 -0.0292203 -0.0347734 -0.0554453 0.0869957
internal_weight=923.979 584.94 339.039 552.036 324.185 36.8938 546.381 541.778 14.8536 13.0052 32.9044 23.8886 7.37606 537.987 8.19901 9.06099 529.788 287.292
internal_count=7176 5686 1490 5543 1364 192 5516 5490 126 93 143 99 40 5469 75 68 5394 1172
is_linear=0
shrinkage=0.05


Tree=13
num_leaves=21
num_cat=0
split_feature=6 47 9 42 29 20 8 29 49 9 49 6 3 8 38 42 29 9 9 29
split_gain=1208.17 164.4 70.6642 24.9343 19.4266 17.438 39.5242 15.9886 7.55378 10.0266 6.2994 5.59781 4.99617 2.90482 2.77465 2.26097 1.08042 1.49481 0.833785 0.0418228
threshold=6.3950443267822275 0.81666666269302379 6.5000000000000009 0.39791667461395269 4.1666667461395273 1.0000000180025095e-35 0.5634920895099641 4.8333332538604745 0.26785714924335485 7.5000000000000009 0.41666667163372045 7.0446858406066903 0.73235049843788158 0.63392856717109691 0.39339827001094824 0.4629120826721192 2.1666666269302373 1.5000000000000002 1.0000000180025095e-35 9.416666507720949
decision_type=2 2 2 2 2 2 2 2 2 2 2 2 2 2 2 2 2 2 2 2
left_child=1 3 5 8 12 6 11 -5 16 -10 -4 -2 -3 -8 -6 -9 18 -18 -1 -7
right_child=2 4 10 7 14 19 13 15 9 -11 -12 -13 -14 -15 -16 -17 17 -19 -20 -21
leaf_value=-0.037821150430738908 -0.047555011778419837 0.093267099399690856 -0.048271634729377025 0.073591235712191713 -0.036676018373371526 0.084495203981870812 0.035328726202235664 0.0029041556566002744 0.054707849945782039 -0.04839990165656409 0.02414949267203052 0.023778646920337959 0.037574532778572499 0.085776701215626347 0.016152921445059386 -0.047161485478109375 -0.0071705942891284241 -0.055298220373995614 -0.00076215501493284536 0.047133296267512337
leaf_weight=5.0662080124020568 8.7732976973056775 18.673093631863598 11.278942525386809 5.3968665897846213 3.5678755044937125 274.15033523738384 5.9585849642753628 3.1206334531307203 3.1727363541722289 4.4097780212759972 3.1887078285217276 3.0149727910757056 8.0442555472254735 23.389364987611771 4.4260407239198685 5.0946464836597443 2.1797340363264075 496.61706148833036 2.4554850831627846 4.837046653032302
leaf_count=52 71 77 107 24 28 1134 25 29 19 32 19 19 37 95 23 50 19 5276 20 20
internal_value=-0.000550952 -0.0453028 0.0745431 -0.0522607 0.0587994 0.0794323 0.0468381 0.0133648 -0.0540313 -0.00332668 -0.0314572 -0.0284869 0.0786398 0.0772005 -0.00832619 -0.0293497 -0.0547727 -0.0551127 -0.027819 0.0840359
internal_weight=896.816 562.224 334.591 527.513 34.7113 320.124 41.1362 13.6121 513.901 7.58251 14.4677 11.7883 26.7173 29.3479 7.99392 8.21528 506.318 498.797 7.52169 278.987
internal_count=7176 5686 1490 5521 165 1364 210 103 5418 51 126 90 114 120 51 79 5367 5295 72 1154
is_linear=0
shrinkage=0.05


Tree=14
num_leaves=16
num_cat=0
split_feature=29 49 19 9 5 35 8 56 35 8 5 8 49 8 8
split_gain=1022.02 216.999 93.2298 39.2743 20.3254 17.2857 42.5841 17.0012 13.6798 2.85327 2.4212 2.20049 2.15584 1.8005 0.00182482
threshold=4.8333332538604745 0.18333333730697635 1.0000000180025095e-35 7.5000000000000009 0.70381036400794994 0.76949769258499157 0.48333333432674414 1.0000000180025095e-35 0.91139987111091625 0.63392856717109691 0.45999288558959966 0.16228070110082629 0.26785714924335485 0.73863637447357189 0.21825397014617923
decision_type=2 2 2 2 2 2 2 2 2 2 2 2 2 2 2
left_child=2 4 7 -3 8 6 10 -1 13 12 -4 -7 -8 -2 -9
right_child=1 3 5 -5 -6 11 9 14 -10 -11 -12 -13 -14 -15 -16
leaf_value=0.069798729173000049 -0.054881406394573264 0.083210713748192153 -0.040562791790462335 -0.049797041688587285 0.041840359402338372 0.055825272482521553 0.019109584695970377 -0.053243074148629367 0.024763446863243815 0.081046984959585233 0.0065015344459441087 0.081689099617591091 0.06873240547408542 -0.0018025122667548886 -0.019344041108221015
leaf_weight=2.5106286704540279 480.68684602528811 36.465916320681572 10.037383846938608 5.7812866345047942 4.8666443526744834 19.548288553953171 6.7920131981372815 16.151790708303455 4.8606485128402701 29.31591872125864 3.0717437118291846 241.71002463251352 3.8849261999130249 1.8678065463900555 2.0229953825473777
leaf_count=11 5296 158 92 46 27 93 44 165 27 123 23 1020 16 14 21
internal_value=-0.00054871 -0.0434437 0.0677963 0.0641632 -0.0527999 0.0745633 0.0467716 -0.0335089 -0.0538388 0.0720045 -0.0295011 0.0799932 0.0419335 -0.0546904 -0.0509362
internal_weight=869.575 534.529 335.046 42.2472 492.282 314.36 53.102 20.6854 487.415 39.9929 13.1091 261.258 10.6769 482.555 18.1748
internal_count=7176 5568 1608 204 5364 1411 298 197 5337 183 115 1113 60 5310 186
is_linear=0
shrinkage=0.05


Tree=15
num_leaves=17
num_cat=0
split_feature=6 57 2 35 46 3 6 20 8 38 49 35 57 49 45 34
split_gain=1043.11 166.816 56.1789 27.0475 19.3633 13.7786 37.6077 10.7413 24.237 6.17428 4.738 4.50703 4.02047 3.53061 1.31944 1.55009
threshold=6.3950443267822275 0.061252705752849586 0.19523809850215915 0.79849672317504894 0.81666666269302379 0.45183384418487554 4.3822062015533456 1.0000000180025095e-35 0.5634920895099641 0.15590278059244159 0.26785714924335485 0.92269384860992443 0.014815627597272398 0.26785714924335485 12.061657428741457 0.47222222387790685
decision_type=2 2 2 2 2 2 2 2 2 2 2 2 2 2 2 2
left_child=1 4 3 -2 10 -3 -7 8 9 -4 11 14 -12 -10 -1 -16
right_child=2 5 7 -5 -6 6 -8 -9 13 -11 12 -13 -14 -15 15 -17
leaf_value=-0.054717885416836309 -0.045318934276942377 0.085666637888456479 0.032233915912637766 0.071502998285500136 0.037895762501588645 -0.050522770962019653 0.084245571707677241 0.079213508850226114 0.036584925852663173 -0.044498054400899066 -0.044772312709370113 0.0085020392224522314 0.022233600294100257 0.082001752682061571 -0.043346583941684794 0
leaf_weight=460.3696463778615 14.725617073476316 18.627900071442127 3.0785819590091688 6.232030749320983 5.1552730500698081 8.5515450835227984 10.382176801562307 262.36467462778091 9.0833881199359912 6.5389793068170547 3.2381271272897711 2.4787127524614325 3.7418583855032921 20.992764472961426 3.8811657503247252 3.2345895543694496
leaf_count=5342 143 81 18 26 24 62 44 1125 39 52 24 14 25 87 42 28
internal_value=-0.000540928 -0.0443786 0.069888 -0.00867836 -0.052306 0.0559568 0.0236447 0.0753663 0.0484926 -0.0187427 -0.0533687 -0.0539806 -0.00994014 0.0700648 -0.05434 -0.0255455
internal_weight=842.677 519.661 323.016 20.9576 482.099 37.5616 18.9337 302.058 39.6937 9.61756 476.944 469.964 6.97999 30.0762 467.485 7.11576
internal_count=7176 5686 1490 169 5499 187 106 1321 196 70 5475 5426 49 126 5412 70
is_linear=0
shrinkage=0.05


Tree=16
num_leaves=19
num_cat=0
split_feature=6 35 9 49 2 45 3 9 2 39 5 2 56 35 49 35 29 3
split_gain=970.782 145.827 55.1987 19.8859 19.6049 11.925 13.7403 10.9463 7.98039 10.7657 3.69619 1.60419 1.30209 8.46247 9.90446 1.29505 0.574982 4.25258
threshold=6.3950443267822275 0.90395656228065502 5.5000000000000009 0.90000000596046459 0.26969698071479803 12.061657428741457 0.35329985618591314 3.5000000000000004 0.17752101272344592 6.0049650669097909 0.28112086653709417 0.41885964572429663 2.5000000000000004 0.5204589068889619 0.41666667163372045 0.89848890900611889 4.8333332538604745 0.3298212736845017
decision_type=2 2 2 2 2 2 2 2 2 2 2 2 2 2 2 2 2 2
left_child=1 3 8 5 -4 11 -7 -3 9 -2 -8 15 13 -10 -15 16 17 -1
right_child=2 7 4 -5 -6 6 10 -9 12 -11 -12 -13 -14 14 -16 -17 -18 -19
leaf_value=0.0074036261986718966 -0.038687027488309537 0.074163517176559696 -0.047765153912101399 0.03708620772127956 0.046788253340676447 0.075269904416035885 -0.050271518812442018 0.0002380295492181452 0.076047298235338665 0.066686711814437014 0.01668547330005345 -0.0028940328819721702 0.076625933939649796 -0.018009727959652274 0.06997790441084159 -0.0063052226774149124 -0.054514172645695386 -0.048290640738007026
leaf_weight=3.5045788735151318 3.5262724235653868 24.630298554897312 12.694793663918974 5.605402171611785 8.1416494101285917 3.0406194925308219 6.8759353011846525 6.4004240930080405 23.013785749673843 4.2882910668849945 2.1028289645910263 1.892452336847781 253.4697200357914 6.6263258382678014 4.5827318578958511 1.9648778364062298 418.59436055272818 24.378241822123528
leaf_count=33 29 105 137 30 36 16 66 39 100 18 15 16 1112 39 19 17 5085 264
internal_value=-0.000534005 -0.043952 0.067859 -0.0509386 -0.0101396 -0.0520943 -0.00230625 0.0595552 0.0733913 0.0195756 -0.0339885 -0.053404 0.0747629 0.0590385 0.020339 -0.0535992 -0.0537816 -0.0411034
internal_weight=815.334 498.99 316.344 467.959 20.8364 462.354 12.0194 31.0307 295.507 7.81456 8.97876 450.335 287.693 34.2228 11.2091 448.442 446.477 27.8828
internal_count=7176 5686 1490 5542 173 5512 97 144 1317 47 81 5415 1270 158 58 5399 5382 297
is_linear=0
shrinkage=0.05


Tree=17
num_leaves=19
num_cat=0
split_feature=6 57 9 47 57 8 3 6 39 8 49 9 57 39 8 5 38 45
split_gain=904.327 150.227 51.2177 14.8103 14.0711 22.3283 11.6883 33.1385 8.37611 5.21331 4.62813 6.40339 3.74933 2.19927 2.1123 1.18482 0.429729 0.232976
threshold=6.3950443267822275 0.061252705752849586 6.5000000000000009 0.81666666269302379 0.032663283869624145 0.5634920895099641 0.45183384418487554 4.3822062015533456 6.0049650669097909 0.5634920895099641 0.26785714924335485 7.5000000000000009 0.031786106526851661 7.0446858406066903 0.61250001192092907 0.54739442467689525 0.11696306616067888 14.977869510650637
decision_type=2 2 2 2 2 2 2 2 2 2 2 2 2 2 2 2 2 2
left_child=1 3 4 10 5 12 -3 -8 -5 16 13 -12 -2 17 -7 -14 -4 -1
right_child=2 6 9 8 -6 14 7 -9 -10 -11 11 -13 15 -15 -16 -17 -18 -19
leaf_value=-0.053940647598740288 0.023316438718798543 0.080574978802531019 -0.014032810982424045 -0.036537001366961815 0.074319116746858815 0.028338157337540783 -0.049375541555330228 0.079419558013250513 0.052232350873268468 0.03067553155380226 0.038960785206762702 -0.046509274112839019 -0.043214093747598478 -0.0074795488247994231 0.074967614703738139 -0.00049646099689842416 -0.049268015038609489 -0.015177833315252713
leaf_weight=422.39957351237535 3.3712290227413169 18.172140777111053 2.5655058547854415 3.9825773537158948 261.49771554768085 5.1932845711708095 8.0947986543178576 10.1558271497488 4.7018042951822281 2.14682912826538 2.8878229409456244 4.0185155421495438 6.1053392291069013 3.1777886599302283 17.825453758239746 2.4453705027699471 8.2148779779672605 1.6862512454390515
leaf_count=5344 23 81 25 35 1172 22 62 44 21 10 17 32 53 33 76 18 91 17
internal_value=-0.00052409 -0.0435163 0.0659901 -0.0515634 0.070245 0.0383957 0.0529551 0.0224372 0.011438 -0.0292594 -0.0528584 -0.00973079 -0.0160069 -0.0535195 0.0662735 -0.0328521 -0.0432102 -0.0538343
internal_weight=788.643 479.277 309.366 442.854 296.438 34.9407 36.4228 18.2506 8.68438 12.9272 434.17 6.90634 11.9219 427.264 23.0187 8.55071 10.7804 424.086
internal_count=7176 5686 1490 5499 1364 192 187 106 56 126 5443 49 94 5394 98 71 116 5361
is_linear=0
shrinkage=0.05


Tree=18
num_leaves=18
num_cat=0
split_feature=57 8 8 3 49 8 8 9 57 45 35 57 29 8 29 35 49
split_gain=783.417 159.353 83.4489 53.3523 35.0879 12.5197 11.3397 7.47254 6.90565 4.47912 3.85441 2.57592 1.73312 4.68638 1.5483 0.85919 0.446016
threshold=0.046804908663034446 0.63392856717109691 0.240384615957737 1.0000000180025095e-35 0.90000000596046459 0.32291667163372045 0.16228070110082629 6.5000000000000009 0.062357790768146522 10.161285400390627 0.91139987111091625 1.0000000180025095e-35 4.1666667461395273 0.48333333432674414 7.8333332538604745 0.54857087135314953 0.26785714924335485
decision_type=2 2 2 2 2 2 2 2 2 2 2 2 2 2 2 2 2
left_child=1 4 3 9 10 -6 -5 -3 -8 -2 11 -1 13 -13 -4 -15 -14
right_child=2 7 14 6 5 -7 8 -9 -10 -11 -12 12 16 15 -16 -17 -18
leaf_value=0.0365196615368941 0.006043325671616636 0.072121744753443295 0.07373344676514991 -0.054579892382656973 -0.03658391018418071 0.064293693102343147 -0.033118948455453594 -0.0011165687197012017 0.052677691442367919 0.080005242218416095 0.015173726036703684 -0.04756772540487178 -0.053863530923063944 0.017638929125679256 0.033446025546844241 -0.015944023968432013 -0.019649053606790284
leaf_weight=0.09195108711719413 2.7300957739353207 28.660903736948967 249.96802075952291 23.323291555047039 3.7509097382426253 8.2592089623212797 3.3832113072276107 3.7601569592952719 4.0728076323866844 14.430359438061712 1.5931931436061848 17.662249304354194 386.52613047510386 3.3924764618277541 5.2610783278942099 2.3038924559950829 2.9032308310270301
leaf_count=1 25 130 1154 248 28 37 40 36 19 65 10 204 5078 23 35 18 25
internal_value=-0.000521365 -0.0417011 0.0617279 0.00105325 -0.0498555 0.0320137 -0.0379337 0.0636988 0.013843 0.0694945 -0.0523112 -0.0526198 -0.0527399 -0.0354256 0.0730563 0.00295701 -0.0536722
internal_weight=762.073 458.904 303.169 47.9398 426.483 12.0101 30.7793 32.4211 7.45602 17.1605 414.473 412.88 412.788 23.3586 255.229 5.69637 389.429
internal_count=7176 5590 1586 397 5424 65 307 166 59 90 5359 5349 5348 245 1189 41 5103
is_linear=0
shrinkage=0.05


Tree=19
num_leaves=21
num_cat=0
split_feature=6 35 9 47 49 49 39 45 2 39 29 2 20 35 29 35 9 38 35 35
split_gain=789.844 122.698 43.9908 22.568 16.5587 9.30415 8.6887 7.95585 6.92991 9.1364 5.22531 3.20318 2.55199 12.5549 1.60899 1.72037 1.60126 0.562371 0.483788 0.390268
threshold=6.3950443267822275 0.90395656228065502 5.5000000000000009 0.86607143282890331 0.26785714924335485 0.90000000596046459 6.1432809829711923 10.161285400390627 0.17752101272344592 6.0049650669097909 4.4166667461395273 0.41885964572429663 1.0000000180025095e-35 0.5204589068889619 2.1666666269302373 0.67986088991165172 1.5000000000000002 0.31909090280532842 0.58217728137969982 0.89848890900611889
decision_type=2 2 2 2 2 2 2 2 2 2 2 2 2 2 2 2 2 2 2 2
left_child=1 3 8 5 17 11 10 -5 9 -2 -3 14 13 -10 15 -1 -16 -4 -15 -18
right_child=2 6 4 7 -6 -7 -8 -9 12 -11 -12 -13 -14 18 16 -17 19 -19 -20 -21
leaf_value=-0.035577365153212498 -0.037885768045132273 0.043037017683469646 -0.047342702116692406 -0.025341763653446508 0.047318522458899885 0.016134919393924311 0.07104965276097748 0.054954022631169247 0.069925820835371411 0.061102365177955115 -0.028055118456303735 0.0052741725941473604 0.071442702277614747 -0.013300540329816569 -0.0036722560738624401 0.014023181298499303 -0.053640188360100718 -0.006194734351173516 0.0083237398359802851 -0.010906105735580192
leaf_weight=4.6582003161311141 3.3448014780879012 4.3585243970155734 10.745856508612635 4.6329989209771139 7.0956820771098128 4.464613899588584 21.045219451189041 5.9649657011032104 21.957749202847484 4.0757039934396744 3.9863141924142838 2.0531851798295966 236.90645754337311 3.5778030231595022 1.9871834591031063 1.715662285685539 385.59027904272079 1.5580361187458027 4.847698412835598 1.4062921479344357
leaf_count=57 29 19 122 38 37 25 95 28 100 18 30 17 1122 20 19 16 5327 14 28 15
internal_value=-0.000514832 -0.0427466 0.0628461 -0.0498047 -0.00925761 -0.0517106 0.0545253 0.0202624 0.0679711 0.0166892 0.00917333 -0.0525239 0.0693087 0.0507636 -0.0528493 -0.0214571 -0.0532945 -0.0433653 -0.000765215 -0.0535263
internal_weight=735.973 441.863 294.11 412.473 19.3996 401.875 29.3901 10.598 274.71 7.42051 8.34484 397.411 267.29 30.3833 395.358 6.37386 388.984 12.3039 8.4255 386.997
internal_count=7176 5686 1490 5542 173 5476 144 66 1317 47 49 5451 1270 148 5434 73 5361 136 48 5342
is_linear=0
shrinkage=0.05


Tree=20
num_leaves=17
num_cat=0
split_feature=6 57 9 8 35 3 20 8 47 35 38 25 8 2 57 45
split_gain=738.566 92.3776 80.0666 18.131 11.5739 11.217 10.9209 20.2758 6.77336 5.69645 3.8815 3.18225 2.24138 0.765953 0.336755 0.339595
threshold=6.071730613708497 0.062834918498992934 5.5000000000000009 0.5634920895099641 0.91656225919723522 0.50926244258880626 1.0000000180025095e-35 0.5634920895099641 0.86607143282890331 0.5204589068889619 0.40967366099357611 1.0000000180025095e-35 0.63392856717109691 0.26969698071479803 0.062134975567460067 16.215046882629398
decision_type=2 2 2 2 2 2 2 2 2 2 2 2 2 2 2 2
left_child=1 4 6 13 8 -3 7 9 11 -2 -10 14 -9 -4 15 -1
right_child=2 5 3 -5 -6 -7 -8 12 10 -11 -12 -13 -14 -15 -16 -17
leaf_value=-0.053089596172124442 0.024248248666283272 0.070007140231770321 -0.049625551183506901 0.041319018943378458 0.021440267424197846 -0.0044629131037282237 0.070123687581326755 0.022420432223227895 -0.034197301462296541 -0.048633891079933836 0.033201331083954802 0.0055845911781736328 0.06892084362345223 -0.01208778312240294 -0.012294495099623867 -0.012090922646037292
leaf_weight=365.60490783303976 3.4211046397685987 17.021805971860889 17.757046461105354 7.3639051020145407 4.8959930241107932 6.6988162323832503 243.11094950139523 4.8117121607065227 3.3202255442738524 6.1179903447628021 3.2204725816845894 2.0061603412032118 19.481975391507149 2.6921567469835272 1.5282349586486805 1.5009089708328236
leaf_count=5285 22 79 219 37 26 37 1180 23 31 60 17 15 89 23 17 16
internal_value=-0.000506346 -0.0446447 0.0582033 -0.0218606 -0.0506129 0.0494444 0.0663117 0.0375498 -0.0516157 -0.0222003 -0.000346751 -0.0525036 0.061159 -0.0457107 -0.0528475 -0.0529689
internal_weight=710.554 405.798 304.757 27.8131 382.077 23.7206 276.944 33.8328 377.181 9.53909 6.5407 370.64 24.2937 20.4492 368.634 367.106
internal_count=7176 5523 1653 279 5407 116 1374 194 5381 82 48 5333 112 242 5318 5301
is_linear=0
shrinkage=0.05


Tree=21
num_leaves=23
num_cat=0
split_feature=6 57 9 8 34 4 57 8 4 57 25 8 5 57 39 5 4 57 42 6 6 57
split_gain=691.181 87.312 74.6585 16.9777 10.7648 10.5251 10.0217 17.8261 4.74494 12.1628 3.0191 2.84522 1.98554 1.74007 0.928604 0.716014 0.675805 0.637539 0.530287 0.422649 0.21724 0.211264
threshold=6.071730613708497 0.062834918498992934 5.5000000000000009 0.5634920895099641 0.68333333730697643 0.50926244258880626 0.044130235910415656 0.48333333432674414 0.30417390167713171 0.046144818887114532 1.0000000180025095e-35 0.63392856717109691 0.20603395998477939 0.031910113990306861 5.8278791904449472 0.61986863613128673 0.68778669834136974 0.032154673710465438 0.18561584502458575 5.9423835277557382 6.0049650669097909 0.032154673710465438
decision_type=2 2 2 2 2 2 2 2 2 2 2 2 2 2 2 2 2 2 2 2 2 2
left_child=1 4 6 15 8 -3 7 13 9 12 19 17 18 -2 -11 16 -4 -9 -1 -10 -21 -15
right_child=2 5 3 -5 -6 -7 -8 11 10 14 -12 -13 -14 21 -16 -17 -18 -19 -20 20 -22 -23
leaf_value=-0.05086381003268578 0.0071696295069678551 0.068073492661986326 -0.01503269851967338 0.039486487158769457 0.036230509003606574 -0.0042724406408541143 0.06889049998099582 0.03916405022161526 -0.053378333955427827 0.0052646388154405739 0.0039536013203773012 0.067468812197247027 0.0059832945488978518 -0.013400731053986849 0.05186983835290291 -0.004340664899152637 -0.052254886923156767 0.0087289994783289419 -0.0065434094479135466 -0.0062741103410567326 -0.034399924046007613 -0.046550581603815228
leaf_weight=18.488733433187019 2.5855548754334432 16.667463496327404 2.8435890376567938 7.3666936829686156 2.8368136733770362 6.6923381090164176 231.71169240772724 4.7517730072140711 330.52212906628847 2.2076468244194976 2.0364854261279097 20.271158710122108 1.4104744791984547 2.3749065697193146 2.7646922692656517 1.4890853837132443 15.401606149971483 4.2299350723624229 1.3032194972038258 2.2965351417660704 1.9942795038223264 3.2649823278188705
leaf_count=280 22 79 35 37 13 37 1161 24 4956 24 15 95 18 22 20 15 192 24 20 32 29 26
internal_value=-0.00050161 -0.0442665 0.0569286 -0.0213614 -0.0502739 0.0478173 0.0648789 0.038801 -0.0510613 -0.0283262 -0.052724 0.0567237 -0.0446762 -0.0236364 0.0363611 -0.0451256 -0.047796 0.027642 -0.048641 -0.0530944 -0.0243225 -0.037465
internal_weight=685.512 389.221 296.291 27.101 365.861 23.3598 269.19 37.4783 363.024 26.1748 336.849 29.2529 21.2024 8.22544 4.97234 19.7343 18.2452 8.98171 19.792 334.813 4.29081 5.63989
internal_count=7176 5523 1653 279 5407 116 1374 213 5394 362 5032 143 318 70 44 242 227 48 300 5017 61 48
is_linear=0
shrinkage=0.05


Tree=22
num_leaves=21
num_cat=0
split_feature=6 57 9 3 8 6 34 57 8 35 49 49 35 2 46 29 3 2 49 57
split_gain=647.144 82.6856 69.7971 19.5906 15.9061 12.0586 11.1707 9.856 16.6006 4.05862 4.50938 3.93854 8.23997 1.80349 1.4038 0.920703 3.84563 0.802271 0.173378 0.161099
threshold=6.071730613708497 0.061252705752849586 5.5000000000000009 0.54457995295524608 0.5634920895099641 4.3822062015533456 0.68333333730697643 0.044130235910415656 0.48333333432674414 0.92269384860992443 0.90000000596046459 0.26785714924335485 0.52259087562561046 0.19523809850215915 0.86607143282890331 3.8333333730697636 0.35329985618591314 0.26969698071479803 0.26785714924335485 0.047193117439746864
decision_type=2 2 2 2 2 2 2 2 2 2 2 2 2 2 2 2 2 2 2 2
left_child=1 6 7 -3 17 -5 9 8 13 10 14 12 -10 -2 15 16 -1 -4 -17 -18
right_child=2 3 4 5 -6 -7 -8 -9 11 -11 -12 -13 -14 -15 -16 18 19 -19 -20 -21
leaf_value=0.019436138328889262 -0.044867172718274645 0.067697288603904907 -0.048720695798636679 -0.055176353522990954 0.037752279886984597 0.056262790593984383 0.039401286550510478 0.067602984362102228 0.060337519995281877 0.0082338747114009195 0.024702800493849725 0.069955878357861906 -0.020252958706668128 0 -0.00070482705313593098 -0.05316829798119465 -0.048122807026347532 -0.010812151682850409 -0.016134966272119414 -0.011739696715849658
leaf_weight=2.2188957706093779 3.6395147740840894 18.150644756853584 16.436793051660068 6.3632407933473569 7.3657844215631476 2.651538223028183 2.6793709546327582 224.51988331973553 6.5500946938991564 2.4376303553581229 1.2884285748004902 17.536509960889816 4.6745403483510017 4.4815516918897629 1.5438005626201619 324.01456052809954 8.6805328577756864 2.6306623741984358 1.7693138271570195 1.5170039832591999
leaf_count=23 39 90 219 56 37 12 12 1161 31 14 7 84 28 31 8 5141 124 23 18 18
internal_value=-0.000496947 -0.0438918 0.0557249 0.0388993 -0.0208856 -0.0195542 -0.0504969 0.0635409 0.0375494 -0.0513251 -0.0517882 0.0550169 0.027455 -0.023014 -0.0521646 -0.052382 -0.032262 -0.0445392 -0.0530325 -0.0446887
internal_weight=661.15 373.315 287.835 27.1654 26.4332 9.01478 346.15 261.402 36.8822 343.47 341.033 28.7611 11.2246 8.12107 339.744 338.2 12.4164 19.0675 325.784 10.1975
internal_count=7176 5523 1653 158 279 68 5365 1374 213 5353 5339 143 59 70 5332 5324 165 242 5159 142
is_linear=0
shrinkage=0.05


Tree=23
num_leaves=17
num_cat=0
split_feature=57 2 8 3 49 5 2 45 8 35 45 5 29 38 57 29
split_gain=566.615 118.276 69.7116 41.6294 25.1897 14.9353 13.8565 5.07697 3.99562 2.76755 2.16221 1.90451 1.43906 6.12345 1.40689 0.951567
threshold=0.046144818887114532 0.4083333313465119 0.240384615957737 1.0000000180025095e-35 0.18333333730697635 0.44504831731319433 0.19523809850215915 10.161285400390627 0.63392856717109691 0.91139987111091625 17.72591590881348 0.70381036400794994 4.4166667461395273 0.13182721287012103 0.029662004671990875 7.8333332538604745
decision_type=2 2 2 2 2 2 2 2 2 2 2 2 2 2 2 2
left_child=1 4 3 7 9 10 14 -2 -3 11 -5 12 13 -1 -6 -4
right_child=2 8 15 5 6 -7 -8 -9 -10 -11 -12 -13 -14 -15 -16 -17
leaf_value=0.020317082896132262 0 0.01102250838682018 0.066860041178600824 -0.052930197400393231 -0.046458219259119707 0.056540346514605225 0.058751549559203808 0.072028307444034184 0.067545131301600919 0.0083224818926145912 0.0027892694333626002 0.0028714801521777448 -0.052943238738493208 -0.047038177527919389 0 0.03025062473289741
leaf_weight=3.5197828970849541 3.0857803747057941 4.3705561757087734 217.56743624061346 24.635488260537393 4.7075792253017408 2.9028766453266135 7.5031761303544044 13.51052178442478 22.265623360872269 1.5274930223822583 1.5819151997566212 1.3155521750450123 306.37643526867032 15.412497147917746 2.1229837462306023 4.6708311885595313
leaf_count=34 31 29 1165 323 45 14 35 66 111 10 10 13 5037 201 17 35
internal_value=-0.000490356 -0.0406307 0.0547319 -0.00138222 -0.048558 -0.0371517 0.0151328 0.0596402 0.0591861 -0.0513927 -0.0494055 -0.0517118 -0.051956 -0.033874 -0.0335266 0.066252
internal_weight=637.077 369.122 267.955 45.7166 342.485 29.1203 14.3337 16.5963 26.6362 328.152 26.2174 326.624 325.309 18.9323 6.83056 222.238
internal_count=7176 5532 1644 444 5392 347 97 97 140 5295 333 5285 5272 235 62 1200
is_linear=0
shrinkage=0.05


Tree=24
num_leaves=23
num_cat=0
split_feature=6 57 9 3 2 6 34 20 38 49 49 49 42 42 57 46 5 57 29 57 29 49
split_gain=570.642 74.3398 61.2991 17.0652 13.562 10.695 10.4102 9.62469 13.8255 9.47073 9.38111 3.60144 2.71189 3.16558 2.54605 1.66617 1.66118 0.209061 0.155177 0.148394 5.103 0.149249
threshold=6.071730613708497 0.061252705752849586 5.5000000000000009 0.54457995295524608 0.26969698071479803 4.3822062015533456 0.68333333730697643 1.0000000180025095e-35 0.13182721287012103 0.26785714924335485 0.26785714924335485 0.90000000596046459 0.39791667461395269 0.4629120826721192 1.0000000180025095e-35 0.86607143282890331 0.60158732533454906 0.013793759513646366 9.166666507720949 0.047378849238157279 4.4166667461395273 0.26785714924335485
decision_type=2 2 2 2 2 2 2 2 2 2 2 2 2 2 2 2 2 2 2 2 2 2
left_child=1 6 7 -3 17 -5 11 8 -2 -6 16 12 14 -14 -1 19 -10 -4 -9 21 -21 -16
right_child=2 3 4 5 9 -7 -8 18 10 -11 -12 -13 13 -15 15 -17 -18 -19 -20 20 -22 -23
leaf_value=0.036562248355590993 0.060647612654293664 0.06433171863550434 -0.012503889588820018 -0.053818074186636977 -0.032745388127875079 0.052553600379304913 0.037128199072101041 0.065633742123976629 -0.045035630859076532 0.060259313747820335 0.051070139898048254 0.015455990900062506 0.023666078909936362 -0.041196857077684973 -0.052936242995939846 0 0 -0.050544536856607369 0.033689656552462519 0.024968188146437517 -0.04936295281192201 -0.016608613542932592
leaf_weight=0.091483235359190895 17.997017495334152 17.358763761818413 1.5479944050312067 5.9778188765048963 3.6235381662845594 2.6034491956233978 2.6671832501888266 209.99536322057247 6.4251285642385465 5.9456014484167099 3.9634905308485022 1.5139446854591359 2.4630742929875842 3.1478461921215057 290.55551103875041 1.365073651075362 2.7876369208097458 13.866316821426151 4.288943573832511 2.0860440097749224 11.480787374079226 1.8123121410608281
leaf_count=1 93 90 18 56 32 12 12 1159 64 26 20 8 27 45 5043 7 17 203 21 24 179 19
internal_value=-0.000475045 -0.0432382 0.0537219 0.0369299 -0.0200564 -0.0189076 -0.0499057 0.0613025 0.0333153 0.0248022 -0.00530906 -0.050775 -0.0511594 -0.0126943 -0.0518019 -0.0519629 -0.0326796 -0.0480234 0.0651771 -0.0522085 -0.0366611 -0.0527855
internal_weight=613.564 343.123 270.441 25.94 24.9835 8.58127 317.183 245.458 31.1733 9.56914 13.1763 314.516 313.002 5.61092 307.391 307.3 9.21277 15.4143 214.284 305.935 13.5668 292.368
internal_count=7176 5523 1653 158 279 68 5365 1374 194 58 101 5353 5345 72 5273 5272 81 221 1180 5265 203 5062
is_linear=0
shrinkage=0.05


Tree=25
num_leaves=22
num_cat=0
split_feature=6 57 9 4 8 6 34 20 35 49 35 49 57 34 57 38 36 29 49 39 57
split_gain=535.56 70.5323 57.489 15.8207 13.2631 10.6063 10.0076 9.34693 15.4462 8.91063 3.98457 4.27335 2.52123 1.51052 1.40025 0.988127 0.800198 0.211423 0.142288 0.0456447 0.0182841
threshold=6.071730613708497 0.061252705752849586 5.5000000000000009 0.45183384418487554 0.5634920895099641 4.3822062015533456 0.68333333730697643 1.0000000180025095e-35 0.5204589068889619 0.26785714924335485 0.92269384860992443 0.90000000596046459 1.0000000180025095e-35 0.63068181276321422 0.045553633943200118 0.12060606107115747 0.93405798077583324 9.166666507720949 0.26785714924335485 7.0446858406066903 0.013986697886139156
decision_type=2 2 2 2 2 2 2 2 2 2 2 2 2 2 2 2 2 2 2 2 2
left_child=1 6 7 -3 16 -5 10 8 15 -10 11 12 -1 18 -15 -2 20 -9 19 -14 -4
right_child=2 3 4 5 -6 -7 -8 17 9 -11 -12 -13 13 14 -16 -17 -18 -19 -20 -21 -22
leaf_value=0.036317242718445018 0.063326600576568498 0.066178986824214719 -0.015972077460953155 -0.04613899056578051 0.033981388190032012 0.053041768386609595 0.035702511218410886 0.064615908647282699 -0.044687260156578514 0.045507794249351523 0.0087939474277282555 0.023244770625775808 -0.052319724491135144 -0.034639205837487357 0.01573575425003379 0.023572848055997322 -0.0040646397007127076 0.032559158080661642 -0.016212079009034232 -0.019420831691691457 -0.048802077961852534
leaf_weight=0.094174191355704262 16.105991326272495 15.44662965834141 1.784907728433615 6.7785856835544092 7.1461497694253913 3.130861684679985 2.6747357696294776 202.83536744117737 7.3094036579132062 3.1063487529754639 2.3921910524368277 1.3070356249809254 289.49375974014401 2.0155242048203941 1.5767281875014303 4.0161720700561991 1.6895124092698086 4.2516496479511252 1.7888683527708042 2.1244689598679534 13.634414378553627
leaf_count=1 84 81 22 62 37 15 12 1159 69 16 14 7 5235 32 14 25 19 21 19 31 201
internal_value=-0.000463175 -0.0429027 0.0527666 0.035993 -0.0197104 -0.0123552 -0.0496078 0.060237 0.0324072 -0.0157198 -0.0504988 -0.0510186 -0.0514389 -0.0516053 -0.0128278 0.0571206 -0.0430509 0.0641414 -0.0520179 -0.0521643 -0.0465105
internal_weight=590.703 328.824 261.88 25.3561 24.255 9.90945 303.467 237.625 30.5379 10.4158 300.793 298.401 297.094 296.999 3.59225 20.1222 17.1088 207.087 293.407 291.618 15.4193
internal_count=7176 5523 1653 158 279 77 5365 1374 194 85 5353 5339 5332 5331 46 109 242 1180 5285 5266 223
is_linear=0
shrinkage=0.05


Tree=26
num_leaves=19
num_cat=0
split_feature=57 2 2 3 49 2 5 47 35 2 35 2 5 57 35 9 57 57
split_gain=469.874 101.483 53.6114 42.1253 22.2682 11.6916 5.10843 3.30782 5.15823 3.02761 2.67036 2.38409 2.03449 1.29355 1.06406 5.73837 0.682829 0.43113
threshold=0.046144818887114532 0.4083333313465119 0.10912698507308961 0.384968250989914 0.18333333730697635 0.19523809850215915 0.36127844452857977 0.77500000596046459 0.89848890900611889 0.45804196596145635 0.91139987111091625 0.18350168317556384 0.71902412176132213 0.029662004671990875 0.42550456523895269 4.5000000000000009 0.064429733902215972 0.014185110572725536
decision_type=2 2 2 2 2 2 2 2 2 2 2 2 2 2 2 2 2 2
left_child=1 4 3 7 10 13 16 8 -2 -3 12 -4 14 -6 15 -1 -5 -17
right_child=2 9 11 6 5 -7 -8 -9 -10 -11 -12 -13 -14 -15 -16 17 -18 -19
leaf_value=0.028159664228212297 -0.020785573222986492 0.015472541546910504 0.031767326351643581 -0.052971473084829857 -0.045371774662227193 0.053937799569560463 0.028158525635640221 0.069438144090764251 0.059299925771956169 0.064594711806832836 0.0086114259529580014 0.064048231277178846 0.0069095725719821024 0 -0.052151351622756414 -0.0075075417337039738 -0.0059883285619304252 -0.049375199349417559
leaf_weight=2.4367032945156089 3.2427976913750181 4.9223550334572819 9.6269611380994302 20.056452527642257 4.3927707076072675 7.2481843531131744 1.5498029254376877 12.31113214045763 2.9110004454851151 19.816532611846924 1.4776553288102139 191.72286007553339 1.1343008130788792 2.1002460978925228 269.99521673843265 1.3740117289125908 1.3389974385499943 10.966642405837773
leaf_count=23 38 33 71 299 45 35 12 64 15 107 10 1138 11 17 5029 26 7 196
internal_value=-0.000445282 -0.0396348 0.0520864 0.000128131 -0.0476672 0.0133698 -0.0441674 0.0548696 0.0193929 0.0559959 -0.0506393 0.0626941 -0.0509919 -0.0324037 -0.0512634 -0.0324454 -0.0506531 -0.0460006
internal_weight=568.625 325.865 242.76 41.4102 301.126 13.7412 22.9453 18.4649 6.1538 24.7389 287.385 201.35 285.907 6.49302 284.773 14.7774 21.3954 12.3407
internal_count=7176 5532 1644 435 5392 97 318 117 53 140 5295 1209 5285 62 5274 245 306 222
is_linear=0
shrinkage=0.05


Tree=27
num_leaves=21
num_cat=0
split_feature=6 57 9 3 8 34 6 20 35 49 35 49 29 3 57 38 35 35 29 49
split_gain=473.792 63.6668 51.0902 14.1401 11.7546 9.27844 9.03705 8.46993 13.6095 7.90472 3.82481 4.12727 1.75225 4.81484 1.07439 0.83128 0.770743 0.935871 0.472233 0.41492
threshold=6.071730613708497 0.061252705752849586 5.5000000000000009 0.54457995295524608 0.5634920895099641 0.68333333730697643 4.3822062015533456 1.0000000180025095e-35 0.5204589068889619 0.26785714924335485 0.92269384860992443 0.90000000596046459 4.8333332538604745 0.26764950156211859 0.047378849238157279 0.12060606107115747 0.69127148389816295 0.42550456523895269 9.5833334922790545 0.26785714924335485
decision_type=2 2 2 2 2 2 2 2 2 2 2 2 2 2 2 2 2 2 2 2
left_child=1 5 7 -3 16 10 -5 8 15 -10 11 12 13 -1 -15 -2 17 -4 -9 -14
right_child=2 3 4 6 -6 -7 -8 18 9 -11 -12 -13 19 14 -16 -17 -18 -19 -20 -21
leaf_value=0.023500157826126505 0.060953913319880516 0.060140980886389223 -0.0062181652290294953 -0.052015967584012758 0.03159329344144883 0.033520615489109833 0.047859598367635932 0.062852132763979759 -0.04325669238495411 0.043310783451621093 0.0081641854189854531 0.022407653042927529 -0.052413365505180498 -0.046668196844287663 -0.0032500952759835521 0.022935485394189076 -0.00021012690446826061 -0.049938055489843529 0.027892222122119059 -0.010348060958131644
leaf_weight=2.5765954144299057 15.260981656610971 16.168386794626716 1.9791433103382612 5.4673970229923716 7.0162841379642478 2.6485157012939444 2.5166711509227753 189.17002867162228 6.8970293663442117 2.9797113314270973 2.3948435187339774 1.3139946311712254 251.49755164608359 14.128132890909912 2.0237393155693999 3.9379569999873629 1.2655883580446232 12.707572795450686 3.7532028853893271 1.4394843205809582
leaf_count=28 84 90 26 56 37 12 12 1161 69 16 14 7 5022 241 25 25 13 203 19 16
internal_value=-0.00042852 -0.0422692 0.051125 0.0343673 -0.0189944 -0.049044 -0.0181545 0.0584548 0.0312608 -0.0150996 -0.0499746 -0.0505309 -0.0509829 -0.0320238 -0.0420263 0.0549249 -0.0420905 -0.0451372 0.0623451 -0.0522354
internal_weight=547.143 302.175 244.967 24.1525 22.9686 278.023 7.98407 221.999 29.0757 9.87674 275.374 272.979 271.666 18.7285 16.1519 19.1989 15.9523 14.6867 192.923 252.937
internal_count=7176 5523 1653 158 279 5365 68 1374 194 85 5353 5339 5332 294 266 109 242 229 1180 5038
is_linear=0
shrinkage=0.05


Tree=28
num_leaves=17
num_cat=0
split_feature=57 8 8 3 49 8 8 9 39 39 35 35 9 8 35 8
split_gain=415.323 91.9629 52.0137 31.0903 19.1502 9.25946 6.47423 3.58645 3.07352 3.01332 2.09717 1.46583 4.75687 0.536525 0.141997 0.0682272
threshold=0.046144818887114532 0.63392856717109691 0.240384615957737 1.0000000180025095e-35 0.90000000596046459 0.16228070110082629 0.48333333432674414 6.5000000000000009 6.0049650669097909 5.7251572608947763 0.91656225919723522 0.42550456523895269 4.5000000000000009 0.32291667163372045 0.41118326783180242 0.61250001192092907
decision_type=2 2 2 2 2 2 2 2 2 2 2 2 2 2 2 2
left_child=1 4 3 9 10 -5 -6 -3 -7 -2 11 12 -1 -4 -14 -13
right_child=2 7 13 5 6 8 -8 -9 -10 -11 -12 15 14 -15 -16 -17
leaf_value=0.025916483234374479 0.0063266000539665551 0.059455364566084058 0.026981728708708793 -0.052113799726389548 -0.020037972986866909 -0.024850905710389851 0.054687616541948564 4.3028847334022753e-05 0.039504909146518358 0.064108762509681103 0.0086936947986548663 -0.051180258108989074 -0.045599845712226542 0.062080625168360604 -0.01173347703401814 -0.012640621459165209
leaf_weight=2.3973496593534938 3.2627993896603575 21.299332886934284 3.7644934654235831 18.745387092232708 4.7003779485821706 2.040500007569789 5.0248866379261017 3.0587506033480159 3.8985737301409245 11.855204209685324 1.1060756295919407 249.86271796002984 9.5268193222582322 183.01816350966692 1.6253743767738331 1.2253098785877217
leaf_count=23 29 125 30 286 37 32 23 36 29 68 7 5056 179 1170 33 13
internal_value=-0.000413332 -0.0389778 0.0505418 -0.00122415 -0.0472442 -0.0354708 0.0196044 0.0524878 0.0162786 0.0531145 -0.0497737 -0.0500687 -0.0290579 0.0615473 -0.0424472 -0.0510629
internal_weight=526.412 299.827 226.585 39.8025 275.469 24.6845 9.72526 24.3581 5.93907 15.118 265.744 264.638 13.5495 186.783 11.1522 251.088
internal_count=7176 5532 1644 444 5371 347 60 161 61 97 5311 5304 235 1200 212 5069
is_linear=0
shrinkage=0.05


Tree=29
num_leaves=23
num_cat=0
split_feature=6 57 9 3 2 34 6 20 2 49 38 49 42 42 57 46 29 57 29 57 5 49
split_gain=420.222 57.6967 45.4583 12.5064 10.5891 8.62335 8.02793 7.68346 10.116 7.52782 7.00166 3.25209 2.90228 2.85813 2.45808 1.78291 0.852938 0.38193 4.88518 0.326027 0.319423 0.266798
threshold=6.071730613708497 0.061252705752849586 5.5000000000000009 0.54457995295524608 0.26969698071479803 0.68333333730697643 4.3822062015533456 1.0000000180025095e-35 0.4083333313465119 0.26785714924335485 0.13182721287012103 0.90000000596046459 0.39791667461395269 0.4629120826721192 1.0000000180025095e-35 0.86607143282890331 9.8333334922790545 0.047378849238157279 4.4166667461395273 0.013793759513646366 0.56079083681106578 0.26785714924335485
decision_type=2 2 2 2 2 2 2 2 2 2 2 2 2 2 2 2 2 2 2 2 2 2
left_child=1 5 7 -3 19 11 -5 8 10 -6 -2 12 14 -14 -1 17 -9 21 -19 -4 -12 -16
right_child=2 3 4 6 9 -7 -8 16 -10 -11 20 -13 13 -15 15 -17 -18 18 -20 -21 -22 -23
leaf_value=0.035521180701695354 0.038459731865837038 0.057651814832030759 -0.0088542125963795848 -0.050715261458341321 -0.031358927501121257 0.031584493765060312 0.044864609165692855 0.061335280602228863 0.055921514784667586 0.053931334649830069 -0.038793563184391533 0.013365956346344477 0.025504810699924513 -0.038713864751812876 -0.052112739643879573 0.0024969742329126114 0.02137757312031759 0.026295351271691015 -0.047878404966367846 -0.049059330281848335 -0.0068387599263664131 -0.013627339339324297
leaf_weight=0.10290495306253333 4.821061886847021 15.430517107248308 1.3734122477471853 5.1417718119919291 3.3283996284008008 2.6153482496738425 2.4518218785524368 176.08594380319118 15.43317476660013 5.630318209528923 5.4593221805989742 1.5403113216161717 2.301156908273696 2.6319369599223137 231.23410943895578 1.2852955609560002 3.1092229187488547 2.0259227640926829 9.5501096472144109 11.42168904468417 1.9235107712447641 1.6414667740464199
leaf_count=1 26 90 18 56 32 12 12 1164 91 26 62 8 27 45 5043 7 16 24 179 203 15 19
internal_value=-0.000400943 -0.0416438 0.0496902 0.0329099 -0.0181757 -0.048499 -0.017643 0.0569052 0.0302849 0.0217747 -0.0035366 -0.0494703 -0.0499277 -0.00866511 -0.0506969 -0.0508971 0.0607922 -0.0512073 -0.033441 -0.0460609 -0.0328735 -0.0519223
internal_weight=506.539 277.953 228.586 23.0241 21.7538 254.929 7.59359 206.832 27.6371 8.95872 12.2039 252.313 250.773 4.93309 245.84 245.737 179.195 244.452 11.576 12.7951 7.38283 232.876
internal_count=7176 5523 1653 158 279 5365 68 1374 194 58 103 5353 5345 72 5273 5272 1180 5265 203 221 77 5062
is_linear=0
shrinkage=0.05


Tree=30
num_leaves=22
num_cat=0
split_feature=6 57 9 4 2 34 4 6 20 8 49 38 49 39 57 6 29 2 6 49 57
split_gain=395.082 54.78 42.8653 11.7228 10.0049 8.38941 8.67252 7.87283 7.55751 10.7676 7.02132 5.45254 3.22783 2.62577 2.44634 0.917616 0.882423 0.71281 0.418965 0.334382 0.324048
threshold=6.071730613708497 0.061252705752849586 5.5000000000000009 0.45183384418487554 0.26969698071479803 0.63068181276321422 0.3298212736845017 4.3822062015533456 1.0000000180025095e-35 0.63392856717109691 0.26785714924335485 0.13182721287012103 0.90000000596046459 7.0446858406066903 1.0000000180025095e-35 5.9423835277557382 9.8333334922790545 0.22474747896194461 6.0049650669097909 0.26785714924335485 0.013793759513646366
decision_type=2 2 2 2 2 2 2 2 2 2 2 2 2 2 2 2 2 2 2 2 2
left_child=1 5 8 -3 20 12 -7 -5 9 11 -6 -2 13 14 -1 19 -10 -13 -17 -16 -4
right_child=2 3 4 7 10 6 -8 -9 16 -11 -12 17 -14 -15 15 18 -18 -19 -20 -21 -22
leaf_value=0.035262762302424769 0.038384358713427394 0.059729845880265781 -0.0086346544105633267 -0.042964310631983416 -0.030557200022819725 0.062650182489607006 -0.042249481506415512 0.045895139518704761 0.060624103298090884 0.057014869441631082 0.052338694208102748 -0.042102691416725548 0.012916918229001631 0.00048258060717795107 -0.051476818305600081 0.0010248321631775507 0.020647014094690545 -0.009908747138536388 -0.02843807861262217 -0.011636665053393828 -0.048713179275933743
leaf_weight=0.1057334840297689 3.8506198897957828 13.629425868391992 1.3635973334312463 5.9464641101658327 3.2726108171045762 2.7954469807445994 3.0922586768865585 2.8924726694822311 169.42451228201389 14.684984058141707 5.5441910326480865 3.4964962750673276 1.5487110912799824 2.3201897107064715 229.40846250578761 1.7043031044304362 3.0940504521131507 5.0123324319720268 1.3727564737200737 1.5257645621895779 10.946840737015007
leaf_count=1 21 81 18 62 32 13 46 15 1164 89 26 47 8 33 5185 32 16 37 29 18 203
internal_value=-0.000389033 -0.041323 0.0489535 0.0321287 -0.0178704 -0.0482142 0.00869515 -0.0116684 0.0561068 0.0294738 0.0210818 -0.00469341 -0.0496735 -0.0501573 -0.0506803 -0.0508903 0.0600591 -0.0267004 -0.0146442 -0.0512865 -0.0456317
internal_weight=487.032 266.342 220.69 22.4684 21.1272 243.874 5.88771 8.83894 199.563 27.0444 8.8168 12.3594 237.986 236.437 234.117 234.011 172.519 8.50883 3.07706 230.934 12.3104
internal_count=7176 5523 1653 158 279 5365 59 77 1374 194 58 105 5306 5298 5265 5264 1180 84 61 5203 221
is_linear=0
shrinkage=0.05


Tree=31
num_leaves=23
num_cat=0
split_feature=29 49 2 3 9 42 57 49 38 57 5 2 42 38 57 2 49 42 42 36 5 38
split_gain=348.506 54.1025 46.1088 29.2388 15.3316 12.0855 11.1025 10.1298 5.85863 5.24079 5.03881 4.68235 3.1456 1.8318 1.74694 1.2253 1.05314 0.647623 1.06953 0.497168 0.438894 0.135024
threshold=5.8333332538604745 0.18333333730697635 0.18898809701204303 0.31725417077541357 7.5000000000000009 0.55902779102325451 0.032663283869624145 0.26785714924335485 0.91240409016609203 0.031910113990306861 0.44504831731319433 0.47213622927665716 0.048809524625539787 0.17445652186870578 0.061719344928860671 0.38675214350223547 0.41666667163372045 0.40682870149612432 0.4660919606685639 0.99137932062149059 0.35149985551834112 0.12060606107115747
decision_type=2 2 2 2 2 2 2 2 2 2 2 2 2 2 2 2 2 2 2 2 2 2
left_child=2 8 3 12 20 10 7 9 11 15 16 14 -1 21 17 -4 19 -2 -19 -5 -3 -11
right_child=1 4 6 5 -6 -7 -8 -9 -10 13 -12 -13 -14 -15 -16 -17 -18 18 -20 -21 -22 -23
leaf_value=0.0051599549805146326 -0.051482234349124391 0.025392287486044319 0 -0.051952180632665601 -0.043696378660250043 0.035079220555411031 0.060071579031000279 0.058709535399448821 0.039363916772883957 0.0043640955866676937 0.02477695250723962 0.030643276872444343 0.064189060425199784 -0.045949179067861341 0.0010953827287607416 0.048347597264303314 -0.00056053665770299074 0.012012770512645468 -0.034719409332226316 -0.01131460270601737 0.064023531682177212 -0.0096333479562362139
leaf_weight=3.1496302597224703 213.30335541069508 3.2934971824288395 2.0969273298978814 21.538432408124219 3.9160566069185725 5.5500480234622946 156.62824906036258 9.730276882648468 1.0901952683925618 2.4684111513197404 1.9753696955740441 1.0906383544206608 12.703540261834858 4.6385999172925949 1.3851957693696011 2.9380597174167633 1.3844992071390141 1.1737756952643388 2.0762044154107571 1.7797232940793026 12.129711277782915 2.1130484864115715
leaf_count=39 5029 20 27 387 46 34 1124 59 6 23 20 7 77 63 16 17 9 17 42 25 71 18
internal_value=-0.000375973 -0.0424594 0.0436594 1.65374e-05 0.0361281 -0.0270921 0.055186 0.0219551 -0.0495187 -0.00500917 -0.0410068 -0.0501608 0.0537602 -0.0268043 -0.0507261 0.0319017 -0.0472211 -0.0510841 -0.0178097 -0.049649 0.058127 -0.00176524
internal_weight=468.153 239.459 228.695 48.0812 19.3393 32.2281 180.614 23.9853 220.119 14.255 26.678 219.029 15.8532 9.22006 217.939 5.03499 24.7027 216.553 3.24998 23.3182 15.4232 4.58146
internal_count=7176 5254 1922 591 137 475 1331 207 5117 148 441 5111 116 104 5104 44 421 5088 59 412 91 41
is_linear=0
shrinkage=0.05


Tree=32
num_leaves=21
num_cat=0
split_feature=6 35 20 2 3 47 3 3 36 6 49 57 57 29 45 39 49 5 3 35
split_gain=350.617 49.4864 38.4527 26.138 12.7964 9.94054 8.14851 6.36027 3.7428 5.1935 3.73167 3.7131 2.42228 1.51706 0.812637 0.90809 0.291901 0.217788 0.176278 0.122171
threshold=6.071730613708497 0.90395656228065502 1.0000000180025095e-35 0.4083333313465119 0.58195385336875927 0.86607143282890331 0.37373885512351995 0.5174442231655122 0.45049019157886511 6.8764495849609384 0.90000000596046459 0.062357790768146522 1.0000000180025095e-35 10.416666507720949 12.846208572387697 5.677502155303956 0.26785714924335485 0.52762517333030712 0.66552513837814342 0.52259087562561046
decision_type=2 2 2 2 2 2 2 2 2 2 2 2 2 2 2 2 2 2 2 2
left_child=1 5 3 4 -2 10 -7 -3 9 17 11 12 -1 -4 16 -16 -14 -6 -10 -5
right_child=2 7 13 19 8 6 -8 -9 18 -11 -12 -13 14 -15 15 -17 -18 -19 -20 -21
leaf_value=0.034962855212713369 0.047391070876929224 0.055741194778638509 0.059492893808628988 0.058351940122700813 -0.038692348099067103 0.056969874036374282 -0.036390721184594792 -0.0084084344598324198 -0.015537460883846844 0.056508624745758254 0.020266845746397588 -0.0024784131202086261 -0.051234214171489628 0.013731920556904368 -0.032244348700767748 0.011352522025467627 -0.012457791489247617 -0.0032191131649245489 -0.052946226614485226 0.026875325724752305
leaf_weight=0.10901158303022285 4.2038119509816196 12.734428569674494 159.23731788992882 12.714544437825682 2.6992355510592492 3.4660446755588046 3.8960132226347923 4.870118908584117 1.7792153470218206 1.4991484917700288 1.3335646241903294 4.4530200324952594 209.25237177312374 2.8211227692663661 1.7390514910221093 1.2044717445969579 1.5778382718563069 1.0806969143450258 15.507570598274468 3.7681693434715262
leaf_count=1 32 81 1178 82 49 18 42 39 22 8 7 38 5228 17 33 17 19 16 227 22
internal_value=-0.000349956 -0.0407208 0.0476935 0.00551899 -0.024638 -0.0470054 0.00852189 0.038228 -0.0397101 -0.00137069 -0.0489192 -0.0494551 -0.0503938 0.058816 -0.0506231 -0.0147819 -0.0510278 -0.0323917 -0.0504296 0.0533908
internal_weight=449.947 244.636 205.311 43.2524 26.7697 227.031 7.36206 17.6045 22.5659 5.27908 219.669 218.336 213.883 162.058 213.774 2.94352 210.83 3.77993 17.2868 16.4827
internal_count=7176 5523 1653 458 354 5403 60 120 322 73 5343 5336 5298 1195 5297 50 5247 65 249 104
is_linear=0
shrinkage=0.05


Tree=33
num_leaves=21
num_cat=0
split_feature=6 35 20 8 47 6 4 35 4 49 29 8 36 29 45 35 8 9 49 5
split_gain=330.06 46.9097 36.5259 25.7662 9.60735 8.36316 7.61048 7.01512 6.01245 3.64241 3.18707 2.67443 2.06331 1.53029 1.14528 1.06048 0.66035 0.446053 0.372422 0.304375
threshold=6.071730613708497 0.90395656228065502 1.0000000180025095e-35 0.63392856717109691 0.86607143282890331 6.8764495849609384 0.37373885512351995 0.51483678817749035 0.5174442231655122 0.90000000596046459 3.4166666269302373 0.32291667163372045 0.93405798077583324 10.416666507720949 12.117610931396486 0.89848890900611889 0.70714285969734203 1.5000000000000002 0.26785714924335485 0.680425524711609
decision_type=2 2 2 2 2 2 2 2 2 2 2 2 2 2 2 2 2 2 2 2
left_child=1 4 3 5 9 12 -6 -7 -3 10 11 14 19 -4 -1 16 17 -12 -19 -2
right_child=2 8 13 -5 6 7 -8 -9 -10 -11 15 -13 -14 -15 -16 -17 -18 18 -20 -21
leaf_value=-0.043082111153542622 -0.050619873201414714 0.054548410773574044 0.058900538046186293 0.054260004894770668 0.055147510032053849 0.050566970001234515 -0.035671354838993662 -0.034900300727914717 -0.0080730535958584929 0.01959600291565651 -0.0061347162760123641 0.020010114184713178 1.0972737820064196e-05 0.013235703042655513 0.0038332659486896995 0.00057338149490050044 0 -0.051351031171327388 -0.010729901930298486 -0.0088530462027351826
leaf_weight=4.6534676365554315 14.837456930428752 12.39284008741379 152.96568804979324 15.757726863026617 3.4353739619255057 4.8544491827487937 3.7985121794044971 3.1069872975349426 4.8606090024113646 1.3442144840955723 1.0983385480940331 2.632979366928339 2.2909056320786467 2.8181126713752738 1.2468417026102541 0.79542320594191451 0.76498178392648597 196.00243328511715 1.4795299246907223 1.2439521923661221
leaf_count=93 243 81 1178 103 18 27 42 43 39 7 14 36 29 17 11 14 12 5138 18 13
internal_value=-0.000329788 -0.0403922 0.0470881 0.00546422 -0.0467158 -0.0244684 0.00831083 0.0164825 0.0371571 -0.0486653 -0.0492202 -0.0159708 -0.0424069 0.058196 -0.0333247 -0.0505265 -0.0507572 -0.0509357 -0.0511275 -0.0483892
internal_weight=432.381 234.506 197.875 42.0915 217.252 26.3338 7.23389 7.96144 17.2534 210.018 208.674 8.53329 18.3723 155.784 5.90031 200.141 199.345 198.58 197.482 16.0814
internal_count=7176 5523 1653 458 5403 355 60 70 120 5343 5336 140 285 1195 104 5196 5182 5170 5156 256
is_linear=0
shrinkage=0.05


Tree=34
num_leaves=21
num_cat=0
split_feature=29 49 8 3 9 57 49 5 35 35 45 45 57 8 49 38 5 57 8 13
split_gain=292.308 47.3092 41.3477 22.013 13.2681 12.5303 9.62416 8.45276 7.79256 6.53313 3.73337 2.64316 2.61307 2.17065 1.18094 0.666126 0.443727 0.169762 0.133508 0.12294
threshold=5.8333332538604745 0.18333333730697635 0.32291667163372045 0.26764950156211859 7.5000000000000009 0.032663283869624145 0.26785714924335485 0.44504831731319433 0.90395656228065502 0.44773148000240331 17.076005935668949 10.700013637542726 0.031910113990306861 0.70714285969734203 0.90000000596046459 0.080540537834167494 0.35149985551834112 0.061719344928860671 0.240384615957737 1.0000000180025095e-35
decision_type=2 2 2 2 2 2 2 2 2 2 2 2 2 2 2 2 2 2 2 2
left_child=2 8 3 11 16 6 9 10 13 15 14 -1 -11 17 18 -4 -3 -2 -5 -14
right_child=1 4 5 7 -6 -7 -8 -9 -10 12 -12 -13 19 -15 -16 -17 -18 -19 -20 -21
leaf_value=0.0027470544501474029 -0.050988892244297548 0.023272817158914504 0.0057890937515099458 -0.052026919086952964 -0.04250036608219273 0.058310406223266331 0.056361492688326791 0.039625464955077121 0.01567202284758204 0.0094313813885257905 0.017877388416023238 0.059182243594194717 -0.049468427752307739 0.0075871265460985028 0 0.045721482740683814 0.061382020171805399 -0.0081543617065958484 -0.014807467788270868 -0.012936119235249064
leaf_weight=2.9456989206373683 186.1561573036015 3.1619043722748783 2.2591949291527298 18.139915931969895 3.6072563193738452 143.08560153469443 8.8727183192968351 2.8628513030707827 4.0253154933452597 2.4815858565270883 1.8172925226390351 9.5271058529615384 5.5396461971104145 1.2082166969776142 1.2992652282118786 3.1511164456605911 11.204965822398661 0.92823730409145255 1.6283232904970635 1.580807242542505
leaf_count=34 5054 20 23 362 46 1152 59 24 34 32 12 61 75 15 8 26 71 14 29 25
internal_value=-0.000321152 -0.0416622 0.0420199 -0.00468149 0.0342685 0.0527041 0.0179243 -0.0309361 -0.0489251 -0.00658195 -0.041262 0.0474182 -0.0305654 -0.050408 -0.0471689 0.0333311 0.0553805 -0.0508474 -0.0500625 -0.0445654
internal_weight=415.483 210.292 205.191 38.2205 17.9741 166.971 23.8851 25.7476 192.318 15.0124 22.8848 12.4728 9.60204 188.293 21.0675 5.41031 14.3669 187.084 19.7682 7.12045
internal_count=7176 5254 1922 530 137 1392 240 435 5117 181 411 95 132 5083 399 49 91 5068 391 100
is_linear=0
shrinkage=0.05


Tree=35
num_leaves=21
num_cat=0
split_feature=29 49 2 3 9 20 42 49 35 35 5 2 35 45 2 5 49 5 46 9
split_gain=275.378 44.9457 37.5673 23.9663 12.4512 9.81818 9.7868 9.47926 7.59427 7.19177 4.36138 2.99945 2.69193 1.3476 0.929567 0.797504 0.451875 0.447162 0.199482 0.172708
threshold=5.8333332538604745 0.18333333730697635 0.18898809701204303 0.31725417077541357 7.5000000000000009 1.0000000180025095e-35 0.55902779102325451 0.26785714924335485 0.90395656228065502 0.51483678817749035 0.44504831731319433 0.47213622927665716 0.81029364466667186 18.014030456542972 0.44722221791744238 0.57032969594001781 0.41666667163372045 0.35149985551834112 0.86607143282890331 3.5000000000000004
decision_type=2 2 2 2 2 2 2 2 2 2 2 2 2 2 2 2 2 2 2 2
left_child=2 8 3 12 17 7 10 9 11 14 13 18 -1 16 15 -4 -5 -3 -2 -11
right_child=1 4 5 6 -6 -7 -8 -9 -10 19 -12 -13 -14 -15 -16 -17 -18 -19 -20 -21
leaf_value=0.0022652587349721105 -0.050808983984115298 0.022460041011543544 -0.0073218849615193596 -0.050991186193903193 -0.041968050145089933 0.058377960401755136 0.031545756425288202 0.055957192964285307 0.014992322073342319 -0.011622205959594074 0.022896561681687896 0.023631445915455226 0.06015901368540133 0.002716293527982902 0.04444316714935341 0.026960889123971085 -0.0064336260229955399 0.060127605277189959 -0.0056377636986819323 -0.047170391446982346
leaf_weight=2.6957519315183154 178.28740499168634 3.1490305662155178 2.8896548859775066 19.32223236933352 3.4861231520771971 130.3638813868165 5.0686272010207167 10.573484525084496 4.0423120371997348 1.6761760488152502 1.8282999172806729 0.73831312358379264 11.718334309756754 1.0322493351995934 2.9640790224075317 1.9613713361322878 1.1746722757816304 10.895551405847071 0.76014453917741676 4.6110256351530552
leaf_count=35 5073 20 33 406 46 1100 34 75 34 18 20 5 81 7 20 16 8 71 5 69
internal_value=-0.000298304 -0.0413745 0.0414728 0 0.0334669 0.0528592 -0.0264571 0.0223705 -0.0486812 -0.00451848 -0.0400275 -0.0502155 0.0505054 -0.0463722 0.0258123 0.00792367 -0.0490883 0.0540685 -0.0506774 -0.0412747
internal_weight=399.239 201.359 197.88 42.8402 17.5307 155.04 28.4261 24.6758 183.828 14.1023 23.3575 179.786 14.4141 21.5292 7.81511 4.85103 20.4969 14.0446 179.048 6.2872
internal_count=7176 5254 1922 591 137 1331 475 231 5117 156 441 5083 116 421 69 49 414 91 5078 87
is_linear=0
shrinkage=0.05


Tree=36
num_leaves=25
num_cat=0
split_feature=6 57 9 3 3 29 2 2 57 8 49 42 49 49 35 42 2 6 57 39 6 35 34 46
split_gain=277.109 41.1129 30.6962 8.6881 7.49813 8.22823 7.16234 6.43837 6.19521 7.54854 4.66262 2.72104 2.60758 2.2229 4.3153 2.08424 1.71292 1.35756 0.524446 0.466125 0.423148 0.383773 0.181194 0.155224
threshold=6.071730613708497 0.061252705752849586 5.5000000000000009 0.54457995295524608 0.30417390167713171 6.1666667461395273 0.26969698071479803 0.19523809850215915 0.044130235910415656 0.48333333432674414 0.26785714924335485 0.048809524625539787 0.26785714924335485 0.26785714924335485 0.52259087562561046 0.23904761672019961 0.21980676054954532 5.9423835277557382 0.013793759513646366 7.0446858406066903 6.0049650669097909 0.89848890900611889 0.27922078967094427 0.86607143282890331
decision_type=2 2 2 2 2 2 2 2 2 2 2 2 2 2 2 2 2 2 2 2 2 2 2 2
left_child=1 4 8 21 5 11 18 -5 9 16 -8 22 17 14 -11 -7 -2 19 -4 23 -19 -3 -1 -6
right_child=2 3 6 7 12 15 10 -9 -10 13 -12 -13 -14 -15 -16 -17 -18 20 -20 -21 -22 -23 -24 -25
leaf_value=0.0083135019772655246 -0.036286756430212223 0.02128454222331666 -0.0027515617612378332 -0.045759398097546505 -0.051563941440440533 -0.04630969431943624 -0.026688211016365045 0.046436900004496851 0.057012933245118184 0.047032812353611064 0.044464695874204818 0.059903228853671914 -0.00083137008829436531 0.057024346096967965 -0.016684564183026978 0.012777668710620659 0.0098339322621368228 0.0068971697323449814 -0.046980851768721979 -0.0092486078161564105 -0.023751065732457485 0.057819564898232381 -0.010254006165211119 -0.011791262723664271
leaf_weight=1.2833791747689276 3.5446417219936874 3.0536665171384838 1.1220095530152345 4.6572425216436377 163.29025216400623 9.0883902311325055 2.8229623585939398 1.8683211803436277 132.35066542774439 5.0112699121236801 4.9481497406959534 2.718514010310173 2.9236708544194689 11.646519720554352 3.901265449821949 1.1650116406381119 2.7650223076343536 1.4442979991435996 8.6342971846461278 1.4413156621158112 1.0161903575062752 9.6652543991804105 1.8768455907702444 1.2563150972127903
leaf_count=23 47 17 18 58 4879 273 32 10 1161 31 26 17 26 84 28 23 23 32 203 30 28 73 26 8
internal_value=-0.000270555 -0.0394946 0.0455475 0.0287616 -0.046642 -0.0126833 -0.0162468 -0.0160355 0.0524402 0.0284988 0.0179515 0.0308537 -0.0497176 0.0427714 0.019768 -0.0386129 -0.0168114 -0.0505267 -0.0430879 -0.0510854 -0.00752146 0.0516032 -0.00132597 -0.0513635
internal_weight=383.495 206.749 176.747 19.2445 187.504 16.1321 17.5274 6.52556 159.219 26.8687 7.77111 5.87874 171.372 20.5591 8.91254 10.2534 6.30966 168.448 9.75631 165.988 2.46049 12.7189 3.16022 164.547
internal_count=7176 5523 1653 158 5365 362 279 68 1374 213 58 66 5003 143 59 296 70 4977 221 4917 60 90 49 4887
is_linear=0
shrinkage=0.05


Tree=37
num_leaves=21
num_cat=0
split_feature=6 57 57 2 57 5 3 35 20 3 6 49 2 39 6 36 42 57 49 3
split_gain=260.987 53.6973 16.1107 12.7545 7.57145 8.63247 11.4069 5.51777 3.65487 3.63566 11.6085 3.01472 2.96806 2.19022 1.75914 1.65716 1.27221 2.40206 0.452077 0.0590052
threshold=6.3950443267822275 0.061252705752849586 0.044130235910415656 0.4083333313465119 0.04538575932383538 0.45999288558959966 0.3298212736845017 0.45421318709850317 1.0000000180025095e-35 0.45183384418487554 4.3822062015533456 0.26785714924335485 0.15075758099555972 6.2203564643859872 6.8764495849609384 0.45049019157886511 0.4243044257164002 1.0000000180025095e-35 0.90000000596046459 0.71033561229705822
decision_type=2 2 2 2 2 2 2 2 2 2 2 2 2 2 2 2 2 2 2 2
left_child=1 4 3 7 11 6 13 14 15 -3 19 16 -13 -6 -2 -9 17 -1 -17 -11
right_child=2 9 -4 -5 5 -7 -8 8 -10 10 -12 12 -14 -15 -16 18 -18 -19 -20 -21
leaf_value=0.034105613737463444 -0.00085705415958665584 0.05389410176358992 0.056399987208655571 0.051445266663207957 -0.0029762586067525101 0.073831418692819825 -0.048563114963553811 0.00082971967755158182 0.019790530143570295 -0.012573361893792706 0.052845084434828854 -0.040463171139576752 0.023550387140384276 0.053580729613564075 0.047210836640604631 -0.05024555485226713 0.0058543719557634516 -0.051112596530546575 -0.0060091497641813572 -0.046197928767767765
leaf_weight=0.11834795027971168 2.9351765401661423 11.118400894105436 123.85115050524473 14.393270343542097 2.5307173226028743 1.4129295572638501 14.684309834614394 2.0139376521110526 2.7371710352599612 1.631306566298006 6.6744347661733627 2.5945477895438662 2.6365755312144756 3.0247832424938679 3.4150267615914345 7.9970562569797021 0.64076405018567939 159.39687572792172 1.2160478793084619 3.3783249780535698
leaf_count=1 30 81 1138 105 39 9 363 34 14 17 44 28 19 17 18 137 14 5009 14 45
internal_value=-0.000259257 -0.0367831 0.0479739 0.0170288 -0.0456219 -0.0164831 -0.0262025 -0.00839117 -0.0256557 0.0343793 0.0126302 -0.0492848 -0.00879521 0.0305305 0.0272189 -0.0378569 -0.0505135 -0.0508061 -0.0460564 -0.0399948
internal_weight=368.401 209.842 158.559 34.7077 187.04 21.6527 20.2398 20.3144 13.9642 22.8025 11.6841 165.387 5.23112 5.5555 6.3502 11.227 160.156 159.515 9.2131 5.00963
internal_count=7176 5686 1490 352 5499 428 419 247 199 187 106 5071 47 56 48 185 5024 5010 151 62
is_linear=0
shrinkage=0.05


Tree=38
num_leaves=23
num_cat=0
split_feature=6 35 9 47 2 3 35 2 3 12 2 56 6 45 49 35 49 3 9 35 35 35
split_gain=245.789 36.1295 27.9876 8.60228 6.41474 5.73237 5.43212 7.34738 4.93681 4.25788 3.55483 6.02247 3.52581 2.51841 1.01826 0.989112 2.4227 0.67985 2.68661 0.654976 0.550173 0.386998
threshold=6.071730613708497 0.90395656228065502 5.5000000000000009 0.86607143282890331 0.26969698071479803 0.37373885512351995 0.71176603436470043 0.19523809850215915 0.5174442231655122 1.0000000180025095e-35 0.26201373338699346 2.5000000000000004 6.6069514751434335 18.014030456542972 0.26785714924335485 0.5204589068889619 0.18333333730697635 0.31725417077541357 2.5000000000000004 0.40618114173412329 0.87881702184677135 0.4406543374061585
decision_type=2 2 2 2 2 2 2 2 2 2 2 2 2 2 2 2 2 2 2 2 2 2
left_child=1 3 6 10 21 -5 7 -2 -3 -6 13 19 -9 14 17 -14 -17 18 -1 -12 -20 -4
right_child=2 8 4 5 9 -7 -8 12 -10 -11 11 -13 15 -15 -16 16 -18 -19 20 -21 -22 -23
leaf_value=0.018060735134955024 -0.034348930169218979 0.050683963959677794 -0.0061224047304018177 0.05017996121274642 0.04925090850380167 -0.031993409289998546 0.056290089353527355 -0.011923379038251657 -0.0083512964606382006 -0.018057883619135458 -0.0012651335107082137 0.064380127946796317 0.055449258559042251 0.020020577287405011 -0.0081799287176971026 0.00086343828030496198 0.048241870438101263 -0.051324511725121896 -0.04308068390909639 -0.041052625952712279 0 -0.046461081053920786
leaf_weight=1.5917991977185 3.0911706909537342 10.623638659715651 1.3128235079348103 3.2085564583539954 3.7318277396261683 3.2760052420198917 118.49557837098837 2.5309136956930187 4.5366999953985205 3.7536700591444969 1.706624662503599 1.1128710210323332 12.660409949719908 0.71487868577241798 2.1954902894794932 5.1204022616147977 5.382297046482563 144.8781112935394 11.073824577033516 4.183071780949831 0.74331288225948888 7.8208320550620556
leaf_count=19 40 81 31 18 25 42 1131 25 39 33 38 7 93 6 23 38 47 4777 343 122 8 190
internal_value=-0.000229985 -0.0388757 0.0444673 -0.0453206 -0.0159928 0.00926991 0.0513851 0.0298138 0.0332848 0.0167587 -0.0474971 -0.0100188 0.0387179 -0.0490226 -0.0494832 0.0447226 0.0276612 -0.0499697 -0.0324384 -0.0321063 -0.0405093 -0.0423327
internal_weight=353.745 189.845 163.9 174.685 16.6192 6.48456 147.281 28.7852 15.1603 7.4855 168.2 7.00257 25.694 161.197 160.483 23.1631 10.5027 158.287 13.4089 5.8897 11.8171 9.13366
internal_count=7176 5523 1653 5403 279 60 1374 243 120 58 5343 167 203 5176 5170 178 85 5147 370 160 351 221
is_linear=0
shrinkage=0.05


Tree=39
num_leaves=18
num_cat=0
split_feature=29 49 8 3 20 35 57 35 8 57 49 2 35 38 8 8 46
split_gain=218.456 37.4414 31.9322 16.0498 10.7288 9.57303 7.71406 6.88781 6.56972 5.71851 5.11284 2.63841 2.46843 1.19285 1.14434 0.305664 0.189366
threshold=5.8333332538604745 0.18333333730697635 0.32291667163372045 0.26764950156211859 1.0000000180025095e-35 0.51883593201637279 0.014815627597272398 0.90395656228065502 0.16228070110082629 0.046397872269153602 0.26785714924335485 0.47213622927665716 0.8514743745326997 0.13182721287012103 0.5634920895099641 0.61250001192092907 0.86607143282890331
decision_type=2 2 2 2 2 2 2 2 2 2 2 2 2 2 2 2 2
left_child=2 7 3 12 5 13 -3 11 -5 -10 15 16 -1 -4 -8 -7 -2
right_child=1 6 4 8 -6 10 14 -9 9 -11 -12 -13 -14 -15 -16 -17 -18
leaf_value=0 -0.050232097394582745 -0.03807448838764544 0.048047765779420881 -0.049320630699729563 0.05652746393185281 -0.046444761342886498 0.015058206581043426 0.014238135187963651 -0.039378366735912565 0.037028056145770143 0.037628186243026857 0.021687729914663931 0.053617208928684761 0.0082245388143256555 0.055002408688964943 -0.0067840349609584009 -0.0050604286668115214
leaf_weight=2.5628494732081881 148.3736326303333 2.5046826414763919 12.190095335245134 13.621790064498784 113.75854892283678 5.4927370771765691 3.7779004797339431 3.8191503360867491 3.1519135069102031 4.9451338201761246 1.8428706824779508 0.67753349244594474 8.5751720592379552 3.1136413644999257 9.6435961350798589 1.2757080793380735 0.71641713380813499
leaf_count=31 5073 34 109 314 1127 101 33 34 77 44 13 5 64 31 70 11 5
internal_value=-0.000216727 -0.0403084 0.0396093 -0.00444171 0.0501146 0.0183651 0.0309539 -0.0478828 -0.0292495 0.0056767 -0.0218513 -0.049584 0.0419453 0.0412536 0.0459294 -0.0414487 -0.0500835
internal_weight=340.043 169.513 170.53 32.8569 137.674 23.9151 15.9262 153.587 21.7188 8.09705 8.61132 149.768 11.138 15.3037 13.4215 6.76845 149.09
internal_count=7176 5254 1922 530 1392 265 137 5117 435 121 125 5083 95 140 103 112 5078
is_linear=0
shrinkage=0.05


Tree=40
num_leaves=23
num_cat=0
split_feature=29 49 8 4 20 49 2 5 38 38 2 45 57 45 12 25 57 40 57 42 8 5
split_gain=205.775 35.5882 30.2645 15.0229 10.4981 8.66816 7.25816 6.50594 4.74592 4.56413 3.40287 2.99361 2.81305 2.61849 1.81786 1.51584 1.47982 1.0586 0.645921 0.144919 0.135602 0.102627
threshold=5.8333332538604745 0.18333333730697635 0.32291667163372045 0.26764950156211859 1.0000000180025095e-35 0.26785714924335485 0.26201373338699346 0.44504831731319433 0.13182721287012103 0.91240409016609203 0.47213622927665716 17.076005935668949 0.029662004671990875 10.700013637542726 1.0000000180025095e-35 1.0000000180025095e-35 0.061719344928860671 7.0598793029785165 0.031910113990306861 0.45307917892932897 0.240384615957737 0.41206791996955877
decision_type=2 2 2 2 2 2 2 2 2 2 2 2 2 2 2 2 2 2 2 2 2 2
left_child=2 9 3 13 5 8 12 11 18 10 16 15 -3 -1 -10 20 17 19 -4 -2 -5 -16
right_child=1 6 4 7 -6 -7 -8 -9 14 -11 -12 -13 -14 -15 21 -17 -18 -19 -20 -21 -22 -23
leaf_value=0 -0.050132543536992494 -0.041190210795864025 0.039119103976653385 -0.050878701505658486 0.056117588222649645 0.05334087639366724 0.052031491312223989 0.036172659661022788 0.0036094628430202351 0.033642997254901268 0.02548944036768477 0.015776447357165838 0.024491864973278474 0.054215223077699527 -0.010371621651757675 0.0068912879282361774 0.0018715346515716103 0.0040813085999470483 0.0044998799295641149 -0.015183812073501564 -0.01233092433016654 -0.047799458018747458
leaf_weight=2.900550168007614 141.41163245402277 3.1923601366579524 2.8148280344903496 14.646118972450507 108.98797971755266 9.1388490125536901 10.637425579130648 2.4825499616563311 2.513181032612918 0.98396057449281116 0.88540367037057777 1.6311878748238076 1.7291270308196542 7.9953136816620827 1.261415986344218 0.90129100531339545 1.1512208059430111 0.5971405915915956 3.1150160562247038 1.7746829595416773 1.3615451175719488 4.5638248454779387
leaf_count=34 5031 44 26 364 1127 76 77 24 38 6 7 12 16 61 22 6 16 12 33 45 29 70
internal_value=-0.000200152 -0.0400126 0.0391134 -0.00434768 0.0495828 0.0178982 0.0301753 -0.0288152 -0.0064822 -0.047639 -0.048447 -0.0391789 -0.01703 0.0408939 -0.0296326 -0.0453445 -0.0491045 -0.0495572 0.0249284 -0.0498424 -0.0488118 -0.0431344
internal_weight=326.677 162.363 164.314 31.9186 132.395 23.4071 15.5589 21.0227 14.2683 146.804 145.82 18.5401 4.92149 10.8959 8.33842 16.909 144.935 143.783 5.92984 143.186 16.0077 5.82524
internal_count=7176 5254 1922 530 1392 265 137 435 189 5117 5111 411 60 95 130 399 5104 5088 59 5076 393 92
is_linear=0
shrinkage=0.05


Tree=41
num_leaves=22
num_cat=0
split_feature=57 2 2 3 49 2 13 35 29 38 35 45 29 2 2 36 36 36 45 2 2
split_gain=194.189 48.1196 26.3349 20.0687 12.5121 6.0157 2.69525 2.62425 2.48413 3.60267 2.40661 3.47438 2.28291 1.86265 1.64909 0.580027 0.307436 0.20251 0.117892 0.0382883 0.50339
threshold=0.046144818887114532 0.4083333313465119 0.054093567654490478 1.0000000180025095e-35 0.18333333730697635 0.15075758099555972 1.0000000180025095e-35 0.92661488056182872 4.4166667461395273 0.13182721287012103 0.89108416438102733 10.82026529312134 8.5833334922790545 0.26491229236125952 0.45804196596145635 0.62593284249305736 0.57947367429733287 0.40175439417362219 17.150262832641605 0.18350168317556384 0.1490740776062012
decision_type=2 2 2 2 2 2 2 2 2 2 2 2 2 2 2 2 2 2 2 2 2
left_child=1 4 3 10 7 -6 -7 8 9 -1 11 -2 19 -14 -3 16 17 -11 -5 20 -4
right_child=2 14 12 18 5 6 -8 -9 -10 15 -12 -13 13 -15 -16 -17 -18 -19 -20 -21 -22
leaf_value=0.02126144132136297 -0.029520891814765006 0.010892458693202685 0.04294736983403858 -0.050015248445654963 -0.035893295712538291 -0.0021788783203790275 0.056927085007341574 0.023641272613004877 -0.049646999470995865 0 0.058150312035423514 0.043051838448613676 -0.027088823467856002 0.034166641216953009 0.054201239846459817 -0.046007472543490593 0.005584593359546702 -0.02783332582241746 -0.007058342116521993 0.055930128590733555 0.0086524784016943877
leaf_weight=2.8043841160833827 2.1683063581585902 3.7177123129367819 6.8040800206363183 11.017776563763615 3.8686158508062345 2.7677046433091164 4.0024497807025909 0.65091048181056876 136.3419000133872 0.88667019829153915 6.7973371334373951 2.428917869925499 1.2987414058297866 1.6668938510119913 12.179789908230303 5.694791030138731 0.92595053836703289 1.2701164558529852 0.80806796997785646 103.26776660978794 2.3940539956092834
leaf_count=34 28 33 68 273 47 21 29 4 5054 19 56 13 40 14 107 135 16 33 8 1123 21
internal_value=-0.000166797 -0.0350987 0.0438502 -0.00438995 -0.0434234 0.00788871 0.0349498 -0.0471592 -0.047661 -0.0217967 0.040946 0.00877042 0.0535516 0.00601382 0.0456132 -0.0368326 -0.0115415 -0.0199179 -0.048249 0.054697 0.0362352
internal_weight=313.763 175.111 138.652 23.2204 159.213 10.6388 6.77015 148.575 147.924 11.5819 11.3946 4.59722 115.432 2.96564 15.8975 8.77753 3.08274 2.15679 11.8258 112.466 9.19813
internal_count=7176 5532 1644 378 5392 97 50 5295 5291 237 97 41 1266 54 140 203 68 52 281 1212 89
is_linear=0
shrinkage=0.05


Tree=42
num_leaves=21
num_cat=0
split_feature=6 57 57 2 46 42 58 2 42 49 3 6 9 29 3 57 14 9 36 3
split_gain=195.858 41.9561 13.0484 9.50796 8.50995 4.63204 4.42637 8.99983 2.99483 2.89334 2.89008 8.80008 2.37793 1.63436 1.99063 0.668925 0.587709 0.534738 0.508449 0.179748
threshold=6.3950443267822275 0.061252705752849586 0.044130235910415656 0.4083333313465119 0.81666666269302379 0.39791667461395269 1.0000000180025095e-35 0.13188406080007556 0.4629120826721192 0.26785714924335485 0.45183384418487554 4.3822062015533456 7.5000000000000009 3.4166666269302373 0.36535926163196569 0.047378849238157279 1.0000000180025095e-35 4.5000000000000009 0.51471862196922313 0.69779554009437572
decision_type=2 2 2 2 2 2 2 2 2 2 2 2 2 2 2 2 2 2 2 2
left_child=1 4 3 6 5 9 7 -2 -7 13 -3 19 -11 14 -1 -16 -9 -18 -8 -12
right_child=2 10 -4 -5 -6 8 18 16 -10 12 11 -13 -14 -15 15 -17 17 -19 -20 -21
leaf_value=0.020649207019308932 -0.043072855686331291 0.050331177452669143 0.054500490314447952 0.048438602320705328 0.024748862639438013 0.036422045490183991 -0.0035425350360769195 0.054294364239382255 -0.033711853924612824 0.020995456352431892 -0.0080428871725688779 0.048281324146575433 -0.037248859511950776 -0.050259502112510526 -0.040340432664443489 0.0026120897399991502 0.030876837933646591 -0.00069108456610783705 -0.043979626605431969 -0.04383799119991412
leaf_weight=1.5380600355565537 3.9716224875301176 9.6016721352934855 99.957064889371395 12.312130846083162 3.6722513400018206 2.3091647718101731 1.4298215359449375 4.0584111418575048 1.8017358835786579 2.6275040358304969 1.3845790661871413 5.8035377040505409 2.3679745458066463 132.24595815315843 3.8453499842435122 0.71219765208661545 1.9108326882123949 1.8627146128565071 4.9723851922899485 3.0405602864921093
leaf_count=19 94 81 1138 105 24 29 19 31 45 16 15 44 32 5212 110 12 14 29 60 47
internal_value=-0.000142557 -0.035285 0.0457818 0.0162431 -0.0442613 -0.0461689 -0.00665793 0.0112 0.00412351 -0.0476645 0.0317215 0.0108806 -0.00738759 -0.0490195 -0.0181214 -0.0334664 0.0410489 0.0173663 -0.0373228 -0.0371067
internal_weight=301.426 170.951 130.475 30.5179 151.12 147.448 18.2058 11.8036 4.1109 143.337 19.8303 10.2287 4.99548 138.342 6.09561 4.55755 7.83196 3.77355 6.40221 4.42514
internal_count=7176 5686 1490 352 5499 5475 247 168 74 5401 187 106 48 5353 141 122 74 43 79 62
is_linear=0
shrinkage=0.05


Tree=43
num_leaves=19
num_cat=0
split_feature=6 57 57 6 4 8 14 49 49 35 9 35 35 47 57 12 45 29
split_gain=184.487 40.1957 12.748 11.5299 19.4345 11.2018 4.37893 6.67296 4.02977 3.47092 2.82455 2.723 2.31868 3.79612 1.09627 0.262536 0.151094 0.0728562
threshold=6.3950443267822275 0.046144818887114532 0.044130235910415656 3.8662848472595219 1.0000000180025095e-35 0.39230769872665411 1.0000000180025095e-35 0.26785714924335485 0.26785714924335485 0.51183474063873302 7.5000000000000009 0.92661488056182872 0.89108416438102733 0.77500000596046459 0.012422839645296337 1.0000000180025095e-35 17.150262832641605 4.8333332538604745
decision_type=2 2 2 2 2 2 2 2 2 2 2 2 2 2 2 2 2 2
left_child=1 8 5 4 12 17 -7 9 11 -8 -10 14 13 -3 -1 -5 -6 -2
right_child=2 3 -4 15 16 6 7 -9 10 -11 -12 -13 -14 -15 -16 -17 -18 -19
leaf_value=0.00073233911303132446 -0.0074657958724073928 -0.030278795254136806 0.05416274740328806 0.059583617918831822 -0.049812353936466484 0.054607815001999807 0.012824501803903599 0.049212549720393642 0.026414383711453712 -0.045579524681698409 -0.036736889814567096 0.023198366715800865 0.056776510250694814 0.046088317527176986 -0.050497288406617193 0.024746231842601989 -0.0062895640605192095 -0.044630522701047032
leaf_weight=0.83061543479561706 0.95281392708421009 2.2994370162487048 95.666106455028057 7.661062238737939 11.885274311527606 10.15342272631824 4.2918723206967098 5.5432385355234155 2.8017229959368697 4.0073838699609041 2.296676654368639 0.64926877617835899 6.3841258771717548 2.1985124498605728 122.72550203837454 3.5537760984152555 0.79311405867338258 4.8908442705869675
leaf_count=31 14 29 1138 69 318 82 33 49 16 49 32 4 56 12 5075 36 8 125
internal_value=-0.000129382 -0.0349621 0.0452858 0.0123655 -0.00758812 0.0158308 0.0310333 0.0108904 -0.0477261 -0.0167076 -0.00257272 -0.0495043 0.0392824 0.00773217 -0.0501096 0.0518833 -0.0481141 -0.0412777
internal_weight=289.585 164.079 125.506 34.7753 23.5605 29.8396 23.9959 13.8425 129.304 8.29926 5.0984 124.205 10.8821 4.49795 123.556 11.2148 12.6784 5.84366
internal_count=7176 5686 1490 528 423 352 213 131 5158 82 48 5110 97 41 5106 105 326 139
is_linear=0
shrinkage=0.05


Tree=44
num_leaves=23
num_cat=0
split_feature=6 57 20 8 3 3 6 42 35 6 5 49 29 36 34 34 57 35 39 5 35 46
split_gain=173.83 27.2667 27.2229 15.909 7.60408 6.47636 6.27885 6.10864 4.29842 3.42648 2.72102 2.64965 2.55726 1.6397 1.60292 1.45473 0.853516 0.8192 0.646471 0.56914 0.549767 0.308872
threshold=5.9423835277557382 0.061252705752849586 1.0000000180025095e-35 0.63392856717109691 0.30417390167713171 0.54457995295524608 6.8764495849609384 0.048809524625539787 0.51483678817749035 4.3822062015533456 0.23986300826072696 0.26785714924335485 10.583333492279055 0.93405798077583324 0.47222222387790685 0.63068181276321422 0.013793759513646366 0.84496542811393749 7.0446858406066903 0.680425524711609 0.89848890900611889 0.86607143282890331
decision_type=2 2 2 2 2 2 2 2 2 2 2 2 2 2 2 2 2 2 2 2 2 2
left_child=1 4 3 6 7 20 13 10 -8 -7 15 18 -4 16 17 -1 -2 -9 21 -18 -3 -6
right_child=2 5 12 -5 11 9 8 14 -10 -11 -12 -13 -14 -15 -16 -17 19 -19 -20 -21 -22 -23
leaf_value=-0.045126730069174524 0 0.015801978231973327 0.055234394068420151 0.047689325474158314 -0.050837697557319067 -0.04409841757261921 0.042855183489136799 -0.022959319044166541 -0.030599706529302207 0.027899077029809784 0.035597087793036809 0 0 0.00081374389471318561 0.057276219438772605 0.013689133332292228 -0.052432758646097311 0.023687115185067862 -0.0038480136056526144 -0.0039396711455547016 0.05372878796431501 -0.0080952468521644748
leaf_weight=7.427486859261986 0.941678866744044 2.7882000729441625 97.54720214754343 11.122479744255541 112.81217304617167 3.4133833907544604 4.1941606719046822 0.97358417697250732 2.2679427526891232 1.7087254747748373 0.54637860693037588 2.6268444359302512 2.0495034344494334 1.871734395623206 2.356006259098649 0.6035255268216132 11.270138941705225 0.79593857750296593 1.1529715843498696 1.0538568086922158 7.3023276850581169 1.1213814243674267
leaf_count=286 21 17 1184 103 4879 56 27 35 43 10 7 25 18 31 18 4 275 12 30 14 73 8
internal_value=-0.000105393 -0.0376918 0.0411968 0.00138152 -0.045075 0.0241714 -0.0232981 -0.0072145 0.0157594 -0.0186296 -0.030625 -0.0490234 0.0540845 -0.0402248 0.0369616 -0.0391267 -0.0460168 0 -0.0501471 -0.0492682 0.0460695 -0.0505346
internal_weight=277.948 145.629 132.319 32.722 130.416 15.2126 21.5995 12.7029 6.4621 5.12211 8.57739 117.713 99.5967 15.1374 4.12553 8.03101 13.2657 1.76952 115.087 12.324 10.0905 113.934
internal_count=7176 5460 1716 514 5304 156 411 362 70 66 297 4942 1202 341 65 290 310 47 4917 289 90 4887
is_linear=0
shrinkage=0.05


Tree=45
num_leaves=23
num_cat=0
split_feature=6 20 57 8 3 3 6 42 35 6 49 5 36 34 34 35 35 57 5 39 35 46
split_gain=163.775 26.0606 25.9936 14.91 7.50339 6.08617 5.90271 5.72078 4.01684 3.2623 2.63416 2.6312 1.59381 1.50357 1.42 1.02262 0.951674 0.834415 0.866888 0.646914 0.565999 0.31638
threshold=5.9423835277557382 1.0000000180025095e-35 0.061252705752849586 0.63392856717109691 0.30417390167713171 0.54457995295524608 6.8764495849609384 0.048809524625539787 0.51483678817749035 4.3822062015533456 0.26785714924335485 0.23986300826072696 0.93405798077583324 0.47222222387790685 0.63068181276321422 0.85528013110160839 0.61954474449157726 0.013793759513646366 0.71902412176132213 7.0446858406066903 0.89848890900611889 0.86607143282890331
decision_type=2 2 2 2 2 2 2 2 2 2 2 2 2 2 2 2 2 2 2 2 2 2
left_child=2 3 4 6 7 20 12 11 -8 -7 19 14 17 15 -1 -9 -3 -2 -19 21 -4 -6
right_child=1 16 5 -5 10 9 8 13 -10 -11 -12 -13 -14 -15 -16 -17 -18 18 -20 -21 -22 -23
leaf_value=-0.044804444559100563 0 0.011472051223118694 0.0152257038437083 0.046851666946163432 -0.050749387819340047 -0.043515638719803379 0.041403813234377182 -0.024278512514590039 -0.030023062926246992 0.027217218477110817 0 0.03475730441616956 0.00078706213297538054 0.055671757930053516 0.013430473197392039 0.028113979498587217 0.054545023495645988 -0.052110253954961896 0 -0.0037516585044406929 0.053150997420761494 -0.0079014174382297919
leaf_weight=7.1218083817511779 0.94167886674404755 2.2148458603769532 2.786925081163643 10.781850297003983 107.49399738758802 3.3023587279021731 4.1600577235221854 1.0676420964300621 2.2164510954171419 1.6895011216402052 2.6268444359302512 0.55552806518971909 1.8723141457885493 2.332140514627099 0.60364755056798447 0.69254060275852669 93.148271823301911 11.064787143841382 0.79721938073635179 1.1492337714880694 7.0303967669606209 1.1161112412810315
leaf_count=286 21 21 17 103 4879 56 27 38 43 10 25 7 31 18 4 9 1181 278 11 30 73 8
internal_value=-8.52211e-05 0.040767 -0.0373771 0.00134084 -0.0448038 0.0237497 -0.022808 -0.00675962 0.015194 -0.0181945 -0.0488517 -0.0299849 -0.0395542 0.035915 -0.0386634 0 0.053726 -0.0454453 -0.0487716 -0.0500255 0.0452499 -0.0504308
internal_weight=266.766 127.197 139.569 31.8344 124.759 14.8092 21.0525 12.3733 6.37651 4.99186 112.386 8.28098 14.676 4.09232 7.72546 1.76018 95.3631 12.8037 11.862 109.759 9.81732 108.61
internal_count=7176 1716 5460 514 5304 156 411 362 70 66 4942 297 341 65 290 47 1202 310 289 4917 90 4887
is_linear=0
shrinkage=0.05


Tree=46
num_leaves=21
num_cat=0
split_feature=6 57 57 3 8 6 6 36 49 58 8 8 5 47 35 57 57 45 9 38
split_gain=154.297 24.8385 23.1231 13.0504 13.0159 7.35955 3.42222 3.60809 3.18466 3.15508 6.19939 2.19305 1.46488 1.38103 2.01163 1.12979 0.842152 0.685372 0.3576 0.213588
threshold=5.9423835277557382 0.046144818887114532 0.043162543326616294 0.384968250989914 0.5634920895099641 3.877779603004456 6.7326085567474374 0.31180556118488317 0.26785714924335485 1.0000000180025095e-35 0.80909091234207164 0.48333333432674414 0.44862772524356848 0.77500000596046459 0.89848890900611889 0.012422839645296337 0.013793759513646366 16.410906791687015 3.5000000000000004 0.8532998561859132
decision_type=2 2 2 2 2 2 2 2 2 2 2 2 2 2 2 2 2 2 2 2
left_child=1 8 4 13 6 19 16 -8 15 -6 -11 18 -7 14 -3 -1 -2 -17 -9 -5
right_child=2 3 -4 5 9 12 7 11 -10 10 -12 -13 -14 -15 -16 17 -18 -19 -20 -21
leaf_value=0.0023251500341695888 0 -0.011290984823709684 0.053701955848892126 -0.048661459942400315 0.052481085460652957 -0.0004829087283068766 0.054571480849394761 -0.0017826110707232674 0.0030025495777712672 -0.034849797008681252 0.045191548410620827 0.023099479871128023 0.050590785592689563 0.052979323569697617 0.042637311790230677 -0.050136477458090703 -0.047992072654858726 0.0011767599543733784 -0.041015888169566368 -0.0036172961156158605
leaf_weight=0.77464193105697532 0.89340774714947002 2.8707323372364062 88.325846964493394 10.151476142928001 9.5595935024321097 2.4575518872588864 1.3300563395023335 1.1021942570805547 2.6820788756012908 3.5243842154741278 4.1877189502120018 1.5062313154339788 1.7373613864183424 7.7704778201878071 2.1826103925704956 102.04361040890217 8.6654870305210334 0.41778733767568965 3.2292313575744629 0.69116210937500078
leaf_count=31 20 39 1179 309 80 37 8 10 25 31 42 10 13 70 16 4907 261 5 75 8
internal_value=-5.94223e-05 -0.0370583 0.0403361 0.00466709 0.00492722 -0.0259983 -0.0255831 0.000346999 -0.0480217 0.0345313 0.00823764 -0.0174505 0.025374 0.0402673 0.0143712 -0.0494114 -0.0436917 -0.0498696 -0.0341772 -0.0467602
internal_weight=256.104 133.779 122.324 27.8614 33.9983 15.0376 16.7266 7.16771 105.918 17.2717 7.7121 5.83766 4.19491 12.8238 5.05334 103.236 9.55889 102.461 4.33143 10.8426
internal_count=7176 5460 1716 492 537 367 384 103 4968 153 73 95 50 125 55 4943 281 4912 85 317
is_linear=0
shrinkage=0.05


Tree=47
num_leaves=20
num_cat=0
split_feature=6 57 20 8 3 6 6 35 29 25 5 47 35 57 57 36 2 38 38
split_gain=145.437 23.9223 23.8966 13.2897 12.2028 7.03362 5.63424 4.24703 2.67299 2.49046 1.39479 1.32901 1.88909 1.10703 0.938238 0.742841 0.703382 0.667223 0.210731
threshold=5.9423835277557382 0.046144818887114532 1.0000000180025095e-35 0.61250001192092907 0.384968250989914 3.877779603004456 6.7326085567474374 0.51483678817749035 10.583333492279055 1.0000000180025095e-35 0.44862772524356848 0.77500000596046459 0.89848890900611889 0.012422839645296337 0.013793759513646366 0.48528139293193823 0.45804196596145635 0.90399384498596203 0.8532998561859132
decision_type=2 2 2 2 2 2 2 2 2 2 2 2 2 2 2 2 2 2 2
left_child=1 9 3 6 11 18 14 15 -4 13 -7 12 -3 -1 -2 -8 -5 -15 -6
right_child=2 4 8 16 5 10 7 -9 -10 -11 -12 -13 -14 17 -16 -17 -18 -19 -20
leaf_value=0.0022722671268913656 0 -0.010927406710137283 0.054354432782174146 0.013343229458049104 -0.048318154620514399 -0.0004657617798622925 0.050515579262078281 -0.032331137358313798 -0.0012410701827322514 0.0061005370216800983 0.049439824416724981 0.052125502893760015 0.041473504461592828 -0.04960082475852045 -0.050594220042149418 0.0091286665469942092 0.05050061773681333 0.0013876612740557446 -0.0035451952826859121
leaf_weight=0.77626965381204982 0.89340774714947357 2.8516994211822766 85.491650402545929 3.0110172480344763 9.7302013579755986 2.4574420228600493 2.1480779871344549 3.2665856834501028 1.992054410278796 1.7260965760797251 1.7128246948122976 7.5254944860935211 2.160299688577652 98.247252278029919 9.6475049611181003 3.0582116954028606 8.071744389832018 0.39989661239087482 0.69031677953898984
leaf_count=31 20 39 1184 24 309 37 19 66 18 15 13 70 16 4918 270 28 87 4 8
internal_value=-3.08182e-05 -0.0367326 0.03994 0.00124151 0.00467254 -0.0254602 -0.0236358 0.00613641 0.0530323 -0.0478234 0.0246624 0.0393999 0.0139687 -0.0488608 -0.0464583 0.0323983 0.0427592 -0.0493321 -0.0463601
internal_weight=245.858 128.278 117.58 30.0965 27.1283 14.5908 19.0138 8.47288 87.4837 101.15 4.17027 12.5375 5.012 99.4234 10.5409 5.20629 11.0828 98.6471 10.4205
internal_count=7176 5460 1716 514 492 367 403 113 1202 4968 50 125 55 4953 290 47 111 4922 317
is_linear=0
shrinkage=0.05


Tree=48
num_leaves=22
num_cat=0
split_feature=6 20 3 8 29 49 6 35 34 29 5 35 35 39 35 48 36 3 35 36 39
split_gain=137.054 22.8303 22.4088 12.4544 9.8891 6.81914 5.39258 3.97988 2.79703 2.63953 1.87689 1.8189 1.45268 1.24671 0.874065 0.728226 0.697726 0.687541 0.469686 0.294771 0.0442673
threshold=5.9423835277557382 1.0000000180025095e-35 0.3298212736845017 0.61250001192092907 6.4166667461395273 0.26785714924335485 6.7326085567474374 0.51483678817749035 0.93750000000000011 10.583333492279055 0.78474903106689464 0.77251383662223827 0.92269384860992443 7.0446858406066903 0.57369175553321849 1.5000000000000002 0.48528139293193823 0.66552513837814342 0.53023701906204235 0.79516318440437328 5.677502155303956
decision_type=2 2 2 2 2 2 2 2 2 2 2 2 2 2 2 2 2 2 2 2 2
left_child=2 3 4 6 11 8 17 16 10 -3 13 14 15 -4 -1 -6 -8 -2 -5 -17 -13
right_child=1 9 5 18 12 -7 7 -9 -10 -11 -12 20 -14 -15 -16 19 -18 -19 -20 -21 -22
leaf_value=0.026209249597119927 -0.0021784562412484575 0.054074274372778987 -0.050189597975984171 0.048233203694476645 -0.042954293221881663 0.015201691626792052 0.048960074864733395 -0.03164807938605272 0.016283899954220412 -0.0011996991408003851 0.018734860298300984 0.019115207188621433 0.01876981828633632 -0.0009478542341046103 -0.020296876941067337 -0.013536040900015292 0.0087817326104928546 -0.050232568548364144 0.013100675406229018 0.018284281164000101 0.053101198518437011
leaf_weight=0.71820779889822306 1.1431959234178126 81.737936794757843 96.968798283487558 8.1754981279373151 5.778784127905964 3.8909221477806559 2.1375490389764291 3.1936861984431744 1.1117979437112797 1.9921963922679413 0.43426625430583854 2.2074248623102886 0.60544289648532856 1.5518323816359032 1.4392541963607071 0.49488101713359345 3.05955052934587 9.0053892936557514 2.5941510908305636 0.38501927256584167 7.4433641284704208
leaf_count=13 36 1184 4906 88 282 38 19 66 9 18 2 26 3 34 32 26 28 254 23 19 70
internal_value=-1.10037e-06 0.039542 -0.0363992 0.00128432 0.0126658 -0.0454833 -0.0230674 0.00602105 -0.0480195 0.0527015 -0.0489477 0.0398327 -0.0303668 -0.0494815 0 -0.0373548 0.0313477 -0.0459489 0.0420275 4.75085e-05 0.0483216
internal_weight=236.069 113.039 123.03 29.309 19.0724 103.958 18.5394 8.39079 100.067 83.7301 98.9549 11.8083 7.26413 98.5206 2.15746 6.65868 5.1971 10.1486 10.7696 0.8799 9.65079
internal_count=7176 1716 5460 514 471 4989 403 113 4951 1202 4942 141 330 4940 45 327 47 290 111 45 96
is_linear=0
shrinkage=0.05


Tree=49
num_leaves=21
num_cat=0
split_feature=6 57 57 3 2 5 3 36 6 35 35 2 35 35 35 39 57 3 13 8
split_gain=129.038 22.6045 20.4991 11.1228 10.4124 8.01115 6.17921 3.6484 3.38485 2.21316 1.84139 1.70732 1.50084 1.1753 1.84376 0.990334 1.67899 0.72169 0.698101 0.625271
threshold=5.9423835277557382 0.04538575932383538 0.044130235910415656 0.45183384418487554 0.4083333313465119 0.45999288558959966 0.66807910799980175 0.4555336087942124 6.7326085567474374 0.52259087562561046 0.7910260558128358 0.19523809850215915 0.66435045003891002 0.40618114173412329 0.3985219299793244 6.2203564643859872 0.061252705752849586 0.54457995295524608 1.0000000180025095e-35 0.63392856717109691
decision_type=2 2 2 2 2 2 2 2 2 2 2 2 2 2 2 2 2 2 2 2
left_child=1 13 4 10 6 11 9 8 -8 -2 -3 17 -9 14 -1 16 -12 -5 -14 -6
right_child=2 3 -4 5 19 -7 7 12 -10 -11 15 -13 18 -15 -16 -17 -18 -19 -20 -21
leaf_value=-0.035207160711828098 0.047932840456396619 -0.0088230710819571928 0.053050262067946809 -0.0029460400428050803 0.011192388347187013 0.055004342526501153 -0.032635748823942143 -0.050832731358492006 0.041210886511203901 -0.011657098674480929 -0.012741414334081004 0.014361123977966973 -0.024783119087732425 -0.049372953310201764 0.022719106775868907 0.053422276141518656 0.03765380212357522 -0.048853242763263069 0.014889257384013059 0.050107788684490374
leaf_weight=2.5314346272498365 3.4775176867842701 1.5857865195721412 76.581656064838171 1.3204378075897665 2.3400183878839007 1.6836166977882374 1.8439577668905283 9.6950236577540618 2.3999544754624367 1.7097631786018608 2.0374347176402789 0.74608753435313779 1.0524972807615987 86.313337763771415 1.282269390299916 6.9153502807021141 2.8205223828554153 10.836631771177052 1.3451330047100782 8.2631989270448667
leaf_count=129 37 30 1174 21 18 11 61 229 21 36 27 8 26 4717 35 67 24 391 19 95
internal_value=0 -0.0360335 0.0391308 0.0030329 0.00520018 -0.026138 -0.0146189 -0.0295507 0.00806658 0.0287739 0.0348349 -0.0402799 -0.0427421 -0.0481021 -0.0140184 0.0413371 0.0170974 -0.04485 -0.00322283 0.0436552
internal_weight=226.782 118.073 108.709 27.9459 32.1271 14.5868 21.5238 16.3366 4.24391 5.18728 13.3591 12.9032 12.0927 90.127 3.8137 11.7733 4.85796 12.1571 2.39763 10.6032
internal_count=7176 5460 1716 579 542 431 429 356 82 73 148 420 274 4881 164 118 51 412 45 113
is_linear=0
shrinkage=0.05


Tree=50
num_leaves=20
num_cat=0
split_feature=6 57 57 3 8 5 58 8 8 49 35 9 57 6 35 38 36 29 47
split_gain=121.609 21.7985 19.7273 10.3821 9.62839 7.84086 5.23803 9.76633 2.15618 1.83792 1.83382 1.38309 1.17389 0.913622 0.856127 0.644976 0.578185 0.224591 0.0139413
threshold=5.9423835277557382 0.04538575932383538 0.044130235910415656 0.384968250989914 0.63392856717109691 0.44862772524356848 1.0000000180025095e-35 0.39230769872665411 0.36602871119976049 0.26785714924335485 0.7910260558128358 5.5000000000000009 0.012422839645296337 6.4953796863555917 0.70530724525451671 0.89237451553344738 0.37176080048084265 3.8333333730697636 0.77500000596046459
decision_type=2 2 2 2 2 2 2 2 2 2 2 2 2 2 2 2 2 2 2
left_child=1 9 4 10 6 8 7 14 15 12 -3 -9 -1 -13 17 -5 -8 -2 -12
right_child=2 3 -4 5 -6 -7 16 11 -10 -11 18 13 -14 -15 -16 -17 -18 -19 -20
leaf_value=0.0037547244706091659 -0.0018080463689454122 -0.0081012421330618565 0.052792247997393509 -0.046601409026099896 0.044247910130194384 0.052344940873437329 -0.0030715878201794263 0.054345262031730651 0.017140087201400183 -0.001498120460199421 0.023244317445429482 -0.02149694827659893 -0.049696171629887473 0.024457959791314335 0.0063274181479978341 0 -0.049547887440055144 -0.044655597448007553 0.049713821602597179
leaf_weight=0.72706857323646445 0.67283398099244163 1.550043592229488 73.198550678789616 11.519780566915864 9.6788925975561124 1.9185020998120297 1.145511683076619 5.1318459771573544 0.9587112348526724 2.3621821776032439 4.0505139846354705 0.87791149504482779 82.986465640366077 1.485838785767555 0.59786308556795109 0.57840405404567796 6.409468287602067 5.3530202731490135 6.6038911864161491
leaf_count=31 13 29 1174 411 109 15 19 35 11 24 40 38 4826 16 13 4 126 173 69
internal_value=1.3288e-05 -0.0357099 0.0387295 0.0030979 0.00512651 -0.0239404 -0.013304 0.00476568 -0.0384314 -0.0479164 0.0359542 0.0416293 -0.0491341 0.0045869 -0.0362831 -0.0441892 -0.0442682 -0.0415213 0.0429378
internal_weight=217.807 113.256 104.552 27.1798 31.3532 14.9754 21.6743 14.1193 13.0569 86.0757 12.2044 7.4956 83.7135 2.36375 6.62372 12.0982 7.55498 6.02585 10.6544
internal_count=7176 5460 1716 579 542 441 433 288 426 4881 138 89 4857 54 199 415 145 186 109
is_linear=0
shrinkage=0.05


Tree=51
num_leaves=22
num_cat=0
split_feature=6 57 57 3 2 2 3 36 6 35 49 35 36 35 57 57 39 57 8 3 6
split_gain=114.486 21.0757 19.0326 9.64121 9.34923 5.57211 5.52307 3.39762 3.06815 2.02644 1.82932 1.65643 1.51653 1.41201 1.16594 0.820784 0.779422 1.08901 0.592642 0.180817 0.0705744
threshold=5.9423835277557382 0.04538575932383538 0.044130235910415656 0.43408639729022985 0.4083333313465119 0.19523809850215915 0.66807910799980175 0.4555336087942124 6.7326085567474374 0.52259087562561046 0.26785714924335485 0.7910260558128358 0.44543650746345526 0.66435045003891002 0.012422839645296337 0.065070353448390975 6.3950443267822275 0.062357790768146522 0.63392856717109691 0.50206610560417186 6.8764495849609384
decision_type=2 2 2 2 2 2 2 2 2 2 2 2 2 2 2 2 2 2 2 2 2
left_child=1 10 4 11 6 12 9 8 -8 -2 14 -3 -5 -9 -1 19 17 -13 -6 -14 -15
right_child=2 3 -4 5 18 -7 7 13 -10 -11 -12 16 15 20 -16 -17 -18 -19 -20 -21 -22
leaf_value=0.0036703442126161893 0.045924388907390146 -0.0078758419337734645 0.052542160585853592 0.0081711484407654845 0.010681205956324684 0.040351615691728647 -0.031769707644910584 -0.049963950867211372 0.039329226946070446 -0.011475603198931643 -0.0014463962486728546 -0.0026042750069346864 -0.0056872862878122529 0.002208341504754149 -0.049589809511056217 0.0036124551159358986 0.053221312344001862 0.037549811590687904 0.049187128662909002 -0.047798647426798659 -0.0097621521586455564
leaf_weight=0.72952135652303596 3.3725744187831941 1.5434727743268037 69.956323008984327 1.1646482199430455 2.2842848263680917 1.9026365764439095 1.7411962188780297 9.1147247552871686 2.38129354827106 1.6748020797967909 2.3601376824080935 2.6695235036313516 0.84326203912496289 1.2876975703984492 79.106333795934916 0.56238040328025896 5.8209072761237621 2.4328336343169212 7.6725993566215038 9.5596483983099443 1.0421605743467806
leaf_count=31 37 29 1174 28 18 17 61 229 21 36 24 31 14 30 4826 3 60 23 95 374 15
internal_value=3.43069e-05 -0.0353561 0.0383207 0.00318441 0.00498599 -0.0242648 -0.014076 -0.0286326 0.00798375 0.0273032 -0.0477303 0.0339601 -0.0370823 -0.0418058 -0.0490019 -0.0425879 0.0404557 0.018738 0.0425906 -0.0456217 -0.00296825
internal_weight=209.223 108.695 100.528 26.4993 30.5713 14.0326 20.6144 15.5671 4.12249 5.04738 82.196 12.4667 12.1299 11.4446 79.8359 10.9653 10.9233 5.10236 9.95688 10.4029 2.32986
internal_count=7176 5460 1716 579 542 436 429 356 82 73 4881 143 419 274 4857 391 114 54 113 388 45
is_linear=0
shrinkage=0.05


Tree=52
num_leaves=23
num_cat=0
split_feature=6 20 4 8 29 49 6 39 29 4 2 5 2 35 35 34 35 34 29 39 46 35
split_gain=107.839 19.7185 19.5822 9.88878 7.67267 6.13985 4.39462 2.62009 2.42206 1.80554 1.65619 1.56001 1.40776 1.34012 1.26974 1.04802 0.806521 0.803742 0.285524 0.130262 0.0964935 0.0704803
threshold=5.9423835277557382 1.0000000180025095e-35 0.3298212736845017 0.63392856717109691 6.4166667461395273 0.26785714924335485 7.0446858406066903 7.0446858406066903 10.583333492279055 0.57669684290885936 0.47213622927665716 0.73557159304618847 0.4083333313465119 0.77251383662223827 0.92269384860992443 0.93750000000000011 0.57369175553321849 0.47222222387790685 11.833333492279055 5.588510513305665 0.86607143282890331 0.53779494762420665
decision_type=2 2 2 2 2 2 2 2 2 2 2 2 2 2 2 2 2 2 2 2 2 2
left_child=2 3 4 6 13 7 9 10 -3 -2 15 12 -11 16 17 20 -1 -6 -19 -15 -4 -5
right_child=1 8 5 21 14 -7 -8 -9 -10 11 -12 -13 -14 19 -16 -17 -18 18 -20 -21 -22 -23
leaf_value=0.026614736021652305 0.016840929061316692 0.053119097611270955 -0.050207359021039982 0.046449357187361311 -0.041650510420389447 0.014189480310702933 0.0227196090409418 0.0059934062310209053 -0.0011554364462665816 -0.048093095675130475 0.016616918353640906 0.011324624300240815 0.0012674693572217691 0.016103654587633777 0.017791078727829566 0.0039675891447494152 -0.018598761108738576 -0.011327518939526476 0.0203128929415302 0.050468664607008301 -0.014685060188254434 0.013802817570861639
leaf_weight=0.70084398426115813 0.99548545293510571 68.402511216700077 79.065160559490323 6.7888725101947767 4.9175625061616293 3.7061796709895125 3.8010958768427363 1.8731542527675618 1.8893828317522992 10.762520795688028 0.40643376111984153 0.93245901726186353 1.3662101514637477 2.0801742412149888 0.58864782750606526 0.6003958135843267 1.3460172861814497 0.41171379387378682 0.34682720806449652 6.6782069504261017 1.6001779474318016 1.7760680764913557
leaf_count=13 21 1184 4893 85 282 38 37 39 18 331 2 11 11 25 3 4 32 24 21 71 13 18
internal_value=6.34498e-05 0.037919 -0.0350111 0.000801451 0.0131105 -0.0445242 -0.0200516 -0.047325 0.0515944 -0.0326903 -0.048666 -0.0377502 -0.0424791 0.0375888 -0.0277833 -0.0492513 0 -0.0352156 0.00362047 0.0453058 -0.0497524 0.0423532
internal_weight=201.036 96.7146 104.321 26.4227 17.07 87.2515 17.8578 83.5453 70.2919 14.0567 81.6722 13.0612 12.1287 10.8052 6.26475 81.2657 2.04686 5.6761 0.758541 8.75838 80.6653 8.56494
internal_count=7176 1716 5460 514 471 4989 411 4951 1202 374 4912 353 342 141 330 4910 45 327 45 96 4906 103
is_linear=0
shrinkage=0.05


Tree=53
num_leaves=21
num_cat=0
split_feature=6 57 20 8 3 5 6 29 8 57 3 47 57 38 57 25 53 36 2 8
split_gain=101.58 19.8444 18.8025 9.2521 8.36668 7.08519 4.19478 2.3943 2.26164 1.95872 1.75601 1.64485 1.27428 1.15962 1.12999 1.03843 0.864958 0.463378 0.330643 0.275311
threshold=5.9423835277557382 0.04538575932383538 1.0000000180025095e-35 0.63392856717109691 0.384968250989914 0.44862772524356848 6.8764495849609384 10.583333492279055 0.48333333432674414 0.06454572826623918 0.57669684290885936 0.77500000596046459 0.048655705526471145 0.54616478085517894 0.012422839645296337 1.0000000180025095e-35 6.8764495849609384 0.64400920271873485 0.47213622927665716 0.29285715520381933
decision_type=2 2 2 2 2 2 2 2 2 2 2 2 2 2 2 2 2 2 2 2
left_child=1 14 3 6 11 9 10 -4 17 19 -2 12 -3 16 -1 -16 -12 -8 -5 -6
right_child=2 4 7 18 5 -7 8 -9 -10 -11 13 -13 -14 -15 15 -17 -18 -19 -20 -21
leaf_value=0.0043546609107405496 0.016287504189746851 -0.01742758721061155 0.052878230968812369 0.011426323805221607 -0.046996934619618708 0.050739517091678746 0.0040148194328499453 -0.0011176222907474385 0.037161811271716728 0.0052345688456583855 -0.048693473509841129 0.048743188783438328 0.02577418976384422 0.0075999337142709988 -0.048808318678884577 -0.0014412221660243018 0.0005883938582020385 -0.030080396919982266 0.047582485103793676 0
leaf_weight=0.70719724521040817 0.84215729869902745 1.9123388398438708 65.359852038323879 1.9770213700830916 9.3972771484404767 1.8573700003325928 0.95344555564224664 1.8894763886928547 3.2362432479858398 1.8925441317260254 9.5622229445725626 6.5140274092555046 3.0738168470561504 0.68839753232896406 72.892870273441076 1.4596517011523236 0.72896519303321916 1.4380169641226528 6.342497743666172 0.49611683189869005
leaf_count=31 18 33 1184 18 402 15 15 18 22 14 290 72 33 14 4836 14 19 33 85 10
internal_value=0.00010784 -0.0346302 0.0375526 0.000928883 0.00355785 -0.0220228 -0.0194329 0.0512937 0.013871 -0.0369522 -0.0355223 0.0336397 0.00822636 -0.0409415 -0.0473667 -0.0479763 -0.0450169 -0.0178371 0.041675 -0.045221
internal_weight=193.222 100.203 93.0183 25.769 25.1435 13.6433 17.4494 67.2493 5.62771 11.7859 11.8217 11.5002 4.98616 10.9796 75.0597 74.3525 10.2912 2.39146 8.31952 9.89339
internal_count=7176 5460 1716 514 579 441 411 1202 70 426 341 138 66 323 4881 4850 309 48 103 412
is_linear=0
shrinkage=0.05


Tree=54
num_leaves=22
num_cat=0
split_feature=6 3 20 2 29 3 49 37 35 6 29 42 2 35 8 35 6 2 45 46 42
split_gain=95.7383 18.1709 17.9288 8.69777 6.75221 5.96275 5.84354 3.07756 2.44513 2.39034 2.36719 2.15933 1.55267 1.1641 0.849083 0.773874 0.487778 0.409007 1.60204 0.13514 0.116404
threshold=5.9423835277557382 0.3298212736845017 1.0000000180025095e-35 0.4083333313465119 6.4166667461395273 0.57669684290885936 0.26785714924335485 0.44543650746345526 0.9981481432914735 6.7326085567474374 10.583333492279055 0.23904761672019961 0.47213622927665716 0.77251383662223827 0.63392856717109691 0.57369175553321849 7.2474184036254892 0.26969698071479803 9.4308490753173846 0.86607143282890331 0.70551037788391124
decision_type=2 2 2 2 2 2 2 2 2 2 2 2 2 2 2 2 2 2 2 2 2
left_child=1 4 3 5 13 -2 8 9 12 -7 -4 -6 17 15 -5 -1 -9 19 -19 20 -3
right_child=2 6 10 14 11 7 -8 16 -10 -11 -12 -13 -14 -15 -16 -17 -18 18 -20 -21 -22
leaf_value=0.026385939730852133 0.036000391286535281 -0.050189727521263633 0.052642765440996879 0.0045735505793011366 -0.041009972939571072 -0.030214141926516114 0.013677883285476101 -0.049168009941480295 0.014857749787127079 0.035685678881073581 -0.0010810451147773587 0.018921558673954779 0.015793120013697422 0.043727836339618541 0.047593064441334258 -0.018066303397922184 0 -0.03367580036145678 0.030338475921411756 -0.013777071122544483 0
leaf_weight=0.7007991224527389 2.953960966318852 70.38680690061301 62.447675582021475 1.9391177445650081 4.6084309788420788 1.5785422790795558 3.6399646252393714 9.4902869043871725 1.0307164713740338 1.924375422298908 1.8895669132471073 1.2561939368024466 0.39440189301967521 8.3586623985320312 6.5345516353845596 1.2995636314153669 0.67037003487348634 2.2374880909919734 0.43915659189224232 1.5563718788325775 0.31219976395368476
leaf_count=13 36 4789 1184 16 303 63 38 278 9 19 18 27 2 96 90 32 12 133 2 13 3
internal_value=0.000140535 -0.0342774 0.0371974 0.00102584 0.0130783 -0.019598 -0.0439859 -0.0335944 -0.0469406 0.00476355 0.050996 -0.026558 -0.0480353 0.0363206 0.0397982 0 -0.0465083 -0.0486407 -0.016418 -0.0495257 -0.0500398
internal_weight=185.649 96.2208 89.4284 25.0912 16.2237 16.6175 79.9971 13.6636 76.3571 3.50292 64.3372 5.86462 75.3264 10.359 8.47367 2.00036 10.1607 74.932 2.67664 72.2554 70.699
internal_count=7176 5460 1716 514 471 408 4989 372 4951 82 1202 330 4942 141 106 45 290 4940 135 4805 4792
is_linear=0
shrinkage=0.05


Tree=55
num_leaves=28
num_cat=0
split_feature=2 47 20 58 2 3 5 29 34 31 29 9 3 40 9 3 5 57 3 57 29 36 25 29 38 38 2
split_gain=88.9825 23.1008 13.4765 7.94226 7.35649 6.03158 4.59839 3.96963 2.71481 2.13908 1.91419 1.242 1.23657 0.901412 0.629853 0.555216 0.526517 0.475051 0.413373 0.328044 0.315091 0.277052 0.215419 0.540407 0.281368 0.647856 0.103681
threshold=0.23904761672019961 0.81666666269302379 1.0000000180025095e-35 1.0000000180025095e-35 0.5419580638408662 0.35329985618591314 0.50781443715095531 3.4166666269302373 0.47222222387790685 2.5000000000000004 4.8333332538604745 4.5000000000000009 0.72377106547355663 6.9531397819519052 6.5000000000000009 0.47413024306297308 0.75204917788505565 0.031910113990306861 0.86124861240386974 0.047879064455628402 11.166666507720949 0.94028520584106456 1.0000000180025095e-35 9.8333334922790545 0.80707195401191723 0.81934732198715221 0.27525253593921667
decision_type=2 2 2 2 2 2 2 2 2 2 2 2 2 2 2 2 2 2 2 2 2 2 2 2 2 2 2
left_child=1 5 3 14 16 7 22 -1 13 -10 12 -8 -3 -9 -2 -12 21 -13 -14 -11 -4 -5 24 -24 -7 -26 -16
right_child=2 10 20 4 -6 6 11 8 9 19 15 17 18 -15 26 -17 -18 -19 -20 -21 -22 -23 23 -25 25 -27 -28
leaf_value=0.036765219012340165 0.04406895045340721 0.04921032551871074 0.053127975886014971 -0.048924315111344319 0.039015931092548306 -0.049073425253814723 0.039266662411552217 -0.043744387860567113 0.046567223405928844 -0.027609695186963351 0.011113166174099402 -0.025399630543509757 -0.0055799537016732268 0.0098103068333085033 -0.004569004624694316 -0.025622265824025811 0 0.011046671396964608 0.021314684182170317 0.0041723211499316735 0.0077875636862790301 -0.0041509432190595802 0.0018384868573491282 -0.03277895630456279 0.01252607414870357 -0.028532223668471659 0.011939499634850309
leaf_weight=2.895126959308981 7.3212789595127106 7.1417212560772878 55.965989085845649 7.4767212038859689 2.8303317092359075 67.63633291143924 1.1474633896723383 6.054129818454383 1.3138296231627467 1.2929849671199916 0.96925357729196493 1.1326985405758021 1.7230273392051461 0.35407141968607891 0.80577601492404916 1.1082258336246011 0.5300164036452778 0.56030742079019535 1.9385577738285062 0.53124411404132832 1.0241295909509052 0.82498652208596457 1.3827818445861333 1.5668120849877594 0.59838896896690075 1.6462092669680712 0.6878594271838665
leaf_count=31 91 90 1118 298 40 4654 17 347 11 60 11 62 20 4 32 31 10 11 34 6 9 20 17 27 23 88 14
internal_value=0.000165103 -0.0306037 0.0402206 0.00483041 -0.0213132 -0.0397512 -0.0450114 -0.00641754 -0.0222321 0.0122833 0.0299669 0.0123397 0.0379637 -0.0391856 0.0385751 -0.00881659 -0.0431575 -0.011858 0.00910421 -0.0183837 0.0525478 -0.0459371 -0.0474527 -0.0189277 -0.0483021 -0.0155584 0.00276769
internal_weight=178.46 100.993 77.4671 20.477 11.6621 88.1124 75.671 12.4414 9.54626 3.13806 12.8808 2.84047 10.8033 6.4082 8.81491 2.07748 8.83172 1.69301 3.66159 1.82423 56.9901 8.30171 72.8305 2.94959 69.8809 2.2446 1.49364
internal_count=7176 5544 1632 505 368 5358 4899 459 428 77 186 90 144 351 137 42 328 73 54 66 1127 318 4809 44 4765 111 46
is_linear=0
shrinkage=0.05


Tree=56
num_leaves=21
num_cat=0
split_feature=6 57 20 8 3 5 6 35 29 35 49 2 57 3 2 29 57 36 34 5
split_gain=85.4514 17.8441 16.358 7.78317 6.77681 6.44909 4.07681 3.031 2.26784 2.14933 1.7439 1.50005 1.21449 1.12059 1.04232 0.590408 0.46838 0.443438 0.418028 0.0813118
threshold=5.9423835277557382 0.04538575932383538 1.0000000180025095e-35 0.61250001192092907 0.48639392852783209 0.45999288558959966 6.7326085567474374 0.51483678817749035 10.583333492279055 0.77251383662223827 0.26785714924335485 0.19523809850215915 0.012422839645296337 0.58908730745315563 0.4083333313465119 5.8333332538604745 0.048039147630333907 0.48528139293193823 0.93750000000000011 0.35149985551834112
decision_type=2 2 2 2 2 2 2 2 2 2 2 2 2 2 2 2 2 2 2 2
left_child=1 10 3 6 9 11 13 17 -4 -3 12 18 -1 -2 -5 16 -11 -8 -6 -9
right_child=2 4 8 14 5 -7 7 19 -10 15 -12 -13 -14 -15 -16 -17 -18 -19 -20 -21
leaf_value=0.0056584777184878711 0.006444258700216453 -0.018725238156987508 0.05223012244582307 0 -0.046837482270566617 0.049641159456277485 0.043374165310027357 -0.0026252500429594363 -0.00083399939523913069 0.013791012698349231 -0.0012829093870224306 0.013542165291031701 -0.049067123328395496 -0.047669331792928399 0.045389075819128197 0.0052468744243556005 0.049403854497064394 0.0080356244730195071 0 -0.033896672290022412
leaf_weight=0.6653664093464603 0.65371482633054423 1.3441818868741418 57.10093704611063 1.7743676155805568 8.4592408835887856 1.5836657006293524 2.0397277381271124 0.81971233896911178 1.8616491220891465 2.7363218981772643 2.3141844309866419 0.65486589819192964 62.663281270302832 7.2789563005790114 6.6954314634203911 2.0151133621111503 6.0384245552122593 2.6669753864407539 0.43560865521431047 1.8542571319267152
leaf_count=31 19 30 1184 15 402 11 19 22 18 21 24 7 4826 271 96 27 79 28 2 44
internal_value=0.000196267 -0.0336261 0.0365657 0.00121003 0.00371973 -0.0231518 -0.0195674 0.00653707 0.0504854 0.0286414 -0.0467958 -0.0392584 -0.0483354 -0.042428 0.037403 0.0360541 0.0413569 0.0291433 -0.0446268 -0.0289951
internal_weight=171.656 88.9103 82.7457 23.7831 23.2674 11.1334 15.3133 7.38067 58.9626 12.134 65.6428 9.54972 63.3286 7.93267 8.4698 10.7899 8.77475 4.7067 8.89485 2.67397
internal_count=7176 5460 1716 514 579 422 403 113 1202 157 4881 411 4857 290 111 127 100 47 404 66
is_linear=0
shrinkage=0.05


Tree=57
num_leaves=27
num_cat=0
split_feature=2 47 9 35 29 57 49 5 57 12 49 3 29 49 3 2 9 3 35 35 48 5 35 2 2 3
split_gain=79.4251 20.8806 11.2182 6.65959 4.41769 3.71081 4.32904 3.50404 2.01564 2.41305 1.95844 1.91721 1.71236 1.55184 1.38837 1.23707 1.21137 0.74846 0.587791 1.03008 0.536294 0.463592 0.461559 0.306546 0.295712 0.199985
threshold=0.23904761672019961 0.81666666269302379 6.5000000000000009 0.89848890900611889 2.1666666269302373 0.044130235910415656 0.26785714924335485 0.50781443715095531 0.031786106526851661 1.0000000180025095e-35 0.26785714924335485 0.3298212736845017 4.1666667461395273 0.26785714924335485 0.36535926163196569 0.051315790042281158 1.5000000000000002 0.73235049843788158 0.42550456523895269 0.40618114173412329 1.0000000180025095e-35 0.57032969594001781 0.42550456523895269 0.14039409160614016 0.38675214350223547 0.86124861240386974
decision_type=2 2 2 2 2 2 2 2 2 2 2 2 2 2 2 2 2 2 2 2 2 2 2 2 2 2
left_child=1 3 5 4 14 6 8 16 24 -10 -4 -5 17 21 -1 -13 -6 -3 19 -18 -14 -9 -11 -16 -2 -19
right_child=2 12 10 11 7 -7 -8 13 9 22 -12 15 20 -15 23 -17 18 25 -20 -21 -22 -23 -24 -25 -26 -27
leaf_value=0.040478562481430891 0 0.048465128305465482 -0.040419796032194401 0.043478073050032567 0 0.052350407851532194 0.047328841088288172 -0.02656131582991941 0.023214139541876583 -0.001210664431598135 0.013811097325368388 -0.03229248353185659 -0.018932927342145762 0.04794679697248147 -0.022629327381416077 0.01993692733289484 -0.031404899453431008 -0.00015839421590673324 -0.048897107813912842 0.01698222890043254 0.014064292053721351 0.0090138027246707969 -0.043732304649879782 0.0070206558930303161 0.03647506110285053 0.019675652534415101
leaf_weight=1.2168442215770476 0.91723421122878646 6.1068481877446157 3.9913568841293445 2.0293531119823447 1.193919981829821 49.800530217587948 7.4534593261778346 1.2228062823414796 1.611501728184521 1.1125020720064638 1.7187209036201236 1.6072936803102496 1.538020741194486 0.57539527490735043 1.24437256809324 1.0078625101596115 1.8153289267793291 1.4385460130870344 67.482864389196038 0.85273773036897171 1.3207799810916183 0.63205408491194237 3.2341050310060382 0.49010832607746113 1.639272481203079 1.7815940678119657
leaf_count=12 30 85 256 19 19 1106 95 60 25 17 13 39 29 5 59 13 115 18 4947 41 21 19 72 10 18 33
internal_value=0.000223236 -0.0299338 0.0396325 -0.039077 -0.0426027 0.0454811 0.0219402 -0.0450118 -0.00239723 -0.0182666 -0.0237257 0.0155098 0.0290742 0.00909714 0.012504 -0.0108337 -0.0470244 0.0386151 -0.047864 -0.0141632 -0.00269826 -0.0137764 -0.0360462 -0.0129191 0.0279185 0.0116924
internal_weight=165.035 93.5567 71.4787 81.3709 76.7264 65.7686 15.9681 73.7751 8.51462 5.95811 5.71008 4.64451 12.1858 2.43026 2.95133 2.61516 71.3449 9.32699 70.1509 2.66807 2.8588 1.85486 4.34661 1.73448 2.55651 3.22014
internal_count=7176 5544 1632 5358 5287 1363 257 5206 162 114 269 71 186 84 81 52 5122 136 5103 156 50 79 89 69 48 51
is_linear=0
shrinkage=0.05


Tree=58
num_leaves=23
num_cat=0
split_feature=6 4 20 8 42 49 6 35 5 39 29 34 46 2 4 46 35 36 2 36 5 35
split_gain=76.3004 15.9185 14.9727 6.94439 5.49915 5.26035 3.46611 2.79845 2.78919 2.44622 2.18429 1.63144 1.55062 1.36001 1.00719 0.903108 0.802853 0.798911 0.609139 0.355386 0.11016 0.089422
threshold=5.9423835277557382 0.3298212736845017 1.0000000180025095e-35 0.63392856717109691 0.048809524625539787 0.26785714924335485 6.7326085567474374 0.51483678817749035 0.23553323745727542 7.0446858406066903 10.583333492279055 0.41428571939468389 0.86607143282890331 0.47213622927665716 0.57669684290885936 0.86607143282890331 0.85528013110160839 0.93405798077583324 0.41885964572429663 0.48528139293193823 0.34054243564605718 0.94883266091346752
decision_type=2 2 2 2 2 2 2 2 2 2 2 2 2 2 2 2 2 2 2 2 2 2
left_child=1 4 3 6 8 9 14 19 12 13 -4 16 -1 15 -2 21 -6 -16 -5 -8 -9 -3
right_child=2 5 10 18 11 -7 7 20 -10 -11 -12 -13 -14 -15 17 -17 -18 -19 -20 -21 -22 -23
leaf_value=-0.042161599726844703 0.008110486280342926 -0.049905448725580046 0.051853164677304234 0.0033206826536372165 -0.023250101503489898 0.01288635464282304 0.041964733690657945 -0.0012278491144682045 0.036724244616423062 0.0075089876384852308 -0.0008522573444865848 0.049814755054827083 0.01953523855624063 0.013787530699457141 -0.04754326468216194 -0.0081261605819835971 0.020726503221113676 0 0.045961013928033125 0.0087796003705108601 -0.033018267672662034 0
leaf_weight=4.9680733047425738 0.60787263140082526 59.726742910221219 52.259820822626352 1.4447810798883427 0.949535202234982 3.4302826710045329 2.0040442179888478 0.77156445197761092 0.85733436979353417 1.6335759349167336 1.8143697101622809 6.1540228500962257 0.49894295632839192 0.36257025599479575 6.7268868163228035 2.0674198232591143 1.2190528828650711 0.8887722324579953 5.6623900942504406 2.7059328109025955 1.7683543143793938 0.2861897349357595
leaf_count=319 17 4890 1184 13 43 38 19 21 13 39 18 79 3 2 258 17 14 22 90 29 45 3
internal_value=0.000280164 -0.0329732 0.0359491 0.00137093 0.0132876 -0.0431309 -0.0171186 0.00727513 -0.0196785 -0.0463585 0.0500106 0.0382985 -0.0336077 -0.0479427 -0.0376234 -0.0485953 0 -0.0423718 0.0393884 0.0286517 -0.0278485 -0.0497515
internal_weight=158.809 82.1537 76.6548 22.5806 14.647 67.5068 15.4734 7.2499 6.32435 64.0765 54.0742 8.32261 5.46702 62.4429 8.22353 62.0804 2.16859 7.61566 7.10717 4.70998 2.53992 60.0129
internal_count=7176 5460 1716 514 471 4989 411 114 335 4951 1202 136 322 4912 297 4910 57 280 103 48 66 4893
is_linear=0
shrinkage=0.05


Tree=59
num_leaves=20
num_cat=0
split_feature=6 20 3 2 42 3 49 5 35 57 29 37 34 46 6 35 8 46 42
split_gain=71.8608 16.6301 15.8646 7.23963 5.04517 4.96782 4.4719 2.69779 2.37594 2.27511 2.22749 1.96555 1.55819 1.50596 1.44298 0.765313 0.655655 0.371944 0.151121
threshold=5.7751989364624032 1.0000000180025095e-35 0.3298212736845017 0.4083333313465119 0.048809524625539787 0.66807910799980175 0.26785714924335485 0.23553323745727542 0.52259087562561046 0.064049512147903456 10.583333492279055 0.44543650746345526 0.41428571939468389 0.86607143282890331 6.7326085567474374 0.85528013110160839 0.63392856717109691 0.86607143282890331 0.74596774578094494
decision_type=2 2 2 2 2 2 2 2 2 2 2 2 2 2 2 2 2 2 2
left_child=2 3 4 5 7 8 9 13 -2 17 -3 14 15 -1 -7 -6 -5 18 -4
right_child=1 10 6 16 12 11 -8 -9 -10 -11 -12 -13 -14 -15 -16 -17 -18 -19 -20
leaf_value=-0.041757684488843448 0.042139119026690347 0.052054136956294676 -0.049742107552459114 0.0046250075733776852 -0.02292000998670074 -0.028486257495434011 0.009812245124733273 0.036421663286166188 -0.021903471311630843 0.0013907915315539822 -0.0010129189184171822 -0.04757374105190295 0.048873299592532025 0.019272632730039718 0.025091664060968036 0.020109196394894866 0.045502987116998024 -0.0082758175416623291 0
leaf_weight=4.7514635054394594 3.1168821630999473 50.594110548496246 56.218712362460792 1.7833756655454625 0.9299499355256543 1.4240177385509007 3.1797804757952681 0.85053260717540968 1.3534083096310494 2.0817909315228453 1.8251330023631442 8.3512396654114109 5.9825897756963968 0.49420035630464543 1.6055803354829548 1.2242163829505441 5.4489027447998524 1.2927716486155976 0.23024823516607185
leaf_count=317 43 1190 4831 16 43 73 34 12 48 19 19 314 79 3 17 14 90 12 2
internal_value=0.000315772 0.0348031 -0.0333475 -0.000427467 0.0133122 -0.0193822 -0.0440097 -0.0188793 0.0213762 -0.047067 0.0501285 -0.0362291 0.0374044 -0.0330422 0 0 0.0378167 -0.0488931 -0.049576
internal_weight=152.739 75.5027 77.2363 23.0834 14.233 15.8511 63.0033 6.0962 4.47029 59.8235 52.4192 11.3808 8.13676 5.24566 3.0296 2.15417 7.23228 57.7417 56.449
internal_count=7176 1810 5366 601 468 495 4898 332 91 4864 1209 404 136 320 90 57 106 4845 4833
is_linear=0
shrinkage=0.05


Tree=60
num_leaves=27
num_cat=0
split_feature=2 47 20 49 35 5 9 3 9 26 3 2 49 5 49 35 8 2 5 38 48 35 35 38 38 38
split_gain=67.2421 17.986 10.8295 6.81176 5.94458 3.11019 2.95732 2.8525 2.82873 2.00762 1.50982 2.34148 1.39445 1.13302 1.01161 0.780271 0.638979 0.899791 0.406737 0.291915 0.266242 0.210538 0.111111 0.178457 0.123084 0.0632365
threshold=0.23904761672019961 0.81666666269302379 1.0000000180025095e-35 0.26785714924335485 0.89848890900611889 0.50781443715095531 2.5000000000000004 0.35329985618591314 4.5000000000000009 1.0000000180025095e-35 0.72377106547355663 0.075498577207326903 0.26785714924335485 0.73557159304618847 0.41666667163372045 0.51483678817749035 0.39230769872665411 0.15075758099555972 0.57032969594001781 0.16302800178527835 1.0000000180025095e-35 0.61292666196823131 0.65990433096885692 0.42752100527286535 0.097406703978776946 0.075498577207326903
decision_type=2 2 2 2 2 2 2 2 2 2 2 2 2 2 2 2 2 2 2 2 2 2 2 2 2 2
left_child=1 4 3 8 5 6 7 -1 15 -6 20 -12 18 -10 -9 -2 -8 -18 -7 -5 -3 -4 24 -24 25 -19
right_child=2 10 21 19 9 12 16 14 13 -11 11 -13 -14 -15 -16 -17 17 22 -20 -21 -22 -23 23 -25 -26 -27
leaf_value=0.027986436391389247 0.024829739197004118 0.011323337111574815 0.0092520759230732934 0.04546780233710479 0.04038323157121862 -0.025106779922371605 -0.048873812475951045 -0.042873594357317441 -0.045230568931204224 -0.016424301918007752 -0.034175213690704115 0.029729609930505552 0.046690510232051369 0.0072646841602714788 0.011510616127152706 -0.01178358275330337 0.019309730154514124 -0.010123052262011345 0.0086288020715041963 0.010143629959651169 0.045655256850850895 0.052228358161327149 0.0067453572350354186 -0.016077541279604691 -0.03656575632650582 0.0041554631762298231
leaf_weight=2.3478675642982116 2.5406258534640092 1.9925826760008911 1.0559363355860103 5.4899126291275016 2.321935678832233 1.1114610927179449 54.909692283719778 2.8987718671560292 5.7327768867835402 1.9911561496555794 1.6047874297946694 2.1809937618672848 0.5583493337035178 0.73072100803256024 0.46793102473020542 1.4752819100394843 0.36344789247959752 0.37152457423508201 0.59616973064839829 1.8474448416382072 5.4657921930775046 44.519244289025664 0.64152168296277501 0.59590109530836344 2.6813371712341905 0.36257557850331068
leaf_count=29 35 32 15 74 33 60 4717 147 332 38 34 41 5 11 5 31 27 29 19 22 79 1112 22 41 174 12
internal_value=0.000339375 -0.0289709 0.0388585 0.00508889 -0.0381268 -0.0417471 -0.0437447 -0.00693457 -0.0198799 0.0150614 0.0277385 0.000115036 0.0102637 -0.0384477 -0.0332648 0.0107149 -0.0470014 -0.0209581 -0.0126454 0.0394568 0.0394974 0.05156 -0.0278475 -0.00428418 -0.0323485 -0.00185796
internal_weight=146.856 83.4638 63.3919 17.8168 72.2196 67.9066 65.6406 5.71457 10.4794 4.31309 11.2442 3.78578 2.26598 6.4635 3.3667 4.01591 59.926 5.01631 1.70763 7.33736 7.45837 45.5752 4.65286 1.23742 3.41544 0.7341
internal_count=7176 5544 1632 505 5358 5287 5203 181 409 71 186 75 84 343 152 66 5022 305 79 96 111 1127 278 63 215 41
is_linear=0
shrinkage=0.05


Tree=61
num_leaves=20
num_cat=0
split_feature=6 20 3 2 3 42 49 5 29 57 35 36 34 46 6 35 8 46 42
split_gain=64.1005 15.1318 14.7851 6.5125 4.56123 4.48975 4.31796 2.5029 2.17604 2.16441 2.15464 1.89938 1.41104 1.40071 1.33652 0.713442 0.613667 0.356909 0.144929
threshold=5.7751989364624032 1.0000000180025095e-35 0.3298212736845017 0.4083333313465119 0.66807910799980175 0.048809524625539787 0.26785714924335485 0.23553323745727542 10.583333492279055 0.064049512147903456 0.52259087562561046 0.44543650746345526 0.41428571939468389 0.86607143282890331 6.7326085567474374 0.85528013110160839 0.63392856717109691 0.86607143282890331 0.74596774578094494
decision_type=2 2 2 2 2 2 2 2 2 2 2 2 2 2 2 2 2 2 2
left_child=2 3 5 4 10 7 9 13 -3 17 -2 14 15 -1 -6 -7 -5 18 -4
right_child=1 8 6 16 11 12 -8 -9 -10 -11 -12 -13 -14 -15 -16 -17 -18 -19 -20
leaf_value=-0.041110777506563084 0.040793104752079506 0.051662811947690096 -0.049595416665816509 0.0044898194388268966 -0.027613709312214046 -0.022246395493587243 0.0096885079526166061 0.034901861780476655 -0.0013135802131428018 0.001009407730066876 -0.020959301662656197 -0.046937921995283488 0.047738565087737141 0.018411409085734815 0.02452601523460041 0.019650849940776191 0.044724071643223645 -0.0083013970136866927 0
leaf_weight=4.4138807551935297 3.0213793292641666 46.288608562201262 51.282981142401695 1.7523774504661549 1.3428247831761821 0.88589824549853835 3.1207151748239985 0.85648796427994955 1.7787491623312224 2.0372389517724505 1.295979496091604 7.8004548875615001 5.6673142127692699 0.4783496931195258 1.5848527047783134 1.2018798571079967 5.1038110964000225 1.2817958183586586 0.23038596659898658
leaf_count=317 43 1190 4831 16 73 43 34 12 19 19 48 314 79 3 17 14 90 12 2
internal_value=0.000381682 0.0341882 -0.0326669 -0.000135607 -0.0186003 0.013379 -0.043526 -0.0178635 0.0496137 -0.0467635 0.0208604 -0.0353315 0.0365047 -0.0323053 0 0 0.0369575 -0.0486843 -0.0494167
internal_weight=141.426 69.969 71.4569 21.9017 15.0455 13.5038 57.9531 5.74872 48.0674 54.8324 4.31736 10.7281 7.75509 4.89223 2.92768 2.08778 6.85619 52.7952 51.5134
internal_count=7176 1810 5366 601 495 468 4898 332 1209 4864 91 404 136 320 90 57 106 4845 4833
is_linear=0
shrinkage=0.05


Tree=62
num_leaves=24
num_cat=0
split_feature=6 3 57 2 49 42 3 36 5 57 6 35 46 34 35 2 35 8 46 2 42 35 35
split_gain=60.3152 14.1546 14.0383 5.63826 4.21804 4.15439 3.66902 2.49015 2.38954 2.14609 1.96678 1.67218 1.36216 1.34803 1.03545 0.700456 0.680571 0.474426 0.365749 0.159321 0.144283 0.0403477 0.187583
threshold=5.7751989364624032 0.3298212736845017 0.044130235910415656 0.4083333313465119 0.26785714924335485 0.048809524625539787 0.66807910799980175 0.4555336087942124 0.23553323745727542 0.064049512147903456 6.7326085567474374 0.4406543374061585 0.86607143282890331 0.41428571939468389 0.73443803191185009 0.23904761672019961 0.85528013110160839 0.61250001192092907 0.86607143282890331 0.17752101272344592 0.74596774578094494 0.66435045003891002 0.67350539565086376
decision_type=2 2 2 2 2 2 2 2 2 2 2 2 2 2 2 2 2 2 2 2 2 2 2
left_child=1 5 3 6 9 8 11 10 12 18 -8 -2 -1 16 21 -13 -7 -5 20 -4 -3 -9 -23
right_child=2 4 19 17 -6 13 7 14 -10 -11 -12 15 -14 -15 -16 -17 -18 -19 -20 -21 -22 22 -24
leaf_value=-0.040730838827878639 0.046632055046635937 -0.049513253083932056 0.015435728072654548 0.003644061634272334 0.009307083438588425 -0.021932517388184455 -0.027817606418205271 -0.047050252644284855 0.033965774796130332 0.00097560394082194966 0.032283231317637509 -0.022504837128039596 0.018170423949187765 0.046813003345959822 0.0072417255156703338 0.017197246766968759 0.019072074675069196 0.043274944149086947 -0.0080880087200841458 0.051633315380134187 0 0.0023153322547946839 -0.021466966521403237
leaf_weight=4.2458938164636475 2.1306087048724356 48.862427229993045 1.7654848583042611 1.3924352414906014 3.1269973069429389 0.86840364616364274 1.3660244056954973 6.9005335615947807 0.86346803512424219 2.0370891466736785 2.1720677092671394 1.5017868885770442 0.47383592277765263 5.514091219753027 0.64753937348723489 0.9476388283073901 1.2066592834889887 5.7488967142999172 1.2763559743762005 41.299258325248957 0.23038596659898658 0.59429688192903973 0.87105345539748669
leaf_count=317 25 4831 27 12 34 43 75 254 12 19 21 59 3 79 19 11 14 101 12 1154 2 9 43
internal_value=0.000405261 -0.0322854 0.0338176 0.00293898 -0.0432123 0.0132269 -0.012492 -0.0261726 -0.0172553 -0.0465553 0.00696052 0.0220749 -0.0318004 0.0356323 -0.0390741 -0.00516268 0 0.0375585 -0.0485565 0.0506468 -0.0493263 -0.0435834 -0.0127668
internal_weight=136.043 68.7056 67.3376 24.2729 55.5333 13.1724 17.1315 12.5515 5.5832 52.4063 3.53809 4.58003 4.71973 7.58915 9.01342 2.44943 2.07506 7.14133 50.3692 43.0647 49.0928 8.36588 1.46535
internal_count=7176 5366 1810 629 4898 468 516 421 332 4864 96 95 320 136 325 70 57 113 4845 1181 4833 306 52
is_linear=0
shrinkage=0.05


Tree=63
num_leaves=27
num_cat=0
split_feature=2 57 20 58 8 39 36 36 38 29 34 38 34 5 5 35 5 35 29 9 3 9 35 2 3 5
split_gain=56.7731 15.6253 9.54655 6.00186 5.55529 4.43422 3.49491 2.75814 2.58363 2.04652 1.54809 1.33209 1.11702 1.00677 0.962219 0.924527 0.695725 0.619368 0.611971 0.434062 0.38971 0.384965 0.379143 0.632249 0.267822 0.106645
threshold=0.23904761672019961 0.04538575932383538 1.0000000180025095e-35 1.0000000180025095e-35 0.80909091234207164 6.3950443267822275 0.42163743078708654 0.96824595332145702 0.11696306616067888 4.4166667461395273 0.41428571939468389 0.11269841343164445 0.63068181276321422 0.50781443715095531 0.77194550633430492 0.92661488056182872 0.43513323366642004 0.86224648356437694 12.833333492279055 1.5000000000000002 0.58607220649719249 5.5000000000000009 0.52259087562561046 0.4083333313465119 0.22926223278045657 0.12933094054460528
decision_type=2 2 2 2 2 2 2 2 2 2 2 2 2 2 2 2 2 2 2 2 2 2 2 2 2 2
left_child=1 8 3 22 14 6 -3 12 9 -1 17 -11 16 15 -5 24 19 -7 -4 -8 -9 -15 -2 -24 25 -10
right_child=2 5 18 4 -6 10 7 20 13 11 -12 -13 -14 21 -16 -17 -18 -19 -20 -21 -22 -23 23 -25 -26 -27
leaf_value=0.031864998007914008 0.041644025328238563 0.043524694635074454 0.05180758696952753 -0.047507395245656066 0.035424933411982613 -0.023638980849255781 -0.00056738856145964716 0.03015559428778164 -0.020271061800255577 -0.036878093164364412 0.042106346098698753 0.025138942152373351 0 0.017766979288883433 0.0065107134846423918 0.0039546126737988498 0.004367695936723405 0.016564445326416762 0 -0.049020840381323767 -0.00162255556688551 -0.016988839444987091 -0.017329647500984251 0.02537886104300633 -0.049080291239254586 0
leaf_weight=1.4359275316819538 5.9267828967422256 1.4922395199537302 39.160648527555168 6.2863083397969604 2.2982954923063517 1.0096754049882273 0.7456274712458234 1.4621923267841332 2.4636907158419485 2.8840760607272391 7.0944566335529089 0.2568311784416436 1.9544485937803981 0.5445846477523435 0.50043744780123223 0.54920534044504066 0.40013792924582947 0.77512508165091265 0.70561655052006145 6.0460436120629311 0.97286450397223223 0.64520440716296434 0.65371062513440825 0.76139069348573685 43.700121358036995 0.23817104008048762
leaf_count=22 90 21 1121 317 42 54 11 21 219 235 127 15 29 14 9 4 10 13 6 330 29 50 39 8 4333 7
internal_value=0.000447968 -0.0279464 0.0380296 0.00516214 -0.0207776 0.00710201 -0.0109933 -0.0213164 -0.0424949 -0.0043073 0.032667 -0.0257533 -0.0334346 -0.0458622 -0.0425575 -0.0469895 -0.0415388 -0.00470508 0.0509926 -0.0450986 0.0192276 0 0.0365029 0.00457284 -0.0477687 -0.0176765
internal_weight=130.964 74.6706 56.2932 16.4269 9.08504 21.9528 13.0736 11.5813 52.7178 4.57683 8.87926 3.14091 9.14626 48.141 6.78675 46.9512 7.19181 1.7848 39.8663 6.79167 2.43506 1.18979 7.34188 1.4151 46.402 2.70186
internal_count=7176 5544 1632 505 368 645 451 430 4899 272 194 250 380 4627 326 4563 351 67 1127 341 50 64 137 47 4559 226
is_linear=0
shrinkage=0.05


Tree=64
num_leaves=29
num_cat=0
split_feature=2 57 20 58 8 47 38 46 35 29 42 45 8 3 2 38 3 9 5 5 29 9 49 9 9 8 35 48
split_gain=53.4598 14.9474 9.14193 5.59092 5.27896 4.12983 2.55403 2.54057 2.59732 1.92068 1.86471 1.45979 1.59368 1.31089 1.66095 1.29972 1.22364 1.04685 0.939642 0.751479 0.606582 0.539165 0.408428 1.56727 0.304508 0.237448 0.120342 0.00852708
threshold=0.23904761672019961 0.04538575932383538 1.0000000180025095e-35 1.0000000180025095e-35 0.80909091234207164 0.81666666269302379 0.11696306616067888 0.30952382087707525 0.89848890900611889 4.4166667461395273 0.23904761672019961 18.404194831848148 0.48333333432674414 0.72377106547355663 0.075498577207326903 0.11269841343164445 0.3298212736845017 9.5000000000000018 0.77194550633430492 0.50781443715095531 12.833333492279055 6.5000000000000009 0.26785714924335485 5.5000000000000009 5.5000000000000009 0.63392856717109691 0.85528013110160839 1.0000000180025095e-35
decision_type=2 2 2 2 2 2 2 2 2 2 2 2 2 2 2 2 2 2 2 2 2 2 2 2 2 2 2 2
left_child=1 6 3 22 18 7 9 26 11 -1 19 12 -9 27 -15 -11 -10 21 -5 25 -4 -12 23 -2 -21 -8 -3 -7
right_child=2 5 20 4 -6 13 10 8 16 15 17 -13 -14 14 -16 -17 -18 -19 -20 24 -22 -23 -24 -25 -26 -27 -28 -29
leaf_value=0.030901856252388823 0.033498622493828172 0.0031403833660213231 0.051620059557438119 -0.047050760921662688 0.034930155038970533 0.014100399164168279 -0.049059339914682032 -0.0489801092966968 0.037806492586918483 -0.036463921802448444 -0.0041951731052614722 0.016808765025534213 0.01530291249969871 -0.030774598261878557 0.026962963664196583 0.02476100528891767 -0.013400804036194459 -0.023690988306141775 0.0064067798209551108 0.014485498050289147 0 0.043540118805885354 0.045405960178518917 -0.024105019351261005 -0.016764692576291939 0 0.039993704526781096 0.046399663660991686
leaf_weight=1.4377689855173219 2.0258271200582363 0.82806426193565197 37.386239576153457 6.0457628797739744 2.2302065137773752 1.6917414516210554 42.628505171276629 6.4703513551503402 1.4222000390291216 2.7848733924329285 0.4450973579660048 0.53020063042640675 0.51205193623900402 1.2202250733971598 1.8219111859798429 0.26282544806599606 1.3237861506640909 1.0637987349182365 0.4993774015456437 0.44348750077187904 0.70561655052006145 0.467118164524436 4.2320709507912397 0.95179087761789549 0.63477443344891071 0.39479370135813852 0.91510500479489565 4.7434323579072952
leaf_count=22 25 39 1121 317 42 26 4375 379 17 235 37 4 5 21 39 15 31 114 9 13 6 24 60 52 50 14 10 74
internal_value=0.000492057 -0.0275185 0.0377211 0.00516982 -0.0203646 0.00702595 -0.0421416 -0.0118655 -0.0219037 -0.00390321 -0.0455957 -0.0360688 -0.042313 0.0302758 0.000682944 -0.0251359 0.0147983 0 -0.0420009 -0.0476804 0.0507715 0.0276204 0.0355531 0.0123976 -0.000720244 -0.0487006 0.0318365 0.0416195
internal_weight=126.119 72.0421 54.0769 15.985 8.77535 21.4791 50.563 12.0018 10.2586 4.48547 46.0776 7.5126 6.9824 9.47731 3.04214 3.0477 2.74599 1.97601 6.54514 44.1016 38.0919 0.912216 7.20969 2.97762 1.07826 43.0233 1.74317 6.43517
internal_count=7176 5544 1632 505 368 645 4899 485 436 272 4627 388 384 160 60 250 48 175 326 4452 1127 61 137 77 63 4389 49 100
is_linear=0
shrinkage=0.05


Tree=65
num_leaves=24
num_cat=0
split_feature=6 3 20 35 5 42 42 6 5 8 35 6 5 34 35 47 3 38 57 35 5 8 34
split_gain=50.8492 12.9382 12.6782 5.18033 4.0216 3.48494 2.47958 2.38581 2.17628 2.07558 1.99181 1.72609 1.5374 1.153 0.995843 0.961192 0.798136 0.755383 0.687445 0.619713 0.45198 0.207057 0.0494078
threshold=5.7751989364624032 0.3298212736845017 1.0000000180025095e-35 0.45421318709850317 0.48507130146026617 0.048809524625539787 0.55902779102325451 7.0446858406066903 0.20524267852306369 0.29285715520381933 0.60620787739753734 6.4953796863555917 0.78474903106689464 0.41428571939468389 0.39164614677429205 0.86607143282890331 0.97633051872253429 0.54616478085517894 0.065454576164484038 0.85528013110160839 0.20463493466377261 0.61250001192092907 0.32051283121109014
decision_type=2 2 2 2 2 2 2 2 2 2 2 2 2 2 2 2 2 2 2 2 2 2 2
left_child=1 5 3 11 6 8 18 12 15 -6 -4 21 17 19 -13 -1 22 20 -3 -7 -5 -2 -11
right_child=2 4 10 7 9 13 -8 -9 -10 16 -12 14 -14 -15 -16 -17 -18 -19 -20 -21 -22 -23 -24
leaf_value=-0.03934964338483906 -0.021961546522458599 -0.049289557257836417 -0.0089424099993338849 0 0.049912705769816518 -0.020846347158671744 0.0049237285010419324 0.017096529893226985 0.029272941243957191 -0.030711895203979489 0.050491782694230269 0.0028729316806763122 0.018564375906984013 0.045505098573879264 0.04795134185157203 0.014035536993068511 0.014823559425827366 0.0010766455100278099 0.0062807011478752013 0.018779229670698776 -0.046083142778825775 0.0033309037922810087 0
leaf_weight=3.6825952902436239 0.90664263535291112 43.507998485118151 1.0268249567598093 0.56495913490652672 0.80936591885983888 0.80840763077139843 1.8963972507044662 2.3354617506265631 1.0831343308091161 1.7755864374339583 39.430633005686104 2.0200758343562484 0.62087380141019899 5.0952757224440575 4.9478248441591859 0.34674035012722004 0.67921286914497603 0.79494914691895235 0.18705455958843131 1.1647035330533979 6.9705825047567487 0.51324040349572897 0.20968349277973164
leaf_count=305 52 4657 16 20 12 43 25 38 25 171 1193 31 7 79 83 2 17 32 1 14 332 6 15
internal_value=0.000571813 -0.0312021 0.0329972 0 -0.0425076 0.0137276 -0.0464047 -0.0214173 -0.01544 0.00646159 0.0486834 0.027914 -0.0326764 0.0347429 0.0375108 -0.0318842 -0.0153916 -0.0386116 -0.0488046 0 -0.0430199 -0.0131545 -0.0289066
internal_weight=121.378 61.2462 60.1321 19.6746 49.0653 12.1809 45.5915 11.2868 5.11247 3.47385 40.4575 8.38778 8.95136 7.06839 6.9679 4.02934 2.66448 8.33049 43.6951 1.97311 7.53554 1.41988 1.98527
internal_count=7176 5366 1810 601 4898 468 4683 429 332 215 1209 172 391 136 114 307 203 384 4658 57 352 58 186
is_linear=0
shrinkage=0.05


Tree=66
num_leaves=22
num_cat=0
split_feature=6 3 20 8 49 42 6 5 57 38 57 46 34 8 46 49 37 46 8 53 42
split_gain=47.7492 12.3613 12.0916 4.90957 4.10035 3.22895 3.16912 2.07882 1.92198 1.33927 1.27589 1.20123 1.10207 0.806856 0.574521 0.460719 0.378177 0.359813 0.254375 0.237169 0.122436
threshold=5.7751989364624032 0.3298212736845017 1.0000000180025095e-35 0.61250001192092907 0.26785714924335485 0.048809524625539787 6.7326085567474374 0.23553323745727542 0.064049512147903456 0.17445652186870578 0.013793759513646366 0.86607143282890331 0.41428571939468389 0.240384615957737 0.26785714924335485 0.26785714924335485 0.51471862196922313 0.86607143282890331 0.48333333432674414 7.2474184036254892 0.74596774578094494
decision_type=2 2 2 2 2 2 2 2 2 2 2 2 2 2 2 2 2 2 2 2 2
left_child=1 5 3 6 8 7 10 11 17 16 -2 -1 14 -4 -7 -5 -8 20 -11 -15 -3
right_child=2 4 13 15 -6 12 9 -9 -10 18 -12 -13 -14 19 -16 -17 -18 -19 -20 -21 -22
leaf_value=-0.039258874074177642 0.012919508220225051 -0.049207024024710388 0.00474926014446133 0.0081573275299555593 0.010699724419966028 0.022719960384012375 0.035838356440744006 0.032035831577355782 0.00022753413619805803 -0.027417710229866995 -0.045428816481100746 0.016999655681406579 0.044600096953184801 0.05071919058971907 -0.01574644026636696 0.042477322870725698 0.00375669097261478 -0.0073882101380107618 0.00012145740000452478 0.010002469937903324 0
leaf_weight=3.6705302372574788 0.49364843545481729 40.714795930776745 1.5030250744894136 2.4443843085318795 2.9243437089025965 0.69195335824042548 1.7391002401709554 0.86089973803609599 1.9326655529439438 1.3218285506591203 6.1405087094753981 0.44985272735357273 4.9624280892312527 36.010369649156928 1.2703019995242355 3.9556629098951817 2.3857110403478146 1.2083696611225594 0.75701590999960888 1.2348759341984976 0.22743896394967933
leaf_count=317 22 4831 25 38 34 20 16 12 19 52 350 3 79 1151 37 78 37 12 8 33 2
internal_value=0.000619685 -0.0307821 0.0325895 0 -0.0421555 0.0135224 -0.0175353 -0.014896 -0.0459323 0.00727937 -0.0393086 -0.0300198 0.0338962 0.0483387 0 0.0329187 0.0226123 -0.0481209 -0.018983 0.0497968 -0.048999
internal_weight=116.9 58.9136 57.9861 19.2379 47.0076 11.906 12.8378 4.98128 44.0833 6.20366 6.63416 4.12038 6.92468 38.7483 1.96226 6.40005 4.12481 42.1506 2.07884 37.2452 40.9422
internal_count=7176 5366 1810 601 4898 468 485 332 4864 113 372 320 136 1209 57 116 53 4845 60 1184 4833
is_linear=0
shrinkage=0.05


Tree=67
num_leaves=24
num_cat=0
split_feature=29 49 6 3 56 9 35 35 39 49 6 6 3 3 9 45 48 5 35 3 46 38 13
split_gain=45.5598 12.1023 9.7824 5.45727 4.3753 3.94635 3.81033 2.6963 1.53395 1.32332 1.31698 0.921013 0.687084 0.832339 0.619694 0.471323 0.409995 0.386725 0.225332 0.202779 1.21348 0.162131 0.101975
threshold=5.8333332538604745 0.18333333730697635 3.877779603004456 1.0000000180025095e-35 2.5000000000000004 7.5000000000000009 0.90395656228065502 0.51883593201637279 5.5067982673645028 0.70833334326744091 6.7326085567474374 6.4953796863555917 0.64126753807067882 0.94466316699981701 3.5000000000000004 17.212014198303226 1.5000000000000002 0.32940688729286199 0.42550456523895269 1.0000000180025095e-35 0.64583334326744091 0.35043859481811529 1.0000000180025095e-35
decision_type=2 2 2 2 2 2 2 2 2 2 2 2 2 2 2 2 2 2 2 2 2 2 2
left_child=2 6 3 8 7 17 11 10 -1 14 18 19 -13 -14 21 -5 -6 -3 -4 20 -2 -9 -19
right_child=1 5 4 15 16 -7 -8 9 -10 -11 -12 12 13 -15 -16 -17 -18 22 -20 -21 -22 -23 -24
leaf_value=-0.012814186810056484 -0.033897475733882271 0.0081994977013372713 0.0095901535949078631 -0.044783266271879951 0.050168953534398444 -0.03169021651953733 0.016184123908134902 -0.011005063129633379 0.037559393310184458 0.022018884419045492 0.041466970378889002 0.020347584651132622 -0.034224591153136356 0.011112477973483213 -0.037223546295087472 0 0.00036846250180637115 0.013269794372961531 -0.013860865220565927 -0.049047034799773126 0.020636786208998403 0.010058317378858907 0.054014548294541713
leaf_weight=1.4141749143600444 2.2073369938880201 1.6627753246575583 0.9133099843747895 5.3188898456282914 34.437229096889496 1.7122683301568029 2.0565998274832955 0.75016746390610911 3.8997084517031908 1.125949405133724 5.8041383791714907 0.33412448409944717 2.10531256813556 0.71619461942464102 2.4313397612422705 0.49462724104523648 0.63822494354098935 1.3993956111371515 1.0647596451453862 37.563729922752827 0.586951334029436 0.91127687785774469 3.1477417666465044
leaf_count=21 189 19 31 339 1145 46 34 24 69 19 91 9 74 17 100 5 15 25 43 4756 38 20 47
internal_value=0.000671763 -0.0324126 0.0306894 -0.0104523 0.0403326 0.0220528 -0.0422587 0.0136365 0.0234554 -0.0122134 0.0309577 -0.0454348 -0.0120465 -0.0215116 -0.0250871 -0.0410733 0.0494367 0.039905 -0.00176974 -0.0475702 -0.0187047 0 0.0470293
internal_weight=112.696 53.4924 59.2038 11.1274 48.0764 7.92218 45.5702 13.0009 5.31388 5.21873 7.78221 43.5136 3.15563 2.82151 4.09278 5.81352 35.0755 6.20991 1.97807 40.358 2.79429 1.66144 4.54714
internal_count=7176 5254 1922 434 1488 137 5117 328 90 163 165 5083 100 91 144 344 1160 91 74 4983 227 44 72
is_linear=0
shrinkage=0.05


Tree=68
num_leaves=23
num_cat=0
split_feature=29 49 8 9 35 47 20 35 4 42 49 6 57 6 6 16 35 12 2 39 2 35
split_gain=42.7721 11.5547 9.2656 3.74847 3.6977 3.40125 3.10281 3.0626 2.00915 1.99646 1.4062 0.953115 1.24943 0.892065 0.845548 0.47348 0.441937 0.364914 0.34916 0.206902 0.144878 0.142355
threshold=5.8333332538604745 0.18333333730697635 0.32291667163372045 7.5000000000000009 0.90395656228065502 0.77500000596046459 1.0000000180025095e-35 0.51883593201637279 0.71241438388824474 0.23166368901729587 0.26785714924335485 6.4953796863555917 0.029978761449456218 6.6069514751434335 4.0405249595642099 1.0000000180025095e-35 0.89848890900611889 1.0000000180025095e-35 0.4083333313465119 6.2203564643859872 0.18350168317556384 0.42550456523895269
decision_type=2 2 2 2 2 2 2 2 2 2 2 2 2 2 2 2 2 2 2 2 2 2
left_child=2 4 5 17 11 9 7 13 -7 -1 18 15 -13 21 -10 -2 19 -3 -9 -11 -8 -4
right_child=1 3 6 -5 -6 8 20 10 14 16 -12 12 -14 -15 -16 -17 -18 -19 -20 -21 -22 -23
leaf_value=-0.042585066696352952 -0.047841837838637373 0.047813261948075836 0.0098958807120328521 -0.031250613804949617 0.015627925448679261 0.038065447864770313 0.014782038349055351 -0.036840608010842379 -0.031382431709921256 -0.019354555418353601 0.022801309520359629 0.019755006685363903 -0.030636515072478512 0.042184726008985221 0.01423262718171624 0.0024967213799318168 0.0216420299047239 0.011034812520560848 0 0.0044553812867493695 0.050726379620874409 -0.010244963629455397
leaf_weight=4.8696395196020585 38.345356857404113 3.9852590635418883 0.75669596344232359 1.6648120936006305 2.058837490156292 4.1749232765287161 1.7050641253590608 2.4029803611338143 1.3436645395122471 0.78073666011914633 0.86193571984767903 1.0745303547009819 2.0427367081865668 5.7083018906414509 0.8355740550905465 0.18440378271043201 1.2291615456342695 2.1150853727012873 0.78438878338783968 0.75580462254583836 30.230007909238338 0.75169409904628992
leaf_count=352 4980 56 23 46 34 69 26 104 33 26 13 35 65 92 17 3 16 35 8 17 1101 25
internal_value=0.000689802 -0.0320057 0.0302457 0.021615 -0.0419146 -0.00458968 0.041488 0.016276 0.0203369 -0.0258656 -0.0154049 -0.0451763 -0.0114728 0.0343722 -0.0133443 -0.0474174 0.00573624 0.0391158 -0.0299087 -0.00853232 0.0494662 0
internal_weight=108.662 51.471 57.1906 7.76516 43.7059 13.9895 43.2011 11.266 6.35416 7.63534 4.0493 41.647 3.11727 7.21669 2.17924 38.5298 2.7657 6.10034 3.18737 1.53654 31.9351 1.50839
internal_count=7176 5254 1922 137 5117 530 1392 265 119 411 125 5083 100 140 50 4983 59 91 112 43 1127 48
is_linear=0
shrinkage=0.05


Tree=69
num_leaves=24
num_cat=0
split_feature=2 57 57 58 8 39 36 38 42 34 36 57 6 35 35 2 8 45 47 3 49 8 3
split_gain=40.2996 11.9298 6.90093 6.29122 4.58683 3.50989 2.87076 2.52453 1.97449 1.86106 1.67896 1.56208 1.56603 0.579549 0.458136 0.71079 0.419983 0.410167 0.457605 0.408328 0.170827 0.157525 0.00174457
threshold=0.23904761672019961 0.04538575932383538 0.044130235910415656 1.0000000180025095e-35 0.80909091234207164 6.2203564643859872 0.42163743078708654 0.11696306616067888 0.23904761672019961 0.41428571939468389 0.96824595332145702 0.013793759513646366 7.0446858406066903 0.86224648356437694 0.67222318053245556 0.12249999865889551 0.48333333432674414 4.8427734375000009 0.86607143282890331 0.3298212736845017 0.90000000596046459 0.63392856717109691 0.71834936738014232
decision_type=2 2 2 2 2 2 2 2 2 2 2 2 2 2 2 2 2 2 2 2 2 2 2
left_child=1 7 3 16 20 6 -3 11 21 13 17 -1 -13 -7 -10 -16 -2 -8 -19 -12 -5 -9 -11
right_child=2 5 -4 4 -6 9 10 8 14 22 19 12 -14 -15 15 -17 -18 18 -20 -21 -22 -23 -24
leaf_value=0.039634159808946794 0.0016675195982780733 0.039241237077310941 0.050465645524179682 -0.045649733795206884 0.032962097319162588 -0.025084363014429928 0.0041417368712023473 -0.047317435634935616 0.029173438941303198 0.044973719023589639 0.027302894863096366 -0.035011628688657273 0.023058608845374858 0.011668861284811141 -0.024823464447019328 0.021305740989068771 0.042484026466750924 -0.043519078419745207 -0.0051253035833537849 -0.0056164875582666203 -0.0054699707510212133 -0.0007953009461804674 0.014792590194278799
leaf_weight=0.65433541033416931 1.0601431610994021 1.2133069876581455 28.928312065079808 5.0697135198861361 1.9641664959490297 1.1288268184289321 0.22404637467115929 35.242771487217396 0.19864080939441819 4.7892228728160262 0.83424828201532342 2.4770544618368153 0.81158988922834385 1.1007266254164276 1.1594873066060243 0.33878285437822331 6.7266672430559993 5.046449311543256 1.5848241485655306 0.98261252045631409 0.89608549140393723 0.43773946445435186 1.9290351634845135
leaf_count=25 33 19 1108 323 43 77 7 4437 25 87 13 242 5 23 148 2 117 305 26 32 8 15 56
internal_value=0.000718519 -0.0257757 0.0363084 0.00849135 -0.0212484 0.0067708 -0.0129086 -0.0405376 -0.0444577 0.0281272 -0.0240245 -0.000889424 -0.0174798 -0.00739643 0.00366578 -0.00803844 0.0383183 -0.0345389 -0.0368725 0.0120506 -0.041984 -0.0469202 0.0399949
internal_weight=104.799 60.1537 44.6451 15.7168 7.92997 18.8333 9.88549 41.3204 37.3774 8.94781 8.67218 3.94298 3.28864 2.22955 1.69691 1.49827 7.78681 6.85532 6.63127 1.81686 5.9658 35.6805 6.71826
internal_count=7176 5544 1632 524 374 645 402 4899 4627 243 383 272 247 100 175 150 150 338 331 45 331 4452 143
is_linear=0
shrinkage=0.05


Tree=70
num_leaves=27
num_cat=0
split_feature=29 49 6 3 57 38 6 8 5 39 12 2 2 34 8 36 36 39 2 45 2 57 6 8 29 39
split_gain=38.2075 10.5338 8.62641 4.8142 4.41322 2.41097 2.08481 1.8807 1.42246 1.34381 1.14163 0.790918 0.75609 0.703548 0.629305 0.571683 0.554561 0.474201 0.473221 0.422197 0.354188 0.313919 1.14391 0.181615 0.170637 0.0196033
threshold=5.8333332538604745 0.18333333730697635 3.877779603004456 1.0000000180025095e-35 0.032663283869624145 0.81322672963142406 6.6069514751434335 0.240384615957737 0.073350071907043471 5.5067982673645028 1.0000000180025095e-35 0.07275132462382318 0.47213622927665716 0.47222222387790685 0.48333333432674414 0.97467949986457836 0.58876052498817455 7.0446858406066903 0.16333333402872088 17.212014198303226 0.36931818723678594 0.013793759513646366 6.3950443267822275 0.61250001192092907 4.8333332538604745 5.264162778854371
decision_type=2 2 2 2 2 2 2 2 2 2 2 2 2 2 2 2 2 2 2 2 2 2 2 2 2 2
left_child=2 5 3 9 6 8 11 -3 13 -1 -9 -4 21 17 16 -7 -8 18 -2 -5 -12 22 -10 -13 -16 -15
right_child=1 7 4 19 -6 15 14 10 12 -11 20 23 -14 25 24 -17 -18 -19 -20 -21 -22 -23 -24 -25 -26 -27
leaf_value=-0.011834887560857684 -0.032988633922586635 -0.017941132635370918 0.015758715451526416 -0.043890730083365838 0.048273991461536117 -0.013376286917024714 0.019394588800564563 0.04871585745784273 -0.028693029435170499 0.036135204228301562 -0.011515568553218515 -0.034425022459511366 0.0067395971934226112 0.024407566055393851 0.035765397369060779 0.025771329045613724 -0.01656979152689389 0.011986694226724853 0.00844801744314083 0 0.016398339728240306 -0.04871322674724779 0.031237688958015642 0 0.0041080432886598421 0
leaf_weight=1.3613241128623466 2.0698881233111028 1.5796880666166533 0.38838487770408248 4.8616420044563711 32.52958269091323 0.67702804692089458 1.0211425833404066 3.3666564244776964 1.5546587426215399 3.6102677192538977 1.1175669543445113 2.2168922624550764 0.25534693337976833 0.27476230869069684 4.062404453754425 1.0654865843243895 1.2805773224681614 0.23941786587238301 0.22120321728289116 0.47906536143273104 1.3336258865892885 33.510240341071039 0.16182596143335093 0.3604346802458166 1.1887948233634231 0.28534206841140985
leaf_count=21 205 34 13 339 1191 68 14 59 223 69 17 143 6 30 70 22 29 1 2 5 27 4544 6 11 17 10
internal_value=0.000782629 -0.0313334 0.0296396 -0.0102648 0.0393283 -0.0413083 0.00943983 0.0208782 -0.0439055 0.0223805 0.0332375 -0.0208606 -0.0467258 -0.00679774 0.0229701 0.00940667 0 -0.018722 -0.0261174 -0.0401794 0.00257378 -0.0474267 -0.0117829 -0.0306392 0.0312021 0.0213391
internal_weight=101.073 47.7127 53.3605 10.3123 43.0482 40.3152 10.5186 7.39754 38.5727 4.97159 5.81785 2.96571 35.4821 3.09061 7.55292 1.74251 2.30172 2.53051 2.29109 5.34071 2.45119 35.2267 1.71648 2.57733 5.2512 0.560104
internal_count=7176 5254 1922 434 1488 5117 297 137 5027 90 103 167 4779 248 130 90 43 208 207 344 44 4773 229 154 87 40
is_linear=0
shrinkage=0.05


Tree=71
num_leaves=27
num_cat=0
split_feature=8 47 9 35 29 38 49 6 29 31 36 8 49 6 3 49 9 2 35 35 34 35 35 35 36 3
split_gain=35.9057 11.8121 4.88699 4.20781 2.83679 1.89132 2.32445 1.71412 1.64915 1.25132 1.2256 1.20026 1.16565 1.04378 3.21635 1.02514 0.940098 0.916783 0.518856 0.473427 0.459428 0.435501 0.944119 0.10771 0.0728626 0.026858
threshold=0.45804196596145635 0.81666666269302379 6.5000000000000009 0.89848890900611889 2.1666666269302373 0.28165064752101904 0.26785714924335485 6.7326085567474374 4.8333332538604745 2.5000000000000004 0.31180556118488317 0.32291667163372045 0.26785714924335485 3.877779603004456 0.28739997744560247 0.26785714924335485 7.5000000000000009 0.26969698071479803 0.66435045003891002 0.42550456523895269 0.63068181276321422 0.42550456523895269 0.41741962730884558 0.68498602509498607 0.94174209237098705 0.58195385336875927
decision_type=2 2 2 2 2 2 2 2 2 2 2 2 2 2 2 2 2 2 2 2 2 2 2 2 2 2
left_child=1 3 5 4 11 6 8 12 19 -5 -9 23 17 14 -3 -4 -14 20 -12 -2 21 22 -6 -1 -11 -16
right_child=2 13 15 9 7 -7 -8 10 -10 24 18 -13 16 -15 25 -17 -18 -19 -20 -21 -22 -23 -24 -25 -26 -27
leaf_value=-0.019695754843181826 0.030103970364853828 0.037903862473928809 -0.033332200080939484 0.035830145269333556 -0.026504237711476031 0.048990403713980758 0.040305105971135978 0.030335464071857044 -0.033151438802744522 -0.017616312676800121 -0.032039904888812615 0.041787563498335283 0.018790619805712588 0.041936733636543752 -0.0020736897641726289 0.012266133719649684 -0.027321661855527979 0.0062908777175387249 0.0030131867783900717 -0.0016957391519323403 0 -0.048872313665811046 0.027968091108081142 0.00013619052122397458 0 -0.03355985406175651
leaf_weight=0.78099530097097047 1.4631022792309507 2.7389870379120094 2.0923994323238726 1.8406938561238342 1.2784502678550769 26.864358083344996 5.0611179489642382 0.71416814811527674 1.8964762948453424 0.85549489594995953 1.788638540543616 0.79071900900453318 1.1176846213638776 4.1031754445284605 0.58170402329415116 1.1683261096477506 1.2611854514107106 0.43162314034998317 1.0641721514984963 1.5225452929735181 0.56189920892938872 34.5483867097646 0.20988070452585805 0.33872820064425468 0.83083621878176928 1.6538609527051447
leaf_count=54 24 53 196 34 148 1070 121 4 55 19 68 13 12 116 9 11 34 23 24 27 39 4934 13 10 21 44
internal_value=0.00081379 -0.0243035 0.0366889 -0.0340986 -0.038229 0.041876 0.0194772 -0.0409115 -0.00444581 0.0141954 -0.00462623 0.013721 -0.0438763 0.0256397 0.00659111 -0.0167764 -0.00502734 -0.0460427 -0.0202782 0.0162763 -0.0469438 -0.0476252 -0.00866064 -0.0141036 -0.0121056 -0.0300854
internal_weight=97.5596 57.4913 40.0683 48.4136 44.8865 36.8076 9.94324 42.9761 4.88212 3.52702 3.56698 1.91044 39.4091 9.07773 4.97455 3.26073 2.37887 37.0302 2.85281 2.98565 36.5986 36.0367 1.48833 1.11972 1.68633 2.23556
internal_count=7176 5672 1504 5450 5376 1297 227 5299 106 74 96 77 5203 222 106 207 46 5157 92 51 5134 5095 161 64 40 53
is_linear=0
shrinkage=0.05


Tree=72
num_leaves=26
num_cat=0
split_feature=9 8 49 5 9 35 5 39 5 29 45 3 46 35 35 49 57 57 48 57 57 47 8 34 12
split_gain=33.852 12.1294 8.47091 3.64285 2.70975 2.62842 2.50147 2.34415 1.48279 0.923883 0.774483 0.480044 1.20478 0.433744 1.32718 0.629059 0.591833 0.571783 0.367358 0.341638 0.638252 0.277788 0.273862 0.0676714 0.0224066
threshold=4.5000000000000009 0.240384615957737 0.26785714924335485 0.11215933039784433 7.5000000000000009 0.89848890900611889 0.44504831731319433 5.5067982673645028 0.70381036400794994 9.5833334922790545 20.332776069641117 1.0000000180025095e-35 0.64583334326744091 0.73128581047058117 0.67684742808341991 0.18333333730697635 0.032154673710465438 0.032663283869624145 1.5000000000000002 0.013793759513646366 0.013606071937829258 0.6904762089252473 0.43650794029235845 0.41428571939468389 1.0000000180025095e-35
decision_type=2 2 2 2 2 2 2 2 2 2 2 2 2 2 2 2 2 2 2 2 2 2 2 2 2
left_child=1 3 5 7 22 8 10 -1 11 13 -5 12 -2 14 16 -16 -3 24 -15 20 -13 -7 -4 -9 -18
right_child=2 9 4 6 -6 21 -8 23 -10 -11 -12 19 -14 18 15 -17 17 -19 -20 -21 -22 -23 -24 -25 -26
leaf_value=-0.02680065730409319 -0.029567830349473325 0.050990891388774731 0.0023425098935953548 -0.045557122062398786 -0.029593983819888127 0.022504803024408854 0.025192898573837299 0.0065551587150955567 0.0091472298147476545 -0.0047835914522906323 0.0040043866513470045 -0.025649510506522623 0.027508641156340607 0.049842864410844748 -0.027253359581188037 0.015437373982569455 0.0048832120037058842 0.031589560508948483 0 -0.048254934267477269 0.017368333597787666 -0.0043748058430795799 0.036810649758112456 0.039138691393042144 -0.001952338638644037
leaf_weight=1.2628421741537739 1.6095714769326144 3.4134151800535601 1.1609708983451117 6.5888384599238616 1.4894535029307006 0.95045548491179832 0.91243630740791548 1.0678819124586878 0.82666574651375313 0.60889649484306474 0.50616277381777752 1.2402277975343192 0.43192067788913835 25.611339473165575 0.87392449704930075 0.57288787141442299 0.86551368562504682 2.306090259924531 0.56793012516572972 30.274601860437542 0.39935860084369768 0.89294219762086868 4.5298252068459988 3.1738425064831972 2.0254494263790548
leaf_count=35 180 69 16 563 42 21 18 26 19 16 5 184 30 1084 30 27 18 55 15 4463 50 22 73 61 54
internal_value=0.000853928 0.0286049 -0.0308622 -0.0110423 0.0164965 -0.0404711 -0.0312536 0.0178749 -0.0435514 0.0431841 -0.0413458 -0.0452024 -0.010774 0.0442312 0.0281168 -0.00890525 0.0351372 0.0173697 0.0489756 -0.0468585 -0.0106669 0.0107665 0.0319272 0.034705 0
internal_weight=94.1634 50.3575 43.806 13.512 7.18025 36.6257 8.00744 5.50457 34.7823 36.8454 7.095 33.9557 2.04149 36.2366 10.0573 1.44681 8.61047 5.19705 26.1793 31.9142 1.63959 1.8434 5.6908 4.24172 2.89096
internal_count=7176 2076 5100 708 131 4969 586 122 4926 1368 568 4907 210 1352 253 57 196 127 1099 4697 234 43 89 87 72
is_linear=0
shrinkage=0.05


Tree=73
num_leaves=28
num_cat=0
split_feature=29 6 2 3 20 42 39 38 12 42 9 39 45 2 2 38 12 9 48 42 2 38 2 3 6 57 2
split_gain=31.8551 7.36043 6.90621 4.17398 4.10572 2.04304 2.55781 1.97623 1.97208 1.59856 1.36959 1.308 1.16357 1.02652 0.960639 0.70578 0.666385 0.497211 0.448489 0.406071 0.343324 0.288963 0.185199 0.212765 0.157367 0.528445 0.000923026
threshold=5.8333332538604745 3.877779603004456 0.26201373338699346 1.0000000180025095e-35 1.0000000180025095e-35 0.21103239059448245 4.7845165729522714 0.13182721287012103 1.0000000180025095e-35 0.022991543635725979 3.5000000000000004 6.3950443267822275 10.161285400390627 0.15075758099555972 0.4083333313465119 0.87386363744735729 1.0000000180025095e-35 4.5000000000000009 1.5000000000000002 0.80476191639900219 0.22474747896194461 0.87386363744735729 0.41885964572429663 0.52916869521141063 6.4953796863555917 0.014815627597272398 0.16333333402872088
decision_type=2 2 2 2 2 2 2 2 2 2 2 2 2 2 2 2 2 2 2 2 2 2 2 2 2 2 2
left_child=1 3 5 12 7 10 -7 17 -4 22 13 21 -1 -2 16 24 20 -3 -6 -5 26 -8 23 -10 -12 -26 -9
right_child=2 4 8 19 18 6 11 14 9 -11 15 -13 -14 -15 -16 -17 -18 -19 -20 -21 -22 -23 -24 -25 25 -27 -28
leaf_value=-0.011292040540912854 -0.021026722552718348 0.036235446599171273 0.03769018383640596 -0.042671003991025913 0.048889496685682744 0.045442537182195306 -0.038454985946582899 -0.015229259904724179 9.7184068654844664e-05 0.023922206012785201 -0.048495326570148607 0.018066371846318402 0.034319893470367485 0.035887276848013905 0.015656190860709965 0.002056089583747432 -0.035179510279247116 0 0 0 0.016007164529488187 0.00058080311232590798 0 -0.035658272217192928 0.011057310353119104 -0.027343345767481049 0
leaf_weight=1.2620188482105712 0.83527148375287896 4.2599489334970695 3.0902728983201078 4.4212895245291293 27.254381322301928 0.76477437093853851 3.3771761530078952 0.56083550630137302 0.15878879465162832 1.3499797480180857 26.832687664311386 0.70214946893975128 3.4054323714226484 0.37411447614431381 1.6864442443475125 0.46760783344507117 2.1894826735369861 0.98230037093162526 0.57387162279337545 0.43241437152028073 0.94596623443067074 0.22099355980753888 0.39949784986674775 2.1952282795682549 0.53361033834516902 1.332007191609591 0.34381043491885066
leaf_count=26 104 98 75 341 1152 41 386 37 5 35 4336 20 64 3 27 15 104 29 15 3 13 4 11 118 24 77 13
internal_value=0.000903378 0.0284781 -0.0301695 -0.00969794 0.0379807 -0.0390909 -0.00687007 0.0102643 0.0125791 -0.00903159 -0.0439142 -0.0239351 0.0212884 0.00259053 -0.00894515 -0.0460303 -0.0212753 0.0301207 0.047997 -0.0388958 0 -0.0353652 -0.028589 -0.0324458 -0.047025 -0.0145893 -0.0137424
internal_weight=90.9524 48.3182 42.6342 9.52116 38.797 35.4404 5.06509 10.9688 7.19377 4.10349 30.3753 4.30032 4.66745 1.20939 5.72654 29.1659 4.04009 5.24225 27.8283 4.8537 1.85061 3.59817 2.75351 2.35402 28.6983 1.86562 0.904646
internal_count=7176 1922 5254 434 1488 5010 451 321 244 169 4559 410 90 107 194 4452 167 127 1167 344 63 390 134 123 4437 101 50
is_linear=0
shrinkage=0.05


Tree=74
num_leaves=26
num_cat=0
split_feature=2 57 20 58 8 39 8 37 57 34 49 37 6 35 5 29 42 5 2 5 8 35 3 47 42
split_gain=30.1134 9.40838 6.40507 3.82796 3.59827 2.79314 2.51569 2.45549 1.73444 1.53577 1.47441 1.4381 1.04151 1.0763 0.897895 0.799685 0.754662 0.74515 0.743689 0.585894 0.527422 0.498734 0.370303 0.279089 0.0119882
threshold=0.23904761672019961 0.04538575932383538 1.0000000180025095e-35 1.0000000180025095e-35 0.80909091234207164 6.2203564643859872 0.240384615957737 0.42163743078708654 0.013793759513646366 0.41428571939468389 0.26785714924335485 0.96824595332145702 7.0446858406066903 0.92661488056182872 0.8198949694633485 14.833333492279055 0.23904761672019961 0.14229471981525424 0.13484849035739901 0.43792808055877691 0.48333333432674414 0.86224648356437694 0.3298212736845017 0.86607143282890331 0.015772478654980663
decision_type=2 2 2 2 2 2 2 2 2 2 2 2 2 2 2 2 2 2 2 2 2 2 2 2 2
left_child=1 6 3 20 14 7 16 -3 18 21 12 19 13 -10 -5 -4 -1 -18 -8 23 -2 -7 -13 24 -9
right_child=2 5 15 4 -6 9 8 11 10 -11 -12 22 -14 -15 -16 -17 17 -19 -20 -21 -22 -23 -24 -25 -26
leaf_value=-0.048588312472146192 -0.00028950585209007977 0.036341675453090576 0.050134599670241455 -0.04483423076107778 0.030709746473922002 -0.023679677801647449 0.052529275878943106 -0.010627949358977644 -0.039757920566054199 0.038275277357178984 0.022028508282267073 0.02582995452281471 0.011896265071558229 0.017175835274263269 0.010019995658287231 -0.0022614652973949579 0.02825451343568873 -0.021606872281033557 -0.0059673375943681377 0.0061251592059835165 0.037003140657318447 0.011239572308599606 -0.006005156493660414 -0.0061857474559260089 -0.048264848433601966
leaf_weight=23.949175950139765 0.79611789481714179 1.1642316556535677 24.259591886773709 4.7309382162056863 1.6889211777597664 1.0178592465817922 0.36609558993950386 1.0932095781899986 6.2964031021110696 5.8137178998440504 0.84532547369599331 0.77151998691260792 0.72736188583075989 0.24915289878845204 0.32408424839377392 0.47581074154004355 0.21252787485718616 0.92201168043538928 0.38141651032492518 0.36293672956526268 4.9944658083841205 0.99784428626298893 0.89212289126589894 1.3373544542118905 3.2007831428200006
leaf_count=3845 32 19 1123 322 42 77 12 73 809 143 15 13 10 1 4 4 27 144 36 12 105 23 32 23 230
internal_value=0.000925174 -0.0239533 0.0345764 0.00444753 -0.0195119 0.00636829 -0.0387252 -0.0120197 -0.0130673 0.0266687 -0.0211045 -0.0232978 -0.0287789 -0.0349391 -0.0394177 0.0488837 -0.0467536 -0.00106312 0.0334857 -0.0337571 0.0318521 -0.0067405 0.0110359 -0.0376175 -0.0434448
internal_weight=87.871 50.6011 37.2699 12.5345 6.74394 16.6516 33.9495 8.82216 8.86576 7.82942 8.11824 7.65793 7.27292 6.54556 5.05502 24.7354 25.0837 1.13454 0.747512 5.99428 5.79058 2.0157 1.66364 5.63135 4.29399
internal_count=7176 5544 1632 505 368 645 4899 402 883 243 835 383 820 810 326 1127 4016 171 48 338 137 100 45 326 303
is_linear=0
shrinkage=0.05


Tree=75
num_leaves=26
num_cat=0
split_feature=6 57 6 15 2 42 40 35 35 20 45 35 57 58 8 29 29 31 45 57 12 9 8 38 9
split_gain=28.3744 11.9881 3.90273 3.82706 3.64279 2.72312 1.84873 1.74698 1.53791 1.42853 1.41982 1.29406 1.3476 1.28229 1.67248 1.00948 0.846014 0.808536 0.352615 0.340567 0.198664 0.121094 0.617956 0.0769034 0.00303871
threshold=6.4953796863555917 0.04538575932383538 3.8662848472595219 1.0000000180025095e-35 0.19523809850215915 0.23904761672019961 2.901002168655396 0.43191786110401159 0.89108416438102733 1.0000000180025095e-35 10.82026529312134 0.79849672317504894 0.014389234129339458 1.0000000180025095e-35 0.80909091234207164 7.8333332538604745 12.416666507720949 1.0000000180025095e-35 20.332776069641117 0.015268065501004459 1.0000000180025095e-35 3.5000000000000004 0.27922078967094427 0.09175084158778192 5.5000000000000009
decision_type=2 2 2 2 2 2 2 2 2 2 2 2 2 2 2 2 2 2 2 2 2 2 2 2 2
left_child=1 5 3 8 11 7 -7 15 10 13 -3 12 -2 24 -15 19 -11 -5 -19 -1 -4 22 -9 -21 -6
right_child=4 2 20 17 9 6 -8 21 -10 16 -12 -13 -14 14 -16 -17 -18 18 -20 23 -22 -23 -24 -25 -26
leaf_value=0.032157274537717058 0.021808476135488808 -0.030049945028165648 0.046896437787038503 0.011994648057720513 0.037679438987904594 0.048592117234318256 -0.02230900855014372 -0.031303822678358233 0.041828152462962988 0.049119150816229563 0.023174909054397105 0.022790172492689283 -0.042253342969395646 -0.022578563404073528 0.03010002929930683 -0.026676008840865153 -0.0043975585688475023 -0.04260198313010409 0 -0.010548785187714143 0.010733606990955491 -0.048710877928758882 0.0075019675675246263 0.0053462890060115183 0.0087067326817302833
leaf_weight=0.6830208497121959 0.31025814823806275 1.5673590563237678 4.2422340852208427 0.25757241435349065 4.1582003831863421 0.74040696211159118 0.97007075324654579 1.7259499290958076 2.6497087646275759 21.460375549271706 1.4149215016514061 0.94477984309196461 2.0667067170143127 2.6602314002811909 1.555539673194289 1.3320196783170102 0.42515575140714545 4.6327489311806858 0.363379806280136 0.38741710409522057 1.6268960917368529 26.147304355166852 0.85660830372944463 0.41038912953808904 1.2415357390418646
leaf_count=15 14 35 88 3 73 25 151 200 57 1090 14 26 96 43 40 193 4 393 2 35 54 4454 36 14 21
internal_value=0.000979037 -0.022926 0.0109226 -0.00673996 0.0351296 -0.0399477 0.0131415 -0.0432956 0.0198247 0.0403101 -0.00406386 -0.0108017 -0.028429 0.0200795 -0.000138225 -0.00267066 0.0477143 -0.0346333 -0.0394705 0.0189558 0.0406221 -0.0468813 -0.0185355 -0.00116543 0.0342006
internal_weight=84.8308 50.008 16.7548 10.8857 34.8228 33.2532 1.71048 31.5427 5.63199 31.501 2.98228 3.32174 2.37696 9.61551 4.21577 2.81285 21.8855 5.2537 4.99613 1.48083 5.86913 28.7299 2.58256 0.797806 5.39974
internal_count=7176 5769 646 504 1407 5123 176 4947 106 1271 49 136 110 177 83 257 1094 398 395 64 142 4690 236 49 94
is_linear=0
shrinkage=0.05


Tree=76
num_leaves=26
num_cat=0
split_feature=8 57 57 58 8 5 3 8 9 49 2 36 35 5 35 47 6 42 5 29 6 9 49 8 31
split_gain=26.8101 9.4378 4.49553 4.66514 3.37678 2.95818 4.34723 2.30776 2.65992 1.27434 1.09414 1.09403 0.923919 0.850603 0.850396 0.947723 0.770248 0.768224 0.84156 0.491568 0.392881 0.29164 0.239244 0.0341078 0.0291672
threshold=0.48333333432674414 0.04538575932383538 0.044130235910415656 1.0000000180025095e-35 0.80909091234207164 0.44066819548606878 0.384968250989914 0.240384615957737 3.5000000000000004 0.26785714924335485 0.13484849035739901 0.29708614945411688 0.95719459652900707 0.77194550633430492 0.89108416438102733 0.77500000596046459 5.9423835277557382 0.23904761672019961 0.12778327614068988 3.8333333730697636 6.7326085567474374 6.5000000000000009 0.26785714924335485 0.39230769872665411 5.5000000000000009
decision_type=2 2 2 2 2 2 2 2 2 2 2 2 2 2 2 2 2 2 2 2 2 2 2 2 2
left_child=1 7 3 21 13 6 14 17 23 12 16 20 24 -5 15 19 -10 -1 -19 -3 -12 -2 -23 -9 -8
right_child=2 5 -4 4 -6 -7 9 8 10 -11 11 -13 -14 -15 -16 -17 -18 18 -20 -21 -22 22 -24 -25 -26
leaf_value=-0.048327707896103772 0.041154016627865997 0.0063305749118434552 0.048955350291780067 -0.045421836620759236 0.030051958110931982 0.043232967402732296 -0.045761716751250438 0.039139369542131042 -0.016728268943501552 0.015134266909135366 -0.012279999393655809 -0.041979344504200759 0.0056949323216833152 0.0069232085999838397 0.037933306638980709 0.025103175141327629 0.031596070259179272 0.031678289999913865 -0.021957153980126487 -0.030204586114358264 0.024045252602762301 -0.011498341011021995 0.01674653477902275 0.0048738485572188579 -0.00010192945304916073
leaf_weight=21.84362852526829 5.5993976714089495 0.78728314116597364 20.675501583144069 4.1960961641743779 1.6238770019263027 3.4234989918768397 4.8535387730225921 0.73047371488064328 0.64792151702567913 0.63055106997489918 0.43882922548800696 5.3411752679385245 0.62654620595276345 0.44310947880148877 3.1987554132938385 1.5077768275514245 0.62011217745020986 0.16181250102817901 0.94645699625834823 1.1541902557946739 0.46839220821857452 0.42102524265646923 0.48637962713837624 0.82253016671165824 0.26267003826796997
leaf_count=3845 99 9 1065 233 43 115 413 23 126 14 54 720 10 10 71 14 28 18 153 38 2 47 4 19 3
internal_value=0.00104355 -0.0224918 0.0349569 0.0100198 -0.0188863 0.00777644 -0.00360754 -0.0379524 -0.0137371 -0.0310656 -0.0264121 -0.0342916 -0.0383721 -0.0391944 0.0226822 0.00206805 0.00821077 -0.0463393 -0.000443218 -0.016574 0.00662694 0.0373187 0.00186236 0.0319672 -0.044635
internal_weight=81.9115 48.4661 33.4454 12.7699 6.26308 16.4448 13.0213 32.0213 9.06943 6.37331 7.51643 6.2484 5.74276 4.63921 6.64801 3.44925 1.26803 22.9519 1.10827 1.94147 0.907221 6.5068 0.907405 1.553 5.11621
internal_count=7176 5675 1501 436 286 687 572 4988 972 440 930 776 426 243 132 61 154 4016 171 47 56 150 51 42 416
is_linear=0
shrinkage=0.05


Tree=77
num_leaves=25
num_cat=0
split_feature=6 3 35 5 2 3 36 42 16 5 2 6 46 47 46 8 3 39 42 20 14 5 5 5
split_gain=25.256 9.28342 7.92577 3.53828 3.4238 3.61064 2.86651 1.9675 1.8767 1.42978 1.3319 1.30299 0.779536 0.442736 0.533315 0.434445 0.425165 0.408737 0.341781 0.26715 0.192422 0.274734 0.180341 0.0176748
threshold=5.7751989364624032 0.3298212736845017 0.73128581047058117 0.48507130146026617 0.4083333313465119 0.57669684290885936 0.44543650746345526 0.048809524625539787 1.0000000180025095e-35 0.23553323745727542 0.15587044507265094 6.7326085567474374 0.86607143282890331 0.58571431040763866 0.30952382087707525 0.61250001192092907 0.97633051872253429 7.5028312206268319 0.55902779102325451 1.0000000180025095e-35 1.0000000180025095e-35 0.36778579652309423 0.28902275860309606 0.66904762387275707
decision_type=2 2 2 2 2 2 2 2 2 2 2 2 2 2 2 2 2 2 2 2 2 2 2 2
left_child=1 7 4 8 5 22 11 9 17 12 -5 -7 -1 14 -9 -6 23 18 -3 -4 21 -8 -2 -12
right_child=2 3 19 10 15 6 20 13 -10 -11 16 -13 -14 -15 -16 -17 -18 -19 -20 -21 -22 -23 -24 -25
leaf_value=-0.035269797585254919 0.0012382219566854456 -0.048809579178835237 0.001740000390563985 0.043942426034632082 0 -0.021129992231622489 -0.02481634377858279 0.022531756767014445 0.0058474093303435897 0.027690429707569082 -0.024663695250688986 0.032484629082461233 0.012911659983417097 0.039377596816796076 -0.01778136098492587 0.039497584026075394 0.010770304596196781 0.0011358698616256197 0 0.049607310094398761 -0.048484275705063702 0.00085804859304828185 0.040003447687838395 0
leaf_weight=2.5271814274601629 0.72032044921070637 26.045704967807993 0.59090571524575608 0.76720544788986389 0.89145340211689372 0.86547805974259828 1.7198314853012564 0.60850020125508286 1.3497552759945382 0.79935814160853613 1.144430002197623 1.9621086670085786 0.36177138984203328 4.2179582556709647 0.64023146033287048 4.3454618621617556 0.51600542198866595 0.17973711481317778 0.33063500141724844 21.190251322463155 4.3174904999323189 1.0117701785638926 1.7880333773791788 0.14006027486175288
leaf_count=317 23 4649 24 10 14 78 84 19 20 12 178 23 3 88 29 140 17 5 9 1121 227 37 39 10
internal_value=0.00112204 -0.0266645 0.0291596 -0.0396807 0.00346752 -0.0106924 -0.0245276 0.0158102 -0.0447736 -0.0100239 0.0113031 0.0135348 -0.0261819 0.032868 0.000923537 0.0341018 -0.0115441 -0.0476468 -0.0481912 0.0486616 -0.0402014 -0.0162853 0.0338224 -0.0234875
internal_weight=79.0316 39.6285 39.4031 30.4735 17.6219 12.385 9.87668 9.155 27.9058 3.68831 2.5677 2.82759 2.88895 5.46669 1.24873 5.23692 1.8005 26.5561 26.3763 21.7812 7.04909 2.7316 2.50835 1.28449
internal_count=7176 5366 1810 4898 665 511 449 468 4683 332 215 101 320 136 48 154 205 4663 4658 1145 348 121 62 188
is_linear=0
shrinkage=0.05


Tree=78
num_leaves=26
num_cat=0
split_feature=9 6 6 3 42 39 39 20 38 2 2 2 35 45 34 35 25 45 48 53 35 35 5 45 35
split_gain=23.8839 9.16729 5.16053 3.50576 2.9183 2.32506 1.96026 1.44099 1.47499 1.16735 0.988313 0.761851 0.760266 0.671035 0.661797 0.467618 0.477825 0.395427 0.371802 0.370518 0.326028 1.2717 0.166027 0.11981 0.0776063
threshold=4.5000000000000009 3.877779603004456 6.4953796863555917 1.0000000180025095e-35 0.21103239059448245 4.7845165729522714 5.5067982673645028 1.0000000180025095e-35 0.13182721287012103 0.13188406080007556 0.4083333313465119 0.47213622927665716 0.39164614677429205 12.375614166259767 0.47222222387790685 0.40618114173412329 1.0000000180025095e-35 17.212014198303226 1.5000000000000002 7.2474184036254892 0.49212184548377996 0.63691577315330516 0.60158732533454906 10.161285400390627 0.42550456523895269
decision_type=2 2 2 2 2 2 2 2 2 2 2 2 2 2 2 2 2 2 2 2 2 2 2 2 2
left_child=1 3 4 6 11 -6 -1 8 24 -4 22 13 -11 15 -7 16 -2 -5 19 -9 -14 -22 -10 -8 -3
right_child=2 7 9 17 5 14 23 18 10 12 -12 -13 20 -15 -16 -17 -18 -19 -20 -21 21 -23 -24 -25 -26
leaf_value=-0.025590714723967345 -0.022600713696886033 0.038775617064719069 -0.024602172427884466 -0.042763464402804596 0.046259892937682089 -0.032300965374634158 0.0027764795970146509 0.04798291497574337 -0.027243600193115419 -0.014101961410133174 0.021441270937366662 0.0080603789885801153 0.039454855129492268 0.0014860991527596082 0.0058671981828296721 -0.048202664092060532 0.014688475165633263 0 0 0.0034858730009607272 -0.018754178583735112 0.030547704804182604 0 0.037447813914235149 0.0052429017956485864
leaf_weight=1.1484569059684853 0.99456511763857125 2.8494451008737118 1.0297345658764232 4.7484288844279945 0.93105546291917463 2.1280984589830045 0.80215298430994186 22.638561139348901 1.8308332352899022 0.66951097175478924 1.0582989379763601 0.24342574179172416 1.8078441652469335 0.48621333949267764 1.0641831960529087 22.073174264281988 0.46446133404970169 0.44208750128746022 0.55318322964012523 0.89309523114934464 1.3871708530932667 1.8676675409078596 0.6002544006332754 2.6565347798168659 0.93814689572900523
leaf_count=32 162 78 63 533 41 334 17 1156 92 10 21 2 32 34 38 4277 4 5 18 36 46 57 9 59 20
internal_value=0.00119319 0.0268085 -0.0285774 -0.0139713 -0.0377103 7.82285e-05 0.0155074 0.0397409 0.0160083 0.00903578 -0.00599765 -0.0440793 0.018578 -0.0451087 -0.02002 -0.0462966 -0.00755091 -0.0392228 0.0457881 0.0467089 0.0253377 0.00889134 -0.0221674 0.0329543 0.0343442
internal_weight=76.3066 41.1595 35.1471 9.79766 28.3852 4.12334 4.60714 31.3618 7.27698 6.76193 3.48939 24.2618 5.73219 24.0184 3.19228 23.5322 1.45903 5.19052 24.0848 23.5317 5.06268 3.25484 2.43109 3.45869 3.78759
internal_count=7176 2076 5100 646 4892 413 108 1430 220 208 122 4479 145 4477 372 4443 166 538 1210 1192 135 103 101 76 98
is_linear=0
shrinkage=0.05


Tree=79
num_leaves=25
num_cat=0
split_feature=8 9 10 49 12 49 34 2 14 2 57 6 6 12 42 35 35 49 39 35 6 47 8 46
split_gain=22.7711 9.76224 6.85526 2.42951 2.75835 2.19729 2.03874 1.9831 1.84111 1.41204 1.14164 0.870393 0.807312 0.758274 0.713029 0.481857 0.472762 0.578169 0.465702 0.436792 0.307188 0.204051 0.189508 0.127815
threshold=0.240384615957737 5.5000000000000009 1.0000000180025095e-35 0.18333333730697635 1.0000000180025095e-35 0.26785714924335485 0.41428571939468389 0.45804196596145635 1.0000000180025095e-35 0.13484849035739901 0.064289715141057982 7.0446858406066903 5.9423835277557382 1.0000000180025095e-35 0.14039409160614016 0.92269384860992443 0.43191786110401159 0.90000000596046459 5.8278791904449472 0.83363303542137157 6.7326085567474374 0.86607143282890331 0.32291667163372045 0.18333333730697635
decision_type=2 2 2 2 2 2 2 2 2 2 2 2 2 2 2 2 2 2 2 2 2 2 2 2
left_child=2 3 6 4 22 9 15 8 20 12 16 -10 -3 -7 18 21 23 -18 -8 -11 -6 -1 -2 -4
right_child=1 5 10 -5 7 13 14 -9 11 19 -12 -13 -14 -15 -16 -17 17 -19 -20 -21 -22 -23 -24 -25
leaf_value=-0.031385009494361855 0.00067216606987117382 -0.016376885281029912 -0.01122095550421264 0.050116070606057467 -0.0017591806914550373 0.031223302714218699 -0.016877903944131769 0.03244275198379807 -0.045265780378372776 -0.042718946967179448 0.0011103692294501168 0.0038757222308495477 0.033827652299738782 -0.0080794751525750316 0.042682801819749136 0.011422110889620182 -0.047966151136996427 -0.0044989920758482784 0.019902990958364387 0.0033633408878764714 0.027408830552376008 0.00044587156904629243 0.042343150003007007 0.010594248710520913
leaf_weight=1.7945692040957544 0.5726784490980189 0.63109133765101233 0.40636262483895436 18.093982362188399 0.91031303349882353 1.6654365081340075 0.81054724380373933 1.9352474035695193 2.8490968104451899 5.651801043190062 1.1569931097328652 0.75065401010215271 0.55675384169444442 1.3841367308050394 2.7901887921616435 0.26261401921510685 21.442552916705612 1.2844982910901297 0.63707984518259764 0.19288411922752846 1.0088906707242129 0.21556662768125523 6.5453165764920413 0.26930005010217428
leaf_count=197 27 132 43 972 36 26 51 93 115 904 21 14 24 20 61 2 4128 27 6 4 24 3 239 7
internal_value=0.00121718 0.0247258 -0.0307338 0.0377811 0.0199092 -0.0167148 0.0127895 -0.00124424 -0.0169884 -0.0310234 -0.0425161 -0.0353165 0.00957524 0.0145598 0.0312727 -0.0191716 -0.0448349 -0.0460133 0 -0.0401985 0.0159978 -0.0272963 0.0401022 0
internal_weight=73.8186 42.7483 31.0703 32.6662 14.5722 10.0821 6.51057 7.4542 5.51895 7.03253 24.5597 3.59975 1.18785 3.04957 4.23782 2.27275 23.4027 22.7271 1.44763 5.84469 1.9192 2.01014 7.118 0.675663
internal_count=7176 2630 4546 1520 548 1110 320 282 189 1064 4226 129 156 46 118 202 4205 4155 57 908 60 200 266 50
is_linear=0
shrinkage=0.05


Tree=80
num_leaves=27
num_cat=0
split_feature=8 9 3 49 58 58 2 35 57 45 57 9 57 6 49 35 49 38 6 36 35 13 2 46 8 45
split_gain=21.4367 9.19179 6.55834 2.40397 3.15807 2.36511 2.33294 1.68432 1.12388 1.07485 1.11163 0.953596 0.861558 0.650444 0.608927 0.465865 0.578097 0.443476 0.418656 0.342779 0.265162 0.194543 0.630816 0.124814 0.0876791 0.0149342
threshold=0.240384615957737 5.5000000000000009 1.0000000180025095e-35 0.18333333730697635 1.0000000180025095e-35 1.0000000180025095e-35 0.47213622927665716 0.89108416438102733 0.064289715141057982 10.82026529312134 0.026327067054808143 7.5000000000000009 0.013793759513646366 7.0446858406066903 0.26785714924335485 0.43191786110401159 0.90000000596046459 0.81322672963142406 6.8764495849609384 0.87904912233352672 0.84967032074928295 1.0000000180025095e-35 0.23904761672019961 0.18333333730697635 0.73863637447357189 10.161285400390627
decision_type=2 2 2 2 2 2 2 2 2 2 2 2 2 2 2 2 2 2 2 2 2 2 2 2 2 2
left_child=2 3 7 4 21 11 13 9 15 10 19 14 -13 20 17 23 -17 -3 24 -1 -6 22 -2 -4 -7 -12
right_child=1 5 8 -5 6 18 -8 -9 -10 -11 25 12 -14 -15 -16 16 -18 -19 -20 -21 -22 -23 -24 -25 -26 -27
leaf_value=-0.0052681871283480749 -0.012887511599573367 -0.018638337377982938 -0.01109394244705544 0.049947899877647195 -0.040050620040216381 -0.041527914790510358 0.030369242320786423 0.039420606460017278 0.0010806882942911461 0.020185358998422272 -0.03659080376184929 0.021125611022096129 -0.029076708739443121 0.0047351768677446485 0.036187081884472977 -0.047790342282183318 -0.0043771044511098384 0.018665162745719402 0.0035488963226518507 0.035740922946059253 0 0.042141083281299695 0.026814801923038568 0.010483630264169966 0 0
leaf_weight=0.22809037333354654 0.75126697402447673 0.83680187026038588 0.40202305838466301 17.271315842866898 2.7980114864185448 4.6236478891223669 1.6340320799499748 2.3227472975850105 1.1568017415702332 1.3313147560693321 2.1220269068144266 0.31571306288242329 1.5851626293733714 0.75722435396164645 1.7529555670917034 20.473542033461857 1.2821609089151014 0.36854147166013718 0.20123604265972961 0.10700654471293092 0.48408729583024968 6.5140220760367811 1.356612045317888 0.26909118285402656 0.1387914060615002 0.25542332511395205
leaf_count=42 17 70 43 972 134 730 77 57 21 17 184 24 247 18 23 4128 27 2 5 15 16 241 45 7 9 5
internal_value=0.00126549 0.0244124 -0.0303159 0.0373304 0.0194904 -0.0162522 -0.00811605 0.0126044 -0.0421474 -0.00656894 -0.0229468 0.00743411 -0.0146069 -0.0276138 0.0229721 -0.0445415 -0.0457563 -0.00167361 -0.0376367 0.0210439 -0.0356077 0.0371311 0.011462 0 -0.0405585 -0.0350225
internal_weight=71.3397 41.3894 29.9502 31.5666 14.2953 9.82285 5.67336 6.36661 23.5836 4.04386 2.71255 4.85917 1.90088 4.03932 2.9583 22.4268 21.7557 1.20534 4.96368 0.335097 3.2821 8.6219 2.10788 0.671114 4.76244 2.37745
internal_count=7176 2630 4546 1520 548 1110 245 320 4226 263 246 366 271 168 95 4205 4155 72 744 57 150 303 62 50 739 189
is_linear=0
shrinkage=0.05


Tree=81
num_leaves=29
num_cat=0
split_feature=29 49 57 42 39 6 2 5 2 47 57 2 39 36 6 35 35 36 35 2 2 29 35 35 35 42 39 42
split_gain=20.1306 7.68927 4.15304 3.0758 3.05782 2.22409 1.76371 1.72323 1.39982 1.3688 1.33884 0.762389 0.615223 0.588429 0.653886 0.552665 0.859259 0.541025 0.549661 0.487457 0.430669 0.387735 0.376162 0.333411 0.258957 0.0840849 0.0276967 0.0101654
threshold=7.5833332538604745 0.26785714924335485 0.047378849238157279 0.10274454951286317 4.7845165729522714 6.7326085567474374 0.19523809850215915 0.18673992902040484 0.10435571894049646 0.81666666269302379 0.014815627597272398 0.26969698071479803 7.0446858406066903 0.80993431806564342 4.1066589355468759 0.42550456523895269 0.41741962730884558 0.31180556118488317 0.50167974829673778 0.4083333313465119 0.63068181276321422 3.8333333730697636 0.65883404016494762 0.38585758209228521 0.92661488056182872 0.20638945698738101 7.0446858406066903 0.10791925340890886
decision_type=2 2 2 2 2 2 2 2 2 2 2 2 2 2 2 2 2 2 2 2 2 2 2 2 2 2 2 2
left_child=1 2 5 15 25 9 7 21 -3 10 -1 12 -6 -9 -15 16 -2 -7 -19 24 26 -4 -20 -10 -12 27 -17 -5
right_child=3 8 6 4 11 17 -8 13 23 -11 19 -13 -14 14 -16 20 -18 18 22 -21 -22 -23 -24 -25 -26 -27 -28 -29
leaf_value=0.022337540575530335 -0.023477808144776326 -0.0042788137501615685 0.033226187651020304 0.0051192655953575441 -0.037785619643182104 0.030946515710264952 0.04420472496884631 -0.036234917067862651 0 0.010269574619279997 -0.044365304603673154 0.012741971228943572 0.0091477404674226177 -0.020550638112519191 0.021665228807063792 -0.04764932989214498 0.029787919359774373 0.016263068887457564 -0.02736764217861128 0 0.00243713857302604 0 0.0047362648646412887 0.048473330284898988 0 0.047172452405875219 0 0
leaf_weight=0.22792501747608263 1.0555028896778882 1.0478780101984764 2.5964820580556971 0.1841522257309397 3.2944454071111986 1.1672151051461686 4.8544860864058137 1.2725914032198491 0.45062381215393799 1.3674365216866142 7.1061961085069907 0.43727946281433094 0.23939521890133608 0.75366563256829955 0.90487125422805548 16.801217462401844 0.17777679860591877 1.5643926747143271 1.1316365781240163 0.69257408194243897 0.15140977129340072 1.405792625620961 0.77148579247295845 17.522757777012885 0.21649298816919316 1.1718047126196323 0.10452479077502985 0.27326483489014208
leaf_count=1 174 22 62 3 557 8 271 51 11 33 1040 14 3 24 21 3668 12 30 39 17 6 28 19 960 2 45 12 43
internal_value=0.00131439 0.0209444 0.00271424 -0.0348582 -0.00110687 -0.014813 0.0237885 0.00509344 0.0442634 -0.0277698 -0.0350493 -0.0246658 -0.032187 -0.0196169 8.67108e-05 -0.0443403 -0.00366062 0.0113271 0 -0.0395325 -0.046639 0.0244938 -0.0154825 0.0474334 -0.042887 0.0419558 -0.0474693 0.00196361
internal_weight=68.9453 45.0545 26.0332 23.8908 5.60034 14.2454 11.7879 6.9334 19.0213 9.61062 8.24319 3.97112 3.53384 2.93113 1.65854 18.2904 1.23328 4.63473 3.46752 8.01526 17.0572 4.00227 1.90312 17.9734 7.32269 1.62922 16.9057 0.457417
internal_count=7176 2639 1646 4537 665 1189 457 186 993 1093 1060 574 560 96 45 3872 186 96 88 1059 3686 90 58 971 1042 91 3680 46
is_linear=0
shrinkage=0.05


Tree=82
num_leaves=28
num_cat=0
split_feature=29 49 57 42 39 6 3 2 3 2 21 35 2 39 35 35 3 2 35 47 47 34 38 42 39 42 39
split_gain=18.9173 7.25844 3.85256 3.01769 2.89091 2.11346 1.89433 1.70744 2.70041 1.36971 0.927859 0.873113 0.737357 0.602466 0.559302 0.836347 0.53488 0.427114 0.327904 0.304797 0.257019 0.113995 0.395371 0.0754966 0.0272048 0.0100507 0.00991317
threshold=7.5833332538604745 0.26785714924335485 0.047378849238157279 0.10274454951286317 4.7845165729522714 6.6069514751434335 0.26764950156211859 0.19523809850215915 0.54457995295524608 0.10435571894049646 1.0000000180025095e-35 0.51183474063873302 0.26969698071479803 7.0446858406066903 0.42550456523895269 0.41741962730884558 0.91413211822509777 0.63068181276321422 0.38585758209228521 0.86607143282890331 0.77500000596046459 0.63068181276321422 0.11269841343164445 0.20638945698738101 7.0446858406066903 0.10791925340890886 6.1432809829711923
decision_type=2 2 2 2 2 2 2 2 2 2 2 2 2 2 2 2 2 2 2 2 2 2 2 2 2 2 2
left_child=1 2 5 14 23 6 21 8 20 -3 -7 -12 13 -6 15 -2 -10 24 -11 -8 -4 22 -1 25 -16 -5 -24
right_child=3 9 7 4 12 10 19 -9 16 18 11 -13 -14 -15 17 -17 -18 -19 -20 -21 -22 -23 26 -25 -26 -27 -28
leaf_value=0.021468238524096125 -0.023152928707084939 -0.0041712032356100845 0.0067863336508859522 0.0050814441766676858 -0.037396167671773631 0.031280879004729222 -0.043057262286360809 0.043791676258571915 -0.039354374569907397 0 0.012740586738270311 -0.02628819995455391 0.012592009172271688 0.0090633223618058235 -0.047460801828896712 0.029453336492593248 0.0035224030081249347 0.0024218613853526517 0.048135804436891562 -0.00012819083664184275 0.036722814038721768 0.019360377909983857 -0.016631080996368616 0.046085782721199953 0 0 0
leaf_weight=0.24024700932204879 1.0314420778304398 1.0469874422997261 2.2788590090349299 0.18370110332034428 3.1757472075987616 1.7165725138038386 6.0300734573975205 4.6693923668935895 1.8520776838995519 0.45062381215393799 2.0716214603744452 1.6292018317617474 0.43239586241543282 0.23887124517932523 16.047590278554715 0.18205837998539198 0.50224649487063278 0.15106332954019208 16.788962698541582 0.69613468647003163 2.2108785770833492 0.62073349580168713 0.59656337788328528 1.163262811489403 0.10452479077502985 0.27326483489014208 0.30518366815522313
leaf_count=2 174 22 33 3 557 32 980 271 68 11 30 58 14 3 3668 12 26 6 960 23 59 7 45 45 12 43 12
internal_value=0.00138298 0.020652 0.00277884 -0.034384 -0.000677496 -0.0142939 -0.0287771 0.0232938 0.00487167 0.0438056 0.00856953 -0.00531454 -0.0241163 -0.0316967 -0.0440295 -0.00326102 -0.0303937 -0.0464113 0.0470624 -0.0398531 0.0264428 0.0108043 0 0.0410309 -0.047274 0.0019319 -0.0148046
internal_weight=66.6903 43.7064 25.4198 22.9839 5.46724 13.9063 8.48894 11.5135 6.84406 18.2866 5.4174 3.70082 3.84701 3.41462 17.5167 1.2135 2.35432 16.3032 17.2396 6.72621 4.48974 1.76273 1.14199 1.62023 16.1521 0.456966 0.901747
internal_count=7176 2639 1646 4537 665 1189 1069 457 186 993 120 88 574 560 3872 186 94 3686 971 1003 92 66 59 91 3680 46 57
is_linear=0
shrinkage=0.05


Tree=83
num_leaves=23
num_cat=0
split_feature=8 20 3 6 5 34 3 35 35 45 49 42 35 35 39 3 8 3 47 3 5 3
split_gain=18.1608 9.23853 6.01971 4.12463 3.04936 1.73128 1.69357 1.50892 0.801711 0.769995 0.694199 0.633581 0.515876 0.427989 0.405328 0.301359 0.285156 0.180254 0.177016 0.165694 0.0816685 0.0732258
threshold=0.240384615957737 1.0000000180025095e-35 1.0000000180025095e-35 6.4953796863555917 0.47726750373840338 0.41428571939468389 0.30417390167713171 0.51483678817749035 0.60620787739753734 20.332776069641117 0.26785714924335485 0.14039409160614016 0.39164614677429205 0.92269384860992443 5.8278791904449472 0.94269293546676647 0.63392856717109691 0.93717104196548473 0.86607143282890331 0.98360547423362743 0.44504831731319433 0.98496156930923473
decision_type=2 2 2 2 2 2 2 2 2 2 2 2 2 2 2 2 2 2 2 2 2 2
left_child=2 3 5 6 9 13 -2 12 -3 20 17 14 -5 18 -7 -14 19 -9 -1 -8 -4 -21
right_child=1 8 4 7 -6 11 16 10 -10 -11 -12 -13 15 -15 -16 -17 -18 -19 -20 21 -22 -23
leaf_value=-0.029897382184422838 0.019487652130302346 -0.0033416713959457398 -0.047564100441858242 0 0.023935959386022658 -0.016097471788320394 -0.042948695970707711 -0.02934678768805786 0.046249751768532937 0.0034689079608144478 0.017132452738870919 0.041376722814881861 0.043159516697768407 0.010750832352978485 0.018663287005007176 0.0041974871835944892 0 0 0.00013735072378097778 0.0059106555715106816 0 -0.010248641002280887
leaf_weight=1.6067500067874818 0.77079240465536969 0.51781663182191806 19.433784912340354 1.3217487223446349 0.99664581916294892 0.75517765898257516 5.6485792049206793 1.3775647589936859 20.757453280035406 0.45073850452899833 0.66581369936466206 2.5691477237269282 3.5596671346575022 0.25500009208917607 0.60342827532440424 1.1556358020752666 0.48392276093363751 0.64735320815816511 0.19877284392714489 0.20206189504824568 0.18471947894431551 0.36455030785873532
leaf_count=197 26 22 4166 29 35 51 993 51 1278 5 16 61 80 2 6 33 30 14 3 4 20 54
internal_value=0.00143966 0.023798 -0.0290952 -0.00439741 -0.0412997 0.0128891 -0.0299107 0.0177549 0.0447225 -0.045759 -0.00974456 0.0303081 0.030365 -0.0177349 0 0.0368907 -0.0380368 -0.0229772 -0.0259382 -0.0405294 -0.0472459 -0.00119992
internal_weight=64.5271 37.473 27.0542 16.1977 21.0659 5.98828 7.46991 8.72778 21.2753 20.0692 2.69073 3.92775 6.03705 2.06052 1.35861 4.7153 6.69911 2.02492 1.80552 6.21519 19.6185 0.566612
internal_count=7176 2630 4546 1330 4226 320 1107 223 1300 4191 81 118 142 202 57 113 1081 65 200 1051 4186 58
is_linear=0
shrinkage=0.05


Tree=84
num_leaves=23
num_cat=0
split_feature=8 20 3 6 5 3 34 35 2 35 45 42 2 48 35 35 39 3 47 3 5 3
split_gain=16.9968 8.70728 5.75491 3.87578 2.95591 1.63691 1.63188 1.41219 0.841596 0.783127 0.760265 0.601931 0.566646 0.519838 0.486967 0.41559 0.390965 0.28204 0.17338 0.167305 0.0805105 0.0716936
threshold=0.240384615957737 1.0000000180025095e-35 1.0000000180025095e-35 6.4953796863555917 0.47726750373840338 0.30417390167713171 0.41428571939468389 0.51483678817749035 0.4083333313465119 0.60620787739753734 20.332776069641117 0.14039409160614016 0.47213622927665716 2.5000000000000004 0.39164614677429205 0.92269384860992443 5.8278791904449472 0.94269293546676647 0.86607143282890331 0.98360547423362743 0.44504831731319433 0.98496156930923473
decision_type=2 2 2 2 2 2 2 2 2 2 2 2 2 2 2 2 2 2 2 2 2 2
left_child=2 3 6 5 10 -2 15 14 -9 -3 20 16 19 -11 -5 18 -8 -16 -1 -7 -4 -21
right_child=1 9 4 7 -6 12 11 8 -10 13 -12 -13 -14 -15 17 -17 -18 -19 -20 21 -22 -23
leaf_value=-0.029493173033884358 0.019040018511158562 -0.0032841303630844303 -0.047347751314630128 0 0.023443405350286634 -0.042957936444933668 -0.01582910780807464 -0.027390840366773063 0.015362213317986788 0.046736304943928726 0.0034158888840227311 0.040661507203086526 0.006681768099978772 -0.0010111112130367743 0.042106153096799492 0.010651191844387092 0.018380636459662824 0.0040881046637148586 0.00013621342522354606 0.0058633709093220071 0 -0.010137952726818176
leaf_weight=1.5621721441857546 0.77292394218966265 0.51805966417305427 18.572809610515844 1.3217487223446349 0.98793952306732435 5.6863614092580974 0.74675037898123287 1.5945536037907007 1.0525999274104831 19.658774635754529 0.45037828758358855 2.502903388813138 0.2193913385272025 0.33317883918061753 3.4930184427648783 0.25389904901385296 0.59759790636599064 1.1540262084454296 0.19876258447766293 0.20158334518782783 0.18471947894431551 0.36110929143615067
leaf_count=197 26 22 4166 29 35 1021 51 63 18 1267 5 61 2 11 80 2 6 33 3 4 20 54
internal_value=0.00146786 0.0233732 -0.0286531 -0.00419924 -0.0409229 -0.029374 0.0126931 0.0172935 -0.0094689 0.0441274 -0.0454772 0.0297382 -0.0376033 0.0456921 0.0295357 -0.0172639 0 0.0359462 -0.0254998 -0.0405551 -0.0470177 -0.00112212
internal_weight=62.4253 36.3673 26.0579 15.8573 20.1958 7.24137 5.86209 8.61595 2.64715 20.51 19.2079 3.84725 6.46845 19.992 5.96879 2.01483 1.34435 4.64704 1.76093 6.24905 18.7575 0.562693
internal_count=7176 2630 4546 1330 4226 1107 320 223 81 1300 4191 118 1081 1278 142 202 57 113 200 1079 4186 58
is_linear=0
shrinkage=0.05


Tree=85
num_leaves=28
num_cat=0
split_feature=9 8 49 35 40 9 5 5 5 49 12 2 35 5 4 46 57 35 36 58 36 36 39 36 35 8 57
split_gain=16.0125 6.31868 4.81296 1.96469 1.94796 1.43523 1.15534 1.21293 1.06499 1.00641 1.20735 1.52176 0.94435 0.78105 0.764611 0.930389 0.73313 0.666354 0.417783 0.39712 0.243691 0.18046 0.150602 0.0737853 0.0525682 0.0481811 0.0146978
threshold=4.5000000000000009 0.240384615957737 0.26785714924335485 0.89848890900611889 3.917850255966187 7.5000000000000009 0.16463142633438113 0.36127844452857977 0.70381036400794994 0.18333333730697635 1.0000000180025095e-35 0.4083333313465119 0.81029364466667186 0.31843157112598425 1.0000000180025095e-35 0.64583334326744091 0.013793759513646366 0.42550456523895269 0.48957881331443792 1.0000000180025095e-35 0.30368906259536749 0.86512476205825817 6.3038835525512704 0.97467949986457836 0.72156575322151195 0.43650794029235845 0.064080443233251586
decision_type=2 2 2 2 2 2 2 2 2 2 2 2 2 2 2 2 2 2 2 2 2 2 2 2 2 2 2
left_child=1 4 3 8 22 19 12 -8 14 10 20 13 24 -12 15 -2 17 -16 -15 25 -3 -20 26 -5 -6 -4 -1
right_child=2 9 5 23 6 -7 7 -9 -10 -11 11 -13 -14 18 16 -17 -18 -19 21 -21 -22 -23 -24 -25 -26 -27 -28
leaf_value=-0.038522121018518485 -0.023429234382757694 0 0.0047625037226502447 0 -0.014706529651899794 -0.02321736030189768 -0.032330270945967597 0.020680001573725022 0.0078332178477850053 0.048712153298689359 0.014162427509819636 0.029651981353037822 0.035577325070762389 0.0025773027719476699 0.027629545417331588 0.030079443075410769 -0.046698287981440718 -0.020138022417854382 -0.042316456902025353 0 0.039081140006873377 -0.00049409524615206786 0 0.017574767651862607 0 0.03823074460741252 0
leaf_weight=2.7831486565992227 1.0387463942170274 0.26050957106053818 0.82096861582249347 0.70388656947761663 0.51996373734436963 0.98857050761580456 1.8337994816247376 0.77624896448105563 0.65488774795085092 12.630896681919694 0.68045363947749171 2.0958521757274866 2.7821512965019792 0.46620459062978659 0.20683524198830372 0.33689708774909366 17.796876570209861 0.83606583788059652 1.3668018425814805 1.0298451567068694 5.2667298000305891 0.59669672418385733 0.25852914038114239 0.70380703220143914 0.3423922061920166 2.3428427129983902 0.27813160233199585
leaf_count=302 180 10 15 29 41 42 228 22 19 921 17 113 73 14 15 30 4463 219 41 19 224 28 27 14 10 55 5
internal_value=0.00150101 0.0247478 -0.0260976 -0.0359702 -0.00845284 0.0144886 0.00765097 -0.0138183 -0.0398258 0.0383468 0.0226107 0.00297014 0.0237677 -0.0166333 -0.0419019 -0.00107472 -0.0444265 0 -0.0283304 0.0270987 0.0370546 -0.0357495 -0.0346978 0.0119147 -0.0102933 0.0339765 -0.0370578
internal_weight=60.3987 32.9385 27.4602 22.278 9.57437 5.18223 6.25456 2.61005 20.8703 23.3641 10.7332 5.20601 3.64451 3.11016 20.2154 1.37564 18.8398 1.0429 2.4297 4.19366 5.52724 1.9635 3.31981 1.40769 0.862356 3.16381 3.06128
internal_count=7176 2076 5100 4969 708 131 374 250 4926 1368 447 213 124 100 4907 210 4697 234 83 89 234 69 334 43 51 70 307
is_linear=0
shrinkage=0.05


Tree=86
num_leaves=25
num_cat=0
split_feature=8 20 3 6 5 3 34 58 8 45 42 2 48 53 38 36 47 3 6 9 21 57 36 3
split_gain=15.1236 7.82709 5.32336 3.50652 2.83066 1.52673 1.51259 1.05922 1.17801 0.738185 0.663275 0.539745 0.464626 0.352973 0.350137 0.30364 0.159714 0.155499 0.0887941 0.549773 0.0796573 0.25241 0.0701747 0.0658167
threshold=0.240384615957737 1.0000000180025095e-35 1.0000000180025095e-35 6.4953796863555917 0.44504831731319433 0.30417390167713171 0.41428571939468389 1.0000000180025095e-35 0.80909091234207164 20.332776069641117 0.048809524625539787 0.47213622927665716 2.5000000000000004 7.2474184036254892 0.65978723764419567 0.50438597798347484 0.86607143282890331 0.98360547423362743 4.5942757129669198 2.5000000000000004 1.0000000180025095e-35 0.031910113990306861 0.91341829299926769 0.98496156930923473
decision_type=2 2 2 2 2 2 2 2 2 2 2 2 2 2 2 2 2 2 2 2 2 2 2 2
left_child=2 3 6 5 9 -2 14 20 15 -4 22 17 13 18 16 -9 -1 -7 19 -3 -5 -22 -8 -19
right_child=1 12 4 7 -6 11 10 8 -10 -11 -12 -13 -14 -15 -16 -17 -18 23 -20 -21 21 -23 -24 -25
leaf_value=-0.028567195986892269 0.018123833498899566 0.028839081119721527 -0.047003005233870389 0.039528812923084716 0.020039689844291608 -0.042403364900021778 0.0032942834538044678 0 0.025598271002851988 0.0032165211153114322 0.037888972651287205 0.0064006539826692386 -0.00089676922546830782 0.00021074054045875829 0.0085864117669438057 -0.030198782215991267 0 0.0055621580482706681 0.04720234055729014 -0.011885160140567563 -0.0043822124900746795 0.020044569930602517 -0.01144894146147959 -0.0097795281171869728
leaf_weight=1.4606028571724916 0.76751125603914161 0.75806112959981919 17.102589948801331 2.1129190823994559 1.1483705667778838 5.286056486191228 0.3974721985869113 0.82037272769957859 1.1536871679127214 0.4410971961915483 2.9090140145272017 0.21474112942814816 0.32299789763055642 0.67555321007966895 0.283711977303028 1.5527572664432225 0.19379018247127522 0.19695312692783762 16.759456082247198 0.57833211217075586 0.74150640750303898 1.9151687361299989 0.39559726184234023 0.34922889899462461
leaf_count=193 26 10 4166 55 55 1021 25 16 40 5 68 2 11 34 6 44 3 4 1184 61 26 42 25 54
internal_value=0.00153809 0.0227907 -0.0278609 -0.003851 -0.0402796 -0.0285723 0.0124106 0.0168059 -0.00278714 -0.0453653 0.0290795 -0.0369395 0.0432656 0.0442853 -0.0167881 -0.0215668 -0.0246187 -0.0399704 0.0455717 0.0115315 0.0301324 0.0125255 -0.00355504 -0.000994178
internal_weight=58.5375 34.2053 24.3322 15.1109 18.6921 6.81449 5.64019 8.29641 3.52682 17.5437 3.70208 6.04698 19.0944 18.7714 1.93811 2.37313 1.65439 5.83224 18.0958 1.33639 4.76959 2.65668 0.793069 0.546182
internal_count=7176 2630 4546 1330 4226 1107 320 223 100 4171 118 1081 1300 1289 202 60 196 1079 1255 71 123 68 50 58
is_linear=0
shrinkage=0.05


Tree=87
num_leaves=26
num_cat=0
split_feature=8 47 57 58 4 5 8 6 42 35 57 56 26 57 5 36 36 45 59 39 4 57 6 38 35
split_gain=14.2715 5.55328 3.03039 3.04673 2.81848 3.02336 2.22029 1.34696 1.2129 1.20377 0.999527 0.773934 0.602597 0.663818 0.592398 0.43531 0.404608 0.351228 0.342485 0.251318 0.228432 0.206158 0.155999 0.00871256 0.044913
threshold=0.48333333432674414 0.81666666269302379 0.044130235910415656 1.0000000180025095e-35 0.26764950156211859 0.50781443715095531 0.80909091234207164 5.7751989364624032 0.19848485291004184 0.73128581047058117 0.013793759513646366 1.0000000180025095e-35 1.0000000180025095e-35 0.045468308031558997 0.77194550633430492 0.31180556118488317 0.31180556118488317 19.594481468200687 1.0000000180025095e-35 6.1432809829711923 0.44274005293846136 0.061252705752849586 6.071730613708497 0.075498577207326903 0.40618114173412329
decision_type=2 2 2 2 2 2 2 2 2 2 2 2 2 2 2 2 2 2 2 2 2 2 2 2 2
left_child=1 4 3 22 8 7 14 -6 11 10 -9 -1 -7 -14 -5 -12 -3 -13 -17 20 -18 -10 23 -2 -25
right_child=2 16 -4 6 5 12 -8 9 21 -11 15 17 13 -15 -16 18 19 -19 -20 -21 -22 -23 -24 24 -26
leaf_value=0.020871370959743507 0.0043971802644102928 -0.0056065033191675176 0.046701498935118844 -0.041759127274502456 -0.047395616388579725 0.032540199252084991 0.025695363425326419 0.017863359336109368 0.03774679132656425 0.021535522471239774 0.00077181086952665592 -0.032283652524498718 -0.024107388333263698 0.019064749965368156 0.0051213439862598138 0 0.016364470412862125 0.0056441704994734301 -0.044304610479264123 0.031785882976350426 -0.00976375559972824 0.0032211680828238675 0.036294169587928721 0.0053471475208801958 -0.0077586193988332421
leaf_weight=0.23650857806206049 0.21499152388423848 0.50430859439074893 12.948358630761502 3.2058794395998125 16.358237369451679 0.86735791922546934 1.2134665641933677 0.37595502659678404 1.0475769932381811 0.99934712657704938 0.47149723209440741 1.9133657596539708 0.98559463256969959 0.57072686217725277 0.34686486981809128 0.32163909357041243 0.52023803070187546 0.17874334752559651 2.5261619593948117 4.0166835822165012 0.75472536403685808 1.2601001076400278 4.3172072051092982 0.20012941164895892 0.29524042387492955
leaf_count=1 5 31 1065 233 4616 24 43 23 32 29 31 271 123 20 10 20 10 1 244 149 33 17 98 3 44
internal_value=0.00159811 -0.0186804 0.0315575 0.00860068 -0.0278531 -0.0346805 -0.017665 -0.0406614 0.00585069 -0.012116 -0.0249301 -0.0155 0.0125135 -0.00505491 -0.0359643 -0.0339481 0.0226268 -0.0266488 -0.0397026 0.0265757 0.00120669 0.0270793 0.0331301 0.0010001 0
internal_weight=56.6509 33.9088 22.7421 9.79378 28.1128 23.4765 4.76621 21.0528 4.63629 4.6946 3.69525 2.32862 2.42368 1.55632 3.55274 3.3193 5.79596 2.09211 2.8478 5.29165 1.27496 2.30768 5.02757 0.710361 0.49537
internal_count=7176 5675 1501 436 5452 5130 286 4963 322 347 318 273 167 143 243 295 223 272 264 192 43 49 150 52 47
is_linear=0
shrinkage=0.05


Tree=88
num_leaves=24
num_cat=0
split_feature=49 9 9 6 3 35 39 58 2 2 6 3 47 35 42 6 35 57 35 40 2 2 36
split_gain=13.4466 7.26503 2.45903 1.98208 1.95845 1.81752 1.54287 1.27826 1.14979 1.00496 0.995059 0.872582 0.672378 0.553638 0.4697 0.372268 0.312543 0.282622 0.25254 0.11986 0.0614007 0.783342 0.05226
threshold=0.26785714924335485 4.5000000000000009 7.5000000000000009 3.877779603004456 1.0000000180025095e-35 0.89848890900611889 5.5067982673645028 1.0000000180025095e-35 0.47213622927665716 0.10435571894049646 6.4953796863555917 1.0000000180025095e-35 0.63333335518836986 0.44773148000240331 0.18561584502458575 7.0446858406066903 0.38585758209228521 0.065070353448390975 0.63820621371269237 3.994197010993958 0.17519181966781619 0.13188406080007556 0.97467949986457836
decision_type=2 2 2 2 2 2 2 2 2 2 2 2 2 2 2 2 2 2 2 2 2 2 2
left_child=1 3 9 4 6 10 -1 20 15 -2 11 12 -3 -12 -14 19 -11 -6 -15 -9 21 -5 -7
right_child=2 5 -4 7 17 22 -8 8 -10 16 13 -13 14 18 -16 -17 -18 -19 -20 -21 -22 -23 -24
leaf_value=-0.024743395928460837 0 -0.021186104667835739 -0.021910204312633484 0.0266338537865085 -0.038152763734187523 0 0.029482253612198313 -0.031883987470586787 0.026042588014265719 0 0.013871675008898743 -0.046707831882245435 -0.0065065288510848217 -0.027606666247816571 0.040945580284112409 0.0038435477113558632 0.04731321807739889 0 0.0023996251082485324 0 0.037102276523085509 -0.017577484353851973 0.016656485108330288
leaf_weight=1.0214852404315053 1.2509262505918748 0.88299183058553044 0.90690454561263401 1.7258400595746919 3.0909135297406469 0.66648308746516594 2.7705504158511758 1.547704127617181 1.2153608547523616 0.41876824758946796 1.0258978162892156 14.611812702380119 0.26274860254488885 1.2901873870287088 0.16704608593136072 0.65873968694359053 14.168368048034607 0.3214990347623824 0.39388345787301648 0.36705910298041988 4.8255838891491294 0.59879053803160776 0.66789040016010404
leaf_count=32 24 156 42 67 530 29 76 70 76 11 19 4594 51 85 3 18 990 2 18 26 227 16 14
internal_value=0.00170547 -0.0146112 0.0378554 0.00793859 -0.0110953 -0.0347396 0.0117165 0.0207724 -0.00159453 0.0426726 -0.0387732 -0.0433994 -0.000140088 -0.00586987 0.0241778 -0.0196809 0.0461332 -0.0344883 -0.0204464 -0.0280315 0.0319794 0.0118801 0.0119273
internal_weight=54.8574 38.1125 16.745 18.1435 7.20445 19.9689 3.79204 10.9391 3.78886 15.8381 18.6346 15.9246 1.31279 2.70997 0.429795 2.5735 14.5871 3.41241 1.68407 1.91476 7.15021 2.32463 1.33437
internal_count=7176 6109 1067 1140 640 4969 108 500 190 1025 4926 4804 210 122 54 114 1001 532 103 96 310 83 43
is_linear=0
shrinkage=0.05


Tree=89
num_leaves=28
num_cat=0
split_feature=8 20 3 35 5 2 34 29 40 35 36 45 6 8 48 5 35 57 6 35 47 36 5 9 29 36 36
split_gain=12.807 6.74016 4.74561 3.24969 2.61832 1.38515 1.38185 1.18696 1.00432 0.883234 0.718219 0.690673 0.492097 0.442651 0.422626 0.411653 0.359523 0.280589 0.243293 0.159887 0.151604 0.0753873 0.0697942 0.0570604 0.0241321 0.00745771 0.00611622
threshold=0.240384615957737 1.0000000180025095e-35 1.0000000180025095e-35 0.45421318709850317 0.47726750373840338 0.4083333313465119 0.41428571939468389 13.416666507720949 2.8194408416748051 0.39164614677429205 0.31180556118488317 20.332776069641117 4.6938397884368905 0.68333333730697643 2.5000000000000004 0.78474903106689464 0.92269384860992443 0.032663283869624145 7.0446858406066903 0.42550456523895269 0.86607143282890331 0.29708614945411688 0.44504831731319433 4.5000000000000009 16.416666984558109 0.91010102629661571 0.73942822217941295
decision_type=2 2 2 2 2 2 2 2 2 2 2 2 2 2 2 2 2 2 2 2 2 2 2 2 2 2 2
left_child=2 3 6 9 11 10 16 14 -8 13 18 22 -11 23 -3 17 20 -12 -5 26 -1 -21 -4 -2 -9 -10 -14
right_child=1 7 4 5 -6 -7 8 24 25 12 15 -13 19 -15 -16 -17 -18 -19 -20 21 -22 -23 -24 -25 -26 -27 -28
leaf_value=-0.028208838598489629 0 0.045855923329666412 -0.046506601488229091 -0.010778281385366953 0.022066091215793508 0.011803214839472231 -0.013964338812491492 -0.012136439973532072 0.047448141370222713 -0.0062975117994434199 -0.043109070410246496 0.0028771088588647655 0.0037313982663138901 0.014894278971308714 -9.0317756851753331e-05 0.0038287118950058895 0.0095767726184492839 0 0.018092580729667251 0.012008580817154215 0 -0.002995446342499531 0 -0.023003260170643539 0 0.013218824653894221 0.043659546561354623
leaf_weight=1.4257395183667565 0.22165866754949337 16.266104232287041 15.136771510588002 0.38723049801774134 0.92816771380603391 1.5260346201248465 0.48638527258299324 0.31007322855293651 1.3795150071382525 0.25699241110123683 5.184189663734287 0.43364304490387517 0.49753583315759931 0.54600351117551316 0.28842459712177415 0.16919397935271252 0.24194775894284237 0.32606438198126841 0.42215123772621155 0.43703416571952391 0.18779544532299031 0.47775865183211863 0.17180095566436726 0.84369214507751167 0.28767606313340366 1.6546758916229007 2.7170597917865962
leaf_count=197 7 1243 4166 60 35 39 45 17 34 63 859 5 39 20 7 2 2 7 2 13 3 41 20 90 33 39 88
internal_value=0.00167867 0.0221183 -0.0267039 -0.00337355 -0.0393818 -0.023293 0.0118349 0.042258 0.0281466 0.0220553 -0.0326885 -0.044405 0.0320786 -0.00515059 0.044811 -0.0382632 -0.0163822 -0.0407132 0.00319359 0.0362038 -0.0243627 0.00408932 -0.0461452 -0.0200821 -0.00911117 0.0379246 0.0410177
internal_weight=53.2113 31.1649 22.0464 14.0126 16.6704 8.01486 5.37606 17.1523 3.52058 5.99774 6.48883 15.7422 4.38638 1.61135 16.5545 5.67945 1.85548 5.51025 0.809382 4.12939 1.61353 0.914793 15.3086 1.06535 0.597749 3.03419 3.2146
internal_count=7176 2630 4546 1330 4226 969 320 1300 118 361 930 4191 244 117 1250 868 202 866 62 181 200 54 4186 97 50 73 127
is_linear=0
shrinkage=0.05


Tree=90
num_leaves=28
num_cat=0
split_feature=49 29 35 8 5 3 2 6 20 34 3 21 29 35 3 45 26 35 40 29 26 35 35 35 35 6 45
split_gain=12.0886 7.38212 2.7213 1.97591 1.19747 1.84221 1.26455 1.16057 0.74107 0.62317 1.2369 0.571059 0.493672 0.4902 0.404933 0.403656 0.339741 0.267264 0.257687 0.240918 0.209071 0.127209 0.120399 0.112812 0.0805956 0.0630956 0.00720093
threshold=0.26785714924335485 4.8333332538604745 0.89848890900611889 0.240384615957737 0.45495130121707922 0.54457995295524608 0.21980676054954532 6.4953796863555917 1.0000000180025095e-35 0.47222222387790685 0.31725417077541357 1.0000000180025095e-35 3.8333333730697636 0.44773148000240331 0.96799793839454662 7.6115152835845956 1.0000000180025095e-35 0.38585758209228521 3.838558673858643 7.8333332538604745 1.0000000180025095e-35 0.51183474063873302 0.81029364466667186 0.5505671799182893 0.63248255848884594 4.4345078468322763 9.6504540443420428
decision_type=2 2 2 2 2 2 2 2 2 2 2 2 2 2 2 2 2 2 2 2 2 2 2 2 2 2 2
left_child=1 4 7 11 5 12 20 9 21 -3 15 -2 22 -9 24 -11 -4 -5 -14 -19 25 -6 -1 -8 -15 -7 -17
right_child=3 2 16 17 8 6 23 13 -10 10 -12 -13 18 14 -16 26 -18 19 -20 -21 -22 -23 -24 -25 -26 -27 -28
leaf_value=0.0033340953096563752 -0.024416147506713823 -0.046710642664175829 0.027665735274665967 0 0.010501750152265359 -0.010298149806084326 -0.0016443568738874891 0.013237002636476933 0.041410240820489358 0.040310510958552474 -0.029733706791194747 0.014166660489990697 -0.016497781720762307 -0.03023212734787923 0.0076521384359138651 -0.0050064025275764704 -0.0037051857889325171 0.046668107047352976 0.010557120375400015 0.0068259516786726704 -0.044079171562075047 -0.0067158575026589548 0.032946313088906561 0.01750606197547613 0 0.0039689341553668395 0
leaf_weight=1.1049603489227577 1.0110188825055946 14.220799413975337 1.1699554058723149 0.41376052983105083 1.1704492000862958 0.3452580533921713 0.33666917216032721 1.0321438545361155 3.3213532185181966 0.25821387395262663 1.692970414413139 0.77845654077827919 0.69721824186854042 1.3513440759852531 0.44839374092407513 0.21852924418635666 0.68305765860713918 12.303228654898701 0.72173938201740384 1.0890215020626772 1.9409914929419767 0.91738183423876751 2.4735874203033745 0.89566391706466675 0.40290099382400502 0.37834450276568532 0.17040099506266415
leaf_count=40 36 4538 26 11 32 34 11 19 232 10 587 15 23 79 13 31 31 962 21 43 180 31 74 40 23 20 14
internal_value=0.00171598 -0.0141396 -0.032053 0.0372186 0.0129688 0.000465351 -0.021857 -0.0374961 0.0294679 -0.04268 -0.0100374 -0.00677781 0.0194475 -0.00596432 -0.0178469 0.0252231 0.0171038 0.0433316 -0.00199413 0.0444751 -0.037663 0.00159227 0.0276201 0.0116415 -0.0265918 -0.00196281 -0.00300463
internal_weight=51.5478 35.9523 21.6487 15.5955 14.3036 8.89443 3.89693 19.7957 5.40918 16.5609 2.34011 1.78948 4.99751 3.23478 2.20264 0.647144 1.85301 13.806 1.41896 13.3923 2.66459 2.08783 3.57855 1.23233 1.75425 0.723603 0.38893
internal_count=7176 6109 5371 1067 738 443 285 5314 295 5180 642 51 158 134 115 55 57 1016 44 1005 234 63 114 51 102 54 45
is_linear=0
shrinkage=0.05


Tree=91
num_leaves=25
num_cat=0
split_feature=8 20 3 58 5 8 34 38 29 40 8 45 5 48 38 6 38 38 36 45 36 29 36 29
split_gain=11.3757 6.09665 4.41131 2.77629 2.46891 2.22437 1.2291 1.21057 1.10808 0.970106 0.724413 0.67041 0.568141 0.398231 0.376995 0.315231 0.298001 0.169026 0.311992 0.101478 0.0644484 0.0339629 0.0246658 0.0243289
threshold=0.240384615957737 1.0000000180025095e-35 1.0000000180025095e-35 1.0000000180025095e-35 0.44504831731319433 0.80909091234207164 0.41428571939468389 0.17445652186870578 13.416666507720949 2.8194408416748051 0.59166666865348827 20.332776069641117 0.8198949694633485 2.5000000000000004 0.070197045803070082 7.0446858406066903 0.65978723764419567 0.11696306616067888 0.31180556118488317 10.82026529312134 0.92940199375152599 10.833333492279055 0.91010102629661571 16.416666984558109
decision_type=2 2 2 2 2 2 2 2 2 2 2 2 2 2 2 2 2 2 2 2 2 2 2 2
left_child=2 3 6 7 11 12 16 14 13 -8 -9 -4 15 21 20 -5 19 -16 -19 -1 -2 -3 -11 -10
right_child=1 8 4 5 -6 -7 9 10 23 22 -12 -13 -14 -15 17 -17 -18 18 -20 -21 -22 -23 -24 -25
leaf_value=-0.026464918617405749 -0.0039450346568779531 0.04554523176341458 -0.046098293713179923 -0.043106141481873077 0.018630808364636223 0.024085746292101654 -0.013945453516760978 -0.026660837327529104 -0.011673025411981871 0.046702780949267574 0.016271072515854315 0.0026431689878589843 0.0065823255512369606 0 0.045343451444753845 0 0.007738642263726875 0.022418703218258403 -0.0081338403404940911 0 0.0094804299709843436 0 0.012416771413349839 0
leaf_weight=1.2615213268436516 0.75257718609645941 14.870641989400605 13.969574321061369 4.9668209813535213 1.0716858180239786 1.0894308816641567 0.4846135487314317 1.310938628157601 0.30214913631789464 1.3160452661104503 0.69510302809067059 0.42814555019140321 0.24144695326685894 0.28127899859100658 2.1477939567994331 0.43382126465439785 0.26965283835306753 0.59680402185767867 0.66065003559924662 0.22629032935947169 0.51959870266728103 0.25313066225498992 1.6187871471047399 0.28070940147154033
leaf_count=191 27 1226 4166 840 55 42 45 231 17 34 24 5 4 7 71 7 6 11 50 5 23 17 39 33
internal_value=0.0017427 0.0215238 -0.02589 -0.00310572 -0.0387203 -0.0243488 0.0117011 0.0180237 0.0414504 0.027148 -0.00965736 -0.0442466 -0.0366721 0.044056 0.0303862 -0.0401133 -0.015486 0.0374605 0.00765943 -0.0231238 0.00109695 0.045128 0.0370238 -0.00858308
internal_weight=50.0492 29.4029 20.6463 13.415 15.4694 6.73152 5.17691 6.68347 15.9879 3.41945 2.00604 14.3977 5.64209 15.4051 4.67742 5.40064 1.75746 3.40525 1.25745 1.48781 1.27218 15.1238 2.93483 0.582859
internal_count=7176 2630 4546 1330 4226 893 320 437 1300 118 255 4171 851 1250 182 847 202 132 61 196 50 1243 73 50
is_linear=0
shrinkage=0.05


Tree=92
num_leaves=27
num_cat=0
split_feature=9 8 5 42 6 20 5 39 39 38 8 3 36 2 29 45 5 57 5 9 36 2 2 5 45 2
split_gain=10.7235 5.49221 1.9565 1.72199 1.84494 1.40054 1.39785 1.35468 0.934077 0.914685 0.776454 0.718042 0.63201 0.686431 0.58602 0.544086 0.424817 0.327238 0.322457 0.295314 0.281066 0.270919 0.860849 0.164985 0.154766 0.108603
threshold=5.5000000000000009 0.240384615957737 0.11215933039784433 0.21103239059448245 6.4953796863555917 1.0000000180025095e-35 0.44504831731319433 4.7845165729522714 5.5067982673645028 0.13182721287012103 0.63392856717109691 0.58607220649719249 0.32037734985351568 0.4083333313465119 13.416666507720949 20.332776069641117 0.69309264421463024 0.061252705752849586 0.61986863613128673 4.5000000000000009 0.94028520584106456 0.21980676054954532 0.16333333402872088 0.25909391045570379 10.161285400390627 0.36038962006568914
decision_type=2 2 2 2 2 2 2 2 2 2 2 2 2 2 2 2 2 2 2 2 2 2 2 2 2 2
left_child=1 2 8 4 10 9 15 -5 20 19 18 -6 -11 23 21 -4 25 -9 -2 -3 -1 22 -7 -14 -10 -13
right_child=3 5 6 7 11 14 -8 17 24 12 -12 16 13 -15 -16 -17 -18 -19 -20 -21 -22 -23 -24 -25 -26 -27
leaf_value=-0.025450872990752743 -0.046153437655116591 0.032843224739023749 -0.04165338589787429 0.042543342294129961 0.029545841228318121 0.032735127225611893 0.017625134294889631 -0.024964511035803036 0.0012776728633077073 0.020827014592213765 0.0029627072798187049 -0.02682045305157851 0 0.010203343723878671 -0.0027612829407135235 0.0026040419010499357 0.012017901682157599 0.0079525636555080707 0 0 0.0043631182961520109 0.047263954683552684 -0.011889302164369172 -0.032231139631286022 0.032175310645474055 0
leaf_weight=0.73952167457901097 11.486484287539495 2.6585530522279472 4.5350521560758352 0.64630764001049046 0.58163040690123979 1.472954157274214 0.67842629249207664 1.1797435737680642 0.97768122167326543 0.68767559179104898 0.57533725607208985 1.1626266471575943 0.30945642269216556 0.96619154885411251 0.39072647131979543 0.42788186110556115 0.40534670464694489 0.28800918767228711 0.36456988495774645 0.62003434589132655 0.57345083262771368 11.593508415855466 1.0044595752842722 1.7643354518804697 1.9963338999077676 0.40831287577748288
leaf_count=37 4018 92 901 37 11 38 20 321 36 10 34 95 12 23 6 5 9 8 39 29 15 1140 41 129 62 8
internal_value=0.00180174 0.0190825 -0.0105895 -0.0289542 -0.0347147 0.0328881 -0.028195 0.00830625 0.0125833 0.0112944 -0.0421596 0.00173177 -0.00459698 -0.0153174 0.0416191 -0.0372024 -0.0119508 -0.0158741 -0.0447993 0.0273826 -0.0140111 0.0432847 0.0149884 -0.0282856 0.0261536 -0.0223492
internal_weight=48.4946 31.3962 9.92835 17.0984 14.9843 21.4679 5.64136 2.11406 4.28699 7.00625 12.4264 2.55792 3.72766 3.03998 14.4616 4.96293 1.97629 1.46775 11.8511 3.27859 1.31297 14.0709 2.47741 2.07379 2.97402 1.57094
internal_count=7176 2596 1076 4580 4214 1520 926 366 150 295 4091 123 174 164 1225 906 112 329 4057 121 52 1219 79 141 98 103
is_linear=0
shrinkage=0.05


Tree=93
num_leaves=27
num_cat=0
split_feature=49 29 35 9 6 5 3 2 2 57 48 34 3 29 45 35 26 35 37 38 57 45 9 35 35 45
split_gain=10.4467 6.20758 2.51193 2.02291 1.06841 1.0667 1.65252 1.13592 0.797511 0.746665 0.693322 0.669127 1.12776 0.449509 0.376815 0.343958 0.296325 0.27291 0.196839 0.189027 0.143824 0.124689 0.116807 0.0962334 0.0779064 0.00633256
threshold=0.26785714924335485 4.8333332538604745 0.89848890900611889 7.5000000000000009 6.4953796863555917 0.45495130121707922 0.54457995295524608 0.21980676054954532 0.10435571894049646 0.032927904278039939 1.0000000180025095e-35 0.47222222387790685 0.31725417077541357 3.8333333730697636 7.6115152835845956 0.63248255848884594 1.0000000180025095e-35 0.38585758209228521 0.96609193086624157 0.13397436589002612 0.030543251894414428 11.12900495529175 2.5000000000000004 0.5505671799182893 0.81029364466667186 9.6504540443420428
decision_type=2 2 2 2 2 2 2 2 2 2 2 2 2 2 2 2 2 2 2 2 2 2 2 2 2 2
left_child=1 5 4 8 11 6 13 18 -2 19 15 -3 14 22 -13 -6 -4 -10 -8 -7 -12 -15 24 -9 -1 -16
right_child=3 2 16 -5 10 9 7 23 17 -11 20 12 -14 21 25 -17 -18 -19 -20 -21 -22 -23 -24 -25 -26 -27
leaf_value=0.0027946391751333399 0 -0.046249564848183829 0.026745102602469758 -0.019856990381882392 -0.029181579355630472 0.012580653747425201 -0.041611891332521751 -0.0013516350187497278 0 0.040308223768084128 0.025216649751267729 0.039454328846085136 -0.028249660869384581 -0.011989268989751918 -0.0046487126519927282 0.0039833999976190545 -0.0030594356891805782 0.04613821092309691 0 -0.0092479665068881927 0 0.0066995174561786932 0.00070280366968866097 0.016260260322655391 0.035277358759711656 0
leaf_weight=0.77912710118107398 1.1336651220917673 12.582743455190217 1.1299296598881481 0.78880729898810464 1.5100843836553388 0.87821431644260783 2.0531447788234809 0.31664380012080051 0.39723392762243648 3.0732872476801276 0.44758883817121364 0.25284416554495637 1.5124104449059812 0.75689613679423906 0.20903343823738396 0.47865149471908797 0.63412203500047226 11.771830642595885 0.42563788569532324 1.0496554879937319 0.6613386298995465 0.59365383489057422 0.80973001127131272 0.83859763178043067 1.8220382491126654 0.1623359746299684
leaf_count=28 24 4538 26 42 69 24 208 11 11 234 18 10 587 31 31 18 31 990 26 37 29 13 26 40 60 14
internal_value=0.00187907 -0.0134281 -0.0308291 0.0365491 -0.0364809 0.0120334 0 -0.0218022 0.0413979 0.0281381 -0.00560415 -0.0418909 -0.00806673 0.0182959 0.0250413 -0.0208644 0.0169916 0.0448633 -0.0371246 0 0.0163089 -0.00229188 0.0262527 0.0107257 0.0304141 -0.0027401
internal_weight=47.0692 32.9777 19.5811 14.0915 17.817 13.3966 8.39547 3.63402 13.3027 5.00116 3.09766 14.7194 2.13662 4.76145 0.624214 1.98874 1.76405 12.1691 2.47878 1.92787 1.10893 1.35055 3.4109 1.15524 2.60117 0.371369
internal_count=7176 6109 5371 1067 5314 738 443 285 1025 295 134 5180 642 158 55 87 57 1001 234 61 47 44 114 51 88 45
is_linear=0
shrinkage=0.05


Tree=94
num_leaves=32
num_cat=0
split_feature=49 29 5 9 5 5 3 2 46 57 8 57 38 6 57 29 40 40 36 36 8 57 31 3 9 38 38 38 2 2 5
split_gain=9.74984 5.8664 2.17079 1.94907 1.34643 1.00581 1.56513 1.08743 0.950125 0.815227 0.80509 0.720251 0.68751 0.577922 0.452943 0.430065 0.229029 0.227305 0.21933 0.189903 0.17694 0.128349 0.12407 0.120823 0.110522 0.0933365 0.0894443 0.085864 0.0598839 0.0357406 0.00254075
threshold=0.26785714924335485 4.8333332538604745 0.073350071907043471 7.5000000000000009 0.70381036400794994 0.45495130121707922 0.54457995295524608 0.21980676054954532 0.64583334326744091 0.013793759513646366 0.240384615957737 0.032927904278039939 0.81322672963142406 6.4953796863555917 0.062834918498992934 3.8333333730697636 7.0598793029785165 3.838558673858643 0.44543650746345526 0.96609193086624157 0.240384615957737 0.015038444194942715 1.0000000180025095e-35 0.99612402915954601 2.5000000000000004 0.30094340443611151 0.47673159837722784 0.13840996474027636 0.38675214350223547 0.43650794029235845 0.17451088875532153
decision_type=2 2 2 2 2 2 2 2 2 2 2 2 2 2 2 2 2 2 2 2 2 2 2 2 2 2 2 2 2 2 2
left_child=1 5 8 10 9 6 15 19 16 13 -2 18 14 -4 23 24 22 -17 -7 30 -14 -12 -3 29 -1 -9 -10 -20 -25 -11 -8
right_child=3 2 4 -5 -6 11 7 25 26 12 21 -13 20 -15 -16 17 -18 -19 27 -21 -22 -23 -24 28 -26 -27 -28 -29 -30 -31 -32
leaf_value=0.029860724264991576 0 5.3656389539972411e-05 -0.016060219538663514 -0.019584267026641605 0.012224231209078555 0.013719332807153685 0 -0.0010570896296650202 0.043645238246965416 -0.047011869841896411 0.0054306428500958057 0.039828139967190701 -0.011748117141136473 0.029803566297936304 0.0026003911103683478 -0.015841716695677865 0.0079926023004608243 0.0097668316195018631 0.00048083164196355212 0 0.013230148546933232 0.046312009126705744 -0.023472113561605341 -0.010506069417003737 0.00068710226852320647 0.016147756017086342 0.0015848817524485961 -0.015895036739725314 0.0035214496058566082 0 -0.042160732911857908
leaf_weight=2.5579333840869354 1.22691077366471 0.21131901256740393 0.61784408614039499 0.77410184126347381 0.75234516081400293 0.83481595991179247 0.15678686439059752 0.35901039768941678 0.35049508907832194 13.378073344938448 0.77374584600329299 2.9695090791210532 0.42467529629357237 0.16569953365251422 0.19243466947227794 0.67235710658133008 0.20713573694229115 0.67510095098987222 0.43195079034194328 0.42563788569532324 0.40380563586950302 10.837582390289752 1.0715444539673624 0.38886193279177028 0.80967495380900789 0.78943538386374712 0.52078925515525043 0.65169230685569346 0.19269014708697796 0.062485205009580436 1.8380234690848736
leaf_count=88 25 22 229 42 27 14 24 15 12 4612 16 234 86 2 7 23 1 21 18 26 8 984 192 132 26 36 34 29 3 4 184
internal_value=0.00190551 -0.0130377 -0.030305 0.0359792 -0.0365056 0.0118248 0 -0.0213353 0.00965184 -0.0397081 0.040864 0.0276335 -0.0421934 0.00210764 -0.0446116 0.0179094 -0.0116106 -0.00218644 0 -0.0365267 0 0.0446309 -0.0190807 -0.0457223 0.0257546 0.0104535 0.0354585 -0.00986982 -0.00340898 -0.0468441 -0.0410164
internal_weight=45.7245 32.1121 18.9402 13.6123 16.5789 13.1719 8.28396 3.56889 2.36128 15.8266 12.8382 4.88797 15.043 0.783544 14.2145 4.71507 1.49 1.34746 1.91846 2.42045 0.828481 11.6113 1.28286 14.0221 3.36761 1.14845 0.871284 1.08364 0.581552 13.4406 1.99481
internal_count=7176 6109 5371 1067 5110 738 443 285 261 5083 1025 295 4852 231 4758 158 215 44 61 234 94 1000 214 4751 114 51 46 47 135 4616 208
is_linear=0
shrinkage=0.05


Tree=95
num_leaves=27
num_cat=0
split_feature=49 35 6 4 8 39 45 2 35 35 34 42 42 19 5 36 5 48 35 4 4 35 45 8 45 38
split_gain=9.0941 4.87761 2.99094 2.2911 1.5926 0.894792 1.04124 0.868158 1.42055 0.811415 0.656359 0.632979 0.560713 0.553123 0.38091 0.364208 0.341172 0.324218 0.314716 0.2958 0.267995 0.24116 0.101719 0.0639331 0.0455244 0.000346758
threshold=0.26785714924335485 0.89848890900611889 6.7326085567474374 0.31725417077541357 0.240384615957737 4.5713708400726327 10.82026529312134 0.26969698071479803 0.43191786110401159 0.41741962730884558 0.32051283121109014 0.21103239059448245 0.22086720913648608 1.0000000180025095e-35 0.70381036400794994 0.39504285156726843 0.41982233524322515 1.5000000000000002 0.40618114173412329 0.5597619116306306 0.30417390167713171 0.38585758209228521 24.511973381042484 0.48333333432674414 17.72591590881348 0.13182721287012103
decision_type=2 2 2 2 2 2 2 2 2 2 2 2 2 2 2 2 2 2 2 2 2 2 2 2 2 2
left_child=1 2 3 5 11 12 20 8 9 -5 19 -2 18 -3 15 -4 23 22 -1 -9 -7 -6 -15 -17 -10 -18
right_child=4 13 14 7 21 6 -8 10 24 -11 -12 -13 -14 17 -16 16 25 -19 -20 -21 -22 -23 -24 -25 -26 -27
leaf_value=0.017223835394160676 -0.024006883542484498 -0.0094657952238655172 0.017708000431533793 -0.01970157763379024 0 -0.033539493756319878 0.016321043981347007 0.005570846785060906 -0.048301534015453687 0.029959361781674167 0.018827944103140759 0.017485829029971488 0.047637099210484951 0.035828792908752398 0.027613274811336571 0 0 0 -0.01597743756223774 -0.027178331070669665 0.0023688080084370445 0.042894617249685463 0 0.013218317358701685 0 -0.021257488029117273
leaf_weight=0.27333361492493213 0.99826049664989003 0.3411464006640007 1.0618881462141865 0.79138493980281299 0.39072726108133693 1.9589316619094468 1.125685929553583 0.24008880392648224 12.337348257773552 0.49524613912217319 0.68986526643857349 0.65304586105048656 0.32726354198530316 4.3107760192360729 1.088359565939754 0.62335674138739727 0.49050020426511753 0.65730826463550318 0.60233515780419111 1.5084542541299013 0.17893800535239268 11.114397827535866 0.33364903042092908 0.53909175936132669 0.069887993158773365 1.2321801022626457
leaf_count=6 39 22 21 176 11 221 18 9 4792 31 16 12 5 264 56 37 11 24 124 174 12 1005 17 17 7 49
internal_value=0.0019742 -0.0126097 -0.0219533 -0.0301805 0.0354397 0.000512666 -0.0121389 -0.0385042 -0.0432299 0.0019695 -0.00565685 -0.00530574 0.0270355 0.0259982 0.0102983 0 -0.00824274 0.0302136 0 -0.0204717 -0.0291435 0.0416443 0.0340994 0.00710242 -0.0480873 -0.0192394
internal_weight=44.4335 31.277 25.6341 20.5988 13.1564 4.46649 3.26356 16.1323 13.6939 1.28663 2.43841 1.65131 1.20293 5.64288 5.03538 3.94702 2.88513 5.30173 0.875669 1.74854 2.13787 11.5051 4.64443 1.16245 12.4072 1.72268
internal_count=7176 6109 5782 5591 1067 386 251 5205 5006 207 199 51 135 327 191 135 114 305 130 183 233 1016 281 54 4799 60
is_linear=0
shrinkage=0.05


Tree=96
num_leaves=27
num_cat=0
split_feature=8 20 3 35 42 29 57 36 6 12 8 34 45 3 48 38 36 34 46 3 35 38 45 42 3 3
split_gain=8.58649 4.77794 3.74303 2.64539 1.17276 0.933554 0.901454 0.889479 0.835631 0.779096 0.622941 0.490936 0.426014 0.424407 0.359026 0.358726 0.324745 0.29487 0.266838 0.14232 0.0624144 0.0418601 0.0340887 0.0286131 0.0274998 0.00182797
threshold=0.240384615957737 1.0000000180025095e-35 1.0000000180025095e-35 0.51883593201637279 0.048809524625539787 10.833333492279055 0.045468308031558997 0.42163743078708654 6.4953796863555917 1.0000000180025095e-35 0.61250001192092907 0.38750000298023229 17.312698364257816 0.94269293546676647 2.5000000000000004 0.070197045803070082 0.77032968401908886 0.63068181276321422 0.64583334326744091 0.9119262993335725 0.82501205801963817 0.12060606107115747 5.3276922702789316 0.35092592239379888 0.26764950156211859 0.94466316699981701
decision_type=2 2 2 2 2 2 2 2 2 2 2 2 2 2 2 2 2 2 2 2 2 2 2 2 2 2
left_child=2 3 4 8 17 14 -4 -8 9 16 18 23 22 15 -3 -10 24 -1 -5 -12 -7 -15 -9 -6 -2 -26
right_child=1 5 6 10 11 20 7 12 13 -11 19 -13 -14 21 -16 -17 -18 -19 -20 -21 -22 -23 -24 -25 25 -27
leaf_value=-0.025524840773514731 0 0.04398555035040265 -0.045122684187332077 -0.039441699937716068 -0.0068901255543794828 -0.010843793639396722 0.020952681217007101 0 0.0021073519897336925 -0.025971973006965944 -0.0082891921089802336 0.034607897780109254 0.0048115766626366319 0.0057171731045474444 0 0.041661299676590435 0.027612708823045468 0.0068989164166546411 0.0006932043562790694 0.012849148248949064 0.0030691771081466186 -0.0056195515366055382 -0.030627864860996685 0.0019429858765328764 -0.009168027162993168 0
leaf_weight=1.1767384246923054 0.085603587329387665 12.494276252342384 9.2971827135188487 3.4562641426455234 0.44817183236591551 0.50945361936464983 0.69408928439952378 0.091730470070616188 1.1589695960283282 1.2465659270528704 0.57488443469628669 2.4966033408418298 0.56439979723654676 0.65310706198215462 0.26133890729397613 2.4062612785492092 0.71310254605486989 0.22332527115941037 0.15402215579524625 0.50436569913290441 0.23184300307184458 0.60284228157252073 2.2863008001586422 0.42588999774307013 0.3404126011300832 0.098736642394214869
leaf_count=207 1 1226 3816 723 33 57 21 20 29 300 30 69 14 30 7 71 15 2 13 15 10 13 355 9 77 13
internal_value=0.00203999 0.0204106 -0.0238211 -0.00235276 0.0115551 0.0397529 -0.0371215 -0.0102672 0.0154249 -0.00539253 -0.0287699 0.0260378 -0.0223466 0.0260949 0.0428103 0.0331766 0.0154424 -0.0175501 -0.036866 0.000613345 -0.00435736 0 -0.0297887 -0.00117798 -0.00507984 -0.00866664
internal_weight=43.1965 25.492 17.7044 11.9951 4.77073 13.4969 12.9337 3.63652 7.3056 2.48442 4.68954 3.37067 2.94243 4.82118 12.7556 3.56523 1.23786 1.40006 3.61029 1.07925 0.741297 1.25595 2.37803 0.874062 0.524753 0.439149
internal_count=7176 2630 4546 1330 320 1300 4226 410 549 406 781 111 389 143 1233 100 106 209 736 45 67 43 375 42 91 90
is_linear=0
shrinkage=0.05


Tree=97
num_leaves=30
num_cat=0
split_feature=49 29 35 9 5 3 5 3 5 57 8 57 57 35 57 29 57 35 39 34 40 36 8 3 35 38 45 57 57
split_gain=8.18487 4.97998 2.15444 1.78166 0.908728 1.41276 0.869857 0.752226 0.750087 0.905675 0.693416 0.647809 0.639398 0.437939 0.406666 0.38661 0.295458 0.273318 0.218717 0.204647 0.2043 0.192215 0.138792 0.135871 0.103623 0.0784273 0.0657714 0.0244109 0.00776476
threshold=0.26785714924335485 4.8333332538604745 0.89848890900611889 7.5000000000000009 0.45495130121707922 0.54457995295524608 0.70381036400794994 0.89504283666610729 0.073350071907043471 0.013793759513646366 0.240384615957737 0.030196859501302246 0.032927904278039939 0.42550456523895269 0.062598176300525679 3.8333333730697636 0.026246013119816784 0.38585758209228521 6.8764495849609384 0.5634920895099641 3.838558673858643 0.44543650746345526 0.39230769872665411 0.99612402915954601 0.81029364466667186 0.13840996474027636 10.889348030090334 0.03240706957876683 0.047634864225983627
decision_type=2 2 2 2 2 2 2 2 2 2 2 2 2 2 2 2 2 2 2 2 2 2 2 2 2 2 2 2 2
left_child=1 4 6 10 5 15 8 18 11 13 -2 16 21 -10 23 24 -3 -12 -7 -4 -17 -6 28 -11 27 -23 -13 -1 -9
right_child=3 2 19 -5 12 7 -8 22 9 14 17 26 -14 -15 -16 20 -18 -19 -20 -21 -22 25 -24 -25 -26 -27 -28 -29 -30
leaf_value=0.0069199019918026227 0 -0.004100385658148532 0.023770179372724007 -0.018887348105007629 0.012969129865661122 -0.039342932868923854 0.0081984794668865917 -0.0081720457507079899 0.026070699691273472 -0.046295597523325613 0 -0.02255002204885849 0.038623434518183508 -0.013758530942271686 0.001502754249094548 -0.015217517794415925 0.034005834210202861 0.044987895751515607 0 -0.0013853546211738065 0.0092210879931382359 0.00043190729195482331 0.012964634312767651 -0.0021934713701239942 0.02976199105880677 -0.015164251312044619 0 -0.00040985803241569505 0
leaf_weight=0.49045378318987987 1.1808835212141247 0.19756225007586259 1.0844288351945568 0.73719750531017858 0.80926556838676322 1.7909236048581085 0.59141404344700355 0.30313093087170251 0.21828929171897371 11.856035494478414 0.38681809417903323 0.95645126292947658 2.7177573381923139 0.51573643356095999 0.20570711116306561 0.64961879164911784 0.30542221141513437 10.044940254185347 0.22588656749576319 0.59427506825886656 0.64100052043795586 0.41402504593133904 0.90299815312027931 0.52436516608577299 2.1644410926382989 0.61782792792655528 0.14304424216970801 0.56706706341356039 0.14849600661545992
leaf_count=27 25 64 31 42 14 167 22 57 15 4659 11 151 234 216 12 23 34 989 19 26 21 18 33 135 74 29 6 13 9
internal_value=0.00200173 -0.0121624 -0.0290055 0.0347305 0.0111649 0 -0.0348206 -0.0210289 -0.0372474 -0.0409076 0.0397584 -0.000873643 0.0266483 0.00340672 -0.0439206 0.0170302 0.022942 0.0435391 -0.0353655 0.0158056 -0.00217028 0 0.00414698 -0.0451049 0.0245979 -0.00931289 -0.0198882 0.00227046 -0.00682482
internal_weight=41.9855 29.6356 17.1927 12.3498 12.4429 7.88402 15.514 3.37144 14.9226 13.3201 11.6126 1.60248 4.55888 0.734026 12.5861 4.51258 0.502984 10.4318 2.01681 1.6787 1.29062 1.84112 1.35463 12.3804 3.22196 1.03185 1.0995 1.05752 0.451627
internal_count=7176 6109 5371 1067 738 443 5314 285 5292 5037 1025 255 295 231 4806 158 98 1000 186 57 44 61 99 4794 114 47 157 40 66
is_linear=0
shrinkage=0.05


Tree=98
num_leaves=27
num_cat=0
split_feature=9 2 3 5 42 35 39 57 58 2 5 45 35 25 35 2 45 57 38 56 50 2 37 5 5 3
split_gain=7.6905 3.84039 2.0779 2.23559 1.67228 1.74787 1.14941 0.995509 1.25875 0.830406 0.779237 0.737239 0.624516 0.55767 0.390558 0.966028 0.7845 0.245477 0.211634 0.207043 0.154341 0.0765929 0.0364287 0.0325269 0.0227283 0.0151097
threshold=5.5000000000000009 0.21980676054954532 0.384968250989914 0.45495130121707922 0.21103239059448245 0.43191786110401159 4.7845165729522714 0.044130235910415656 1.0000000180025095e-35 0.5419580638408662 0.69309264421463024 17.212014198303226 0.3985219299793244 1.0000000180025095e-35 0.89108416438102733 0.059714796021580703 10.82026529312134 0.061252705752849586 0.13182721287012103 1.5000000000000002 1.0000000180025095e-35 0.44722221791744238 0.90661337971687328 0.61986863613128673 0.43792808055877691 0.53371214866638195
decision_type=2 2 2 2 2 2 2 2 2 2 2 2 2 2 2 2 2 2 2 2 2 2 2 2 2 2
left_child=1 2 14 11 5 12 -6 8 -3 18 20 13 22 24 15 16 -1 -8 -10 -14 21 -7 -2 25 -4 -21
right_child=4 7 3 -5 6 10 17 -9 9 -11 -12 -13 19 -15 -16 -17 -18 -19 -20 23 -22 -23 -24 -25 -26 -27
leaf_value=-0.029841652746117737 -0.020060578124330389 0.032684040845816796 -0.043770731410848293 0.026418987864350568 0.041597971339685028 -0.045227960524912604 -0.022303948357240481 0.045095144598078292 0 0.019955192302033718 0.0062218073224849166 0.0062857186346310422 0.029413019501819404 0.00026285237941894396 0.032020848542313456 0.030125398496969564 0.013370711385911683 0.0066329574199612013 -0.029869286894036468 0 0 0 0 0.0051441260804728434 0 -0.0082110371784409174
leaf_weight=1.4287954827304954 0.70662747370079104 2.9624931714497498 4.4263441304210573 1.1892039468511937 0.61922913999296625 9.4318791027180779 0.97391805693041511 8.5350672332569939 0.75947709847241718 0.79506236873567093 0.39127474604174572 0.58168478962033976 0.75925406999886014 0.58094368875026692 2.0073818815872073 1.1408257621806113 0.88599798409268249 0.25359805254265666 1.3686084977816788 0.17250051023438573 0.057200700044632735 0.05652595870196897 0.13104267744347453 0.19379898486658931 0.1451284538488834 0.29783106315881014
leaf_count=106 115 87 944 50 37 3947 321 1127 26 40 18 14 33 11 76 18 13 8 74 21 1 2 18 3 10 56
internal_value=0.00203741 0.0176803 -0.00248669 -0.0197919 -0.0266783 -0.0331879 0.0111164 0.0343643 0.0137877 -0.00753807 -0.0415347 -0.0326182 0.00344933 -0.0381307 0.0183398 0.00386727 -0.0127496 -0.0137872 -0.0225038 0.020358 -0.0443707 -0.0449031 -0.0180048 0 -0.0430787 -0.00581552
internal_weight=40.8517 26.807 12.3863 6.92331 14.0447 12.1979 1.84675 14.4207 5.88564 2.92315 9.93688 5.7341 2.26105 5.15242 5.463 3.45562 2.31479 1.22752 2.12809 1.42338 9.54561 9.48841 0.83767 0.664131 4.57147 0.470332
internal_count=7176 2596 1242 1029 4580 4214 366 1354 227 140 3968 979 246 965 213 137 119 329 100 113 3950 3949 133 80 954 77
is_linear=0
shrinkage=0.05


Tree=99
num_leaves=29
num_cat=0
split_feature=49 29 5 9 6 34 39 40 34 8 58 3 5 38 40 57 57 6 38 39 57 37 6 38 34 45 39 3
split_gain=7.29111 4.44624 1.95204 1.6346 1.16063 0.839005 0.83188 1.65949 0.661501 0.65139 0.5789 0.482206 0.76401 0.475269 0.410638 0.396009 0.368819 0.318302 0.223987 0.194702 0.163332 0.151802 0.139018 0.103096 0.101192 0.095932 0.0763384 0.0158712
threshold=0.26785714924335485 4.8333332538604745 0.073350071907043471 7.5000000000000009 6.4953796863555917 0.47222222387790685 5.677502155303956 1.5341956019401553 0.41428571939468389 0.240384615957737 1.0000000180025095e-35 0.58195385336875927 0.70381036400794994 0.81322672963142406 3.407672762870789 0.062834918498992934 0.064080443233251586 6.8764495849609384 0.31909090280532842 7.0446858406066903 0.015038444194942715 0.87596154212951671 6.6069514751434335 0.4695423692464829 1.0000000180025095e-35 24.147683143615726 1.4838296175003054 0.30417390167713171
decision_type=2 2 2 2 2 2 2 2 2 2 2 2 2 2 2 2 2 2 2 2 2 2 2 2 2 2 2 2
left_child=1 6 5 9 13 19 7 10 22 -2 21 -6 18 15 -10 -4 -9 -12 -13 24 -11 -1 -8 -7 -3 -16 -15 -28
right_child=3 2 4 -5 11 23 8 16 14 20 17 12 -14 26 25 -17 -18 -19 -20 -21 -22 -23 -24 -25 -26 -27 27 -29
leaf_value=0.031263537372272741 0 0 -0.045305753188884405 -0.018087097227049966 0.022242501057089779 0.042742674212759811 -0.014713993708184478 -0.040197878552799847 -0.0041550695110499731 0.0037539037801316965 -0.019551798901542166 -0.031791367415200153 0.017645057305904599 0.0088498548255602997 0.035189487716716657 0.0018838031287474284 0 0.0095927781489587426 0 0.0071932724187117845 0.044833663133459191 0 0.0063950157289863613 0.0007406696246675679 -0.021908562421644861 0 0 -0.0099541091457574452
leaf_weight=1.9587179130176102 1.1595964422449441 0.19449260411784342 10.228883221279824 0.69690375914797265 0.31908941967412774 0.33591439598239947 0.72232101031113405 1.4462091127643359 0.33773514500353474 0.72300622798502345 0.83008338161744155 1.548226513899863 0.53855225676670659 0.21854927670210678 4.1600437075830996 0.17173417122103352 0.43900546664372075 0.79984709108248353 0.431459723971784 0.19818817079067219 8.9972816095687431 0.71785268816165615 0.25533098774030805 0.49358681892044842 0.95989260077476501 0.32617858564481128 0.1206567669287324 0.36335811391472816
leaf_count=82 25 22 4870 42 9 9 69 111 42 16 53 95 16 2 257 6 19 24 23 1 984 38 24 36 193 19 4 85
internal_value=0.00214709 -0.0115203 -0.0280516 0.0340145 -0.0347143 0.0104754 0.0107665 -0.00151809 0.0229079 0.0390143 0.0146222 -0.00286864 -0.0128893 -0.0415296 0.0297263 -0.0439911 -0.0324103 -0.00513926 -0.026008 -0.0105728 0.0428797 0.0261409 -0.00622676 0.0345487 -0.0178669 0.0334808 0 -0.00801819
internal_weight=39.6927 28.1159 16.1226 11.5768 13.9405 2.18207 11.9933 6.19172 5.80161 10.8799 4.3065 2.83733 2.51824 11.1032 4.82396 10.4006 1.88521 1.62993 1.97969 1.35257 9.72029 2.67657 0.977652 0.829501 1.15439 4.48622 0.702564 0.484015
internal_count=7176 6109 5371 1067 5110 261 738 327 411 1025 197 143 134 4967 318 4876 130 77 118 216 1000 120 93 45 215 276 91 89
is_linear=0
shrinkage=0.05


Tree=100
num_leaves=28
num_cat=0
split_feature=6 42 35 57 38 39 39 2 37 2 29 2 57 6 34 47 31 49 37 37 9 4 45 45 35 38 35
split_gain=6.81197 4.04151 2.07946 1.75412 1.29621 1.09546 2.34078 0.987514 0.659949 0.632377 0.52235 0.422908 0.329959 0.325361 0.365591 0.293899 0.256 0.213126 0.202365 0.140226 0.109592 0.10503 0.103682 0.102302 0.0687979 0.0346047 0.00217106
threshold=6.7326085567474374 0.21103239059448245 0.43191786110401159 0.046804908663034446 0.09175084158778192 4.7845165729522714 6.2203564643859872 0.19523809850215915 0.96824595332145702 0.19523809850215915 11.833333492279055 0.4083333313465119 0.046804908663034446 4.9498584270477304 0.63068181276321422 0.86607143282890331 4.5000000000000009 0.26785714924335485 0.9529346525669099 0.77032968401908886 6.5000000000000009 0.3298212736845017 6.5542273521423349 26.148490905761722 0.87649399042129528 0.41240409016609197 0.86704820394516002
decision_type=2 2 2 2 2 2 2 2 2 2 2 2 2 2 2 2 2 2 2 2 2 2 2 2 2 2 2
left_child=1 2 4 11 18 -3 8 12 9 15 -9 16 -2 14 22 -7 17 -4 -1 25 -19 -10 -5 24 26 -6 -8
right_child=7 5 3 13 19 6 23 10 21 -11 -12 -13 -14 -15 -16 -17 -18 20 -20 -21 -22 -23 -24 -25 -26 -27 -28
leaf_value=-0.023609912332871651 -0.01947636464297994 0.046473019248707031 -0.04545037195187647 0 -0.0034791878761624255 -0.043807689313665174 0.0024791348102577923 0.037330422579622075 0.015863456487856389 0.0086742598007264263 -0.006438703083446063 0 0.012343248903201929 0.020321961141412229 0.011723181859986019 0 0 2.1970815862023649e-05 0.0036411637121500206 0.042431075467194532 -0.017452206553909468 -0.0024028370796511677 -0.023590997023006495 0 0.034587494405636438 0.0076841959754926168 0
leaf_weight=1.0723652748856758 0.74951839703135081 1.1474669196177254 10.244410022743972 0.24635888205375456 0.27491850266233064 1.9851861115312215 0.3852187853772201 11.089392831549045 0.44523892039433111 0.31957260100170959 0.23414523247629482 0.61660777311772186 0.44059247523546219 0.72020196123048652 0.57648155046626914 0.53220096207223822 0.14737432426773089 0.81579031143337377 0.25425501354038704 0.85942882183007896 0.65490248752757907 0.45564188854768872 0.96113452827557921 0.28898956580087531 2.7161891285795718 0.20377539098262787 0.207532764878124
leaf_count=170 63 58 4717 20 70 368 43 1085 12 24 3 23 18 40 15 20 7 11 15 25 34 36 83 16 183 1 16
internal_value=0.0021739 -0.0121955 -0.0254712 -0.0324926 0.0107376 0.0146688 0.00411579 0.0312324 -0.0204024 -0.0302563 0.0355706 -0.0396848 -0.00515621 0.00301847 -0.00696149 -0.0376809 -0.0416242 -0.0424617 -0.0169179 0.0358031 -0.00964985 0.00759059 -0.0194166 0.0295723 0.0315044 0 0.00139196
internal_weight=38.6449 26.1312 17.648 14.9833 2.66474 8.48324 7.33577 12.5136 3.73784 2.83696 11.3235 12.4791 1.19011 2.50418 1.78397 2.51739 11.8625 11.7151 1.32662 1.33812 1.47069 0.900881 1.20749 3.59793 3.30894 0.478694 0.592752
internal_count=7176 6007 5231 4950 281 776 718 1169 460 412 1088 4792 81 158 118 388 4769 4762 185 96 45 48 103 258 242 71 59
is_linear=0
shrinkage=0.05


Tree=101
num_leaves=26
num_cat=0
split_feature=8 35 3 21 5 5 3 42 9 45 6 3 47 3 48 20 34 38 5 5 8 36 38 5 38
split_gain=6.5053 3.88776 3.21198 2.39134 1.9713 1.70265 1.21966 0.999607 0.782921 0.544316 0.484575 0.431474 0.411102 0.37768 0.348407 0.254096 0.252437 0.139259 0.100228 0.0779068 0.0620234 0.0558795 0.0311175 0.0152669 0.0111856
threshold=0.240384615957737 0.73128581047058117 1.0000000180025095e-35 1.0000000180025095e-35 0.44504831731319433 0.70381036400794994 0.66807910799980175 0.048809524625539787 6.5000000000000009 20.332776069641117 5.9423835277557382 0.57669684290885936 0.58571431040763866 0.98360547423362743 2.5000000000000004 1.0000000180025095e-35 0.63068181276321422 1.0000000180025095e-35 0.62823921442031871 0.11215933039784433 0.73863637447357189 0.32037734985351568 0.13182721287012103 0.10756516084074975 0.059714796021580703
decision_type=2 2 2 2 2 2 2 2 2 2 2 2 2 2 2 2 2 2 2 2 2 2 2 2 2
left_child=2 3 7 8 9 6 10 16 24 19 -5 -10 -9 17 15 -3 -1 -8 -13 23 -19 -17 -15 -4 -2
right_child=1 14 4 5 -6 -7 13 12 11 -11 -12 18 -14 22 -16 21 -18 20 -20 -21 -22 -23 -24 -25 -26
leaf_value=-0.023912689933917604 7.0065050914526272e-05 0 -0.005908929228593509 -0.017086786432813739 0.017327553119082625 0.021975748664155893 0 -0.0023828754065205828 0.019238609935794879 0.0016689055872083644 0.017914051923845289 -0.019357589938985991 0.032350368687703121 0.0055983498378140237 -0.00042740231604894582 0 0.0062340592561765584 -0.046573217733502016 0.00096794834684328082 -0.045354163538694342 0 0.045203869006130708 -0.0054716871152796923 0 0.038251563854002302
leaf_weight=1.0519867183174927 0.29123786813579711 0.38595603499561271 0.24462970835156284 0.6600083394441757 0.92412138544023115 1.4071351278107611 0.12123245210386846 0.61933724558912251 0.4650469358311965 0.39118768274784166 1.341066346503794 1.0993087330134583 2.4981447472237051 0.26843984518200148 0.22629024856723923 0.23647284740582009 0.21099411696195591 3.5308490843744953 0.12312407128047187 9.2193132016109285 0.19880356267094601 8.7830284943338466 0.27053417766001076 0.19656691001728177 2.8967263504164293
leaf_count=207 11 58 92 204 55 85 6 37 32 5 41 267 74 10 8 26 2 554 4 4043 10 1130 42 31 142
internal_value=0.00221295 0.0192384 -0.0218753 0.00012613 -0.0355372 -0.0160327 -0.0269188 0.0116697 0.0251524 -0.041978 0.0028569 -0.000507898 0.0253329 -0.0394313 0.0415388 0.0429731 -0.0161376 -0.0438432 -0.0155462 -0.0442051 -0.0452229 0.0445109 0 -0.00191579 0.036807
internal_weight=37.6615 22.3053 15.3563 12.6735 10.9758 7.79807 6.39093 4.38046 4.87544 10.0517 2.00107 1.68748 3.11748 4.38986 9.63175 9.40546 1.26298 3.85089 1.22243 9.66051 3.72965 9.0195 0.538974 0.441197 3.18796
internal_count=7176 2630 4546 1408 4226 952 867 320 456 4171 245 303 111 622 1222 1214 209 570 271 4166 564 1156 52 123 153
is_linear=0
shrinkage=0.05


Tree=102
num_leaves=28
num_cat=0
split_feature=49 29 5 8 5 34 47 2 3 42 38 3 3 29 8 42 39 40 47 6 2 34 3 37 6 29 2
split_gain=6.24392 3.72149 1.86519 1.16949 1.02578 0.774961 0.772328 0.869443 0.761957 0.511645 0.449639 0.246249 0.866378 0.197426 0.190172 0.182017 0.17846 0.14903 0.137049 0.136672 0.111846 0.0895727 0.0618315 0.0593491 0.0523327 0.0331681 0.0312323
threshold=0.18333333730697635 4.8333332538604745 0.073350071907043471 0.240384615957737 0.70381036400794994 0.47222222387790685 0.81666666269302379 0.19523809850215915 0.26764950156211859 0.21103239059448245 0.81322672963142406 0.57669684290885936 0.57299312949180614 7.8333332538604745 0.42261904478073126 0.36055555939674383 7.0446858406066903 3.407672762870789 0.6904762089252473 5.5067982673645028 0.63068181276321422 1.0000000180025095e-35 0.99612402915954601 0.29708614945411688 6.8764495849609384 4.1666667461395273 0.4083333313465119
decision_type=2 2 2 2 2 2 2 2 2 2 2 2 2 2 2 2 2 2 2 2 2 2 2 2 2 2 2
left_child=1 6 5 9 10 16 7 8 -1 -2 11 12 -4 -5 -9 -10 21 -8 -7 -12 22 -3 -13 -19 26 -25 -16
right_child=3 2 4 13 -6 18 17 14 15 -11 19 20 -14 -15 24 -17 -18 23 -20 -21 -22 -23 -24 25 -26 -27 -28
leaf_value=0.0043452288800839914 -0.021692302409685907 0 -0.025076958902615951 0.041372007028547722 0.010118256904068951 0.040956318024289604 0 -0.0012510331738274489 -0.038270103059002129 0.016438279075704266 -0.0105672841350654 -0.045239358574389793 0.025465441846618364 0.0031092292206555197 0 0 0.0068909792548287416 0 0 0.011905764370478316 0 -0.020961668493775055 -0.0028990020718546918 0.03121211309654387 0.024756008269102087 0.00096580995777670081 0.0086612285362936761
leaf_weight=1.8457765839993974 0.86082565353717544 0.18424026225693457 1.7952009893488097 8.3296398725360596 0.66370343719609159 0.45411079516634334 0.26408777944743667 0.85658972710371006 1.3636115910485385 0.61124278232455254 0.38377301895525384 8.6514319344423658 0.22075803647749115 0.82596093229949552 1.0437304601073267 0.30683471728116263 0.19460570812225331 0.1663470161147419 0.35730088339187205 0.3203601879067719 0.043929139152170005 0.89739579032175243 0.48923934157937843 2.8351923925802116 1.583216127939522 0.5207200371660291 0.55100098391994823
leaf_count=39 41 22 787 975 27 14 10 32 243 12 89 4024 23 47 39 12 1 5 31 6 3 193 144 243 75 13 26
internal_value=0.00223417 -0.0108817 -0.0268622 0.0329201 -0.0338866 0.0110861 0.00987459 0 -0.0159958 -0.00359195 -0.0373213 -0.0395652 -0.011276 0.0390586 0.0142203 -0.0335547 -0.00983878 0.0255878 0.0340206 0 -0.0435667 -0.0171151 -0.0439756 0.0278452 0.0188885 0.028966 0.00384049
internal_weight=36.6208 25.9932 14.656 10.6277 12.5684 2.08765 11.3371 7.55076 3.51622 1.47207 11.9047 11.2006 2.01596 9.1556 4.03454 1.67045 1.27624 3.78635 0.811412 0.704133 9.1846 1.08164 9.14067 3.52226 3.17795 3.35591 1.59473
internal_count=7176 6101 5364 1075 5103 261 737 466 294 53 5076 4981 810 1022 172 255 216 271 45 95 4171 215 4168 261 140 256 65
is_linear=0
shrinkage=0.05


Tree=103
num_leaves=23
num_cat=0
split_feature=8 35 42 21 49 47 5 5 5 3 9 3 45 6 47 6 20 57 36 36 5 40
split_gain=5.83502 3.57302 3.02941 2.21001 1.56131 1.28049 1.16508 0.834018 0.722631 0.840982 0.717445 0.408197 0.396918 0.341214 0.267471 0.266851 0.228175 0.172431 0.136576 0.129884 0.0940986 0.049267
threshold=0.240384615957737 0.73128581047058117 0.21103239059448245 1.0000000180025095e-35 0.26785714924335485 0.81666666269302379 0.12778327614068988 0.36127844452857977 0.73557159304618847 0.66807910799980175 6.5000000000000009 0.57669684290885936 19.594481468200687 6.8764495849609384 0.58571431040763866 6.3950443267822275 1.0000000180025095e-35 0.065070353448390975 0.51887464523315441 0.26876173913478857 0.62823921442031871 5.1254198551177987
decision_type=2 2 2 2 2 2 2 2 2 2 2 2 2 2 2 2 2 2 2 2 2 2
left_child=2 3 5 10 8 12 14 17 9 13 -2 -12 -1 18 -4 -6 -3 -8 -5 -18 -13 -7
right_child=1 16 6 4 15 21 7 -9 -10 -11 11 20 -14 -15 -16 -17 19 -19 -20 -21 -22 -23
leaf_value=-0.044629179727390847 0.035781462873074238 0 0 0.00204073424261001 -0.0036437395020712318 0 -0.030979113033215579 0.017635152334867853 0.0087927317922646322 -0.043888578834326397 0.018723410677201218 -0.018956346874194865 0.0028167527019225137 0.017070924712239421 0.033829356319952895 0.026199865878519316 0 0 -0.020257862956616673 0.043131007273824906 0.00076562712390864469 0.012443888040932754
leaf_weight=8.1556979698361776 3.0845229470869544 0.37718844588380207 0.72742265625856761 0.26890147966332711 0.41064489912241686 0.50027328939177174 1.7082798030460256 0.64175136783160258 0.59305507829412807 3.6151355319889262 0.46608149260282505 1.063117748359218 0.13714507222175676 0.52949307579547156 1.9278897783951832 1.2393470746465025 0.15054432675242324 0.26328119635581959 0.81166568922344595 8.4937764592468721 0.11878312495537091 0.46714721759781241
leaf_count=3936 153 58 40 37 5 31 429 26 20 606 32 267 1 7 69 88 12 2 189 1152 4 12
internal_value=0.00228113 0.0187756 -0.0211478 0.000176707 -0.0157075 -0.0371435 0.00760951 -0.0128173 -0.0273597 -0.0330195 0.0244828 -0.000303083 -0.0430878 0 0.0270878 0.0183135 0.0409023 -0.0270113 -0.0139919 0.0423978 -0.0152402 0.00727129
internal_weight=35.7511 21.2223 14.5289 12.2007 7.46824 9.26026 5.26862 2.61331 5.81825 5.2252 4.73251 1.64798 8.29284 1.61006 2.65531 1.64999 9.02151 1.97156 1.08057 8.64432 1.1819 0.967421
internal_count=7176 2630 4546 1408 952 3980 566 457 859 839 456 303 3937 233 109 93 1222 431 226 1164 271 43
is_linear=0
shrinkage=0.05


Tree=104
num_leaves=28
num_cat=0
split_feature=6 42 35 57 39 39 35 29 36 5 9 6 57 58 47 35 6 34 31 57 5 45 45 26 35 36 35
split_gain=5.56914 3.30924 1.9182 1.55365 1.03098 2.07814 0.898984 0.785865 0.589519 0.470384 0.419065 0.570769 0.418764 0.400291 0.283687 0.281908 0.272366 0.320641 0.263288 0.242724 0.144124 0.114999 0.0952414 0.079243 0.0526284 0.0172743 0.00196959
threshold=6.7326085567474374 0.21103239059448245 0.43191786110401159 0.046804908663034446 4.7845165729522714 6.2203564643859872 0.3985219299793244 10.583333492279055 0.96824595332145702 0.52290210127830516 3.5000000000000004 5.3610379695892343 0.032663283869624145 1.0000000180025095e-35 0.86607143282890331 0.51483678817749035 4.9498584270477304 0.63068181276321422 4.5000000000000009 0.031786106526851661 0.77664399147033703 29.148195266723636 6.5542273521423349 1.0000000180025095e-35 0.87649399042129528 0.90661337971687328 0.86704820394516002
decision_type=2 2 2 2 2 2 2 2 2 2 2 2 2 2 2 2 2 2 2 2 2 2 2 2 2 2 2
left_child=1 2 6 10 -3 8 25 12 9 14 11 -4 15 -8 -6 -2 17 22 20 -17 -12 24 -5 -10 26 -1 -7
right_child=7 4 3 16 5 21 13 -9 23 -11 18 -13 -14 -15 -16 19 -18 -19 -20 -21 -22 -23 -24 -25 -26 -27 -28
leaf_value=-0.018888545667907403 0.022170117691644353 0.04479769812249338 -0.025129099126926874 0 -0.04223028730387364 0.002215484628835019 0.035815797880847544 -0.0086589706084750362 0.013706570361532664 0.0063326037949487024 -0.044918594208658999 0.012603205540739643 0.042592487902010333 -0.0044007502963871927 0 0.012121366091545696 0.018978006454472212 0.011002621268994891 0 -0.013666714070703197 0 0 -0.022514681693240807 -0.0020155733586942992 0.033180010514976294 0 0
leaf_weight=0.68490927666426005 2.8921387521550024 1.0904082141350944 1.138630216824821 0.23029477917589181 1.8635293055558588 0.35558438114821989 1.4242788511328397 0.62616689316928464 0.46665976499207318 0.25128444936126459 8.7897287366213224 0.84752388508059073 5.9945473978295922 0.2922727724071591 0.51841642800718535 0.73643743712455012 0.66443622205406416 0.55469911312684406 0.13636518549174148 0.88286158139817417 0.055031256750226798 0.25513975089415897 0.8940321960253641 0.36908401118125755 2.4537655157037079 0.10883354069665074 0.19269071612507105
leaf_count=132 88 58 262 20 370 43 61 27 18 20 4490 31 981 69 22 31 40 15 6 42 3 13 83 30 186 19 16
internal_value=0.00233719 -0.0112364 -0.0240081 -0.0313294 0.013838 0.00302323 0.011254 0.0301215 -0.020516 -0.0300087 -0.0386785 -0.00852505 0.0334191 0.0280284 -0.0360599 0.0148064 0.00285037 -0.00636709 -0.0433237 0 -0.0443825 0.0281978 -0.0184357 0.00672392 0.0302927 -0.0176367 0.00105698
internal_weight=34.7698 23.6376 15.821 13.3107 7.81656 6.72615 2.51029 11.1322 3.46897 2.63323 10.9673 1.98615 10.506 1.71655 2.38195 4.51144 2.34346 1.67903 8.98113 1.6193 8.84476 3.25718 1.12433 0.835744 3.00204 0.793743 0.548275
internal_count=7176 6007 5231 4950 776 718 281 1169 460 412 4792 293 1142 130 392 161 158 118 4499 73 4493 258 103 48 245 151 59
is_linear=0
shrinkage=0.05


Tree=105
num_leaves=24
num_cat=0
split_feature=8 35 3 21 6 42 57 36 6 13 35 35 47 45 8 34 20 13 2 36 36 29 42
split_gain=5.19861 3.24372 2.81114 2.05451 1.35373 0.8433 0.741758 0.674023 0.670204 0.427903 0.403656 0.360799 0.354644 0.312138 0.262251 0.220977 0.20892 0.173244 0.171907 0.123966 0.0596236 0.011941 0.0111197
threshold=0.240384615957737 0.73128581047058117 1.0000000180025095e-35 1.0000000180025095e-35 6.7326085567474374 0.048809524625539787 0.045468308031558997 0.42163743078708654 4.6938397884368905 1.0000000180025095e-35 0.50167974829673778 0.38585758209228521 0.58571431040763866 17.312698364257816 0.51666668057441723 0.63068181276321422 1.0000000180025095e-35 1.0000000180025095e-35 0.10912698507308961 0.26876173913478857 0.64051282405853283 10.833333492279055 0.23904761672019961
decision_type=2 2 2 2 2 2 2 2 2 2 2 2 2 2 2 2 2 2 2 2 2 2 2
left_child=2 3 5 8 9 15 -4 -8 -2 -5 -6 -10 -7 18 -11 -1 -3 -12 -9 -18 -19 -21 -14
right_child=1 16 6 4 10 12 7 13 11 14 17 -13 22 -15 -16 -17 19 20 -20 21 -22 -23 -24
leaf_value=-0.022443826285594937 -0.01167563983097716 0 -0.04310623996688065 -0.042395048770143606 0.01949933547996241 -0.001866266825671021 0.018894366164109184 -0.030837477591721507 -0.0014774414919850852 -0.016650048085005816 -0.016845552179641531 0.034383733310480058 0.0022231898543483872 0.0035476269436724196 0.011216244623283401 0.0057813384283430819 0 0.011060143375421119 0 0.043002629023816089 -0.0022433866465207462 0 0.033779716986686345
leaf_weight=0.95065682451240607 0.42535671661608088 0.36925985594279964 6.5479180021211487 2.4532306155888364 1.6519223814830186 0.5924761914648119 0.62639590806793455 1.6941736158914866 0.42416148132178921 0.6678691733395683 0.96246962063014485 3.7389242746867239 0.54218712099827859 0.5098105000797658 0.612584073911421 0.20283385738730431 0.14700210792943647 0.4058822994120419 0.2317960871150716 7.6950257231947035 0.41071512317284942 0.22816893039271224 1.8204465098679063
leaf_count=207 165 58 3816 567 59 37 21 351 18 201 43 273 13 14 37 2 12 23 24 1130 22 22 61
internal_value=0.00240007 0.0183153 -0.0203387 0.000325357 -0.0153156 0.0115304 -0.0342375 -0.00809932 0.0240131 -0.0329728 0.00587596 0.0301831 0.0242043 -0.0199753 -0.00205352 -0.0147789 0.0401505 -0.00743933 -0.0269951 0.0416567 0.00406501 0.0424098 0.0308397
internal_weight=33.9113 20.1926 13.7187 11.7531 7.16467 4.1086 9.61009 3.06218 4.58844 3.73368 3.43099 4.16309 2.95511 2.43578 1.28045 1.15349 8.43946 1.77907 1.92597 8.0702 0.816597 7.92319 2.36263
internal_count=7176 2630 4546 1408 952 320 4226 410 456 805 147 291 111 389 238 209 1222 88 375 1164 45 1152 74
is_linear=0
shrinkage=0.05


Tree=106
num_leaves=28
num_cat=0
split_feature=49 35 6 3 9 38 40 34 2 8 39 2 47 19 36 2 9 48 3 36 35 45 8 45 35 5 36
split_gain=5.13981 2.81982 1.7593 1.98788 1.31709 1.11665 0.900415 0.865896 0.696848 0.56447 0.55395 0.511648 0.350043 0.347969 0.304461 0.383441 0.286955 0.272607 0.270263 0.203082 0.203059 0.167859 0.185649 0.126067 0.0968409 0.0795424 0.0233126
threshold=0.18333333730697635 0.89848890900611889 6.7326085567474374 0.57669684290885936 7.5000000000000009 0.37089946866035467 2.8716531991958623 0.63068181276321422 0.13484849035739901 0.61250001192092907 7.0446858406066903 0.10435571894049646 0.86607143282890331 1.0000000180025095e-35 0.51471862196922313 0.41885964572429663 5.5000000000000009 1.5000000000000002 0.58195385336875927 0.77032968401908886 0.65588659048080455 18.168300628662113 0.48333333432674414 26.148490905761722 0.85528013110160839 0.52290210127830516 0.41277891397476202
decision_type=2 2 2 2 2 2 2 2 2 2 2 2 2 2 2 2 2 2 2 2 2 2 2 2 2 2 2
left_child=1 2 3 5 11 6 8 21 19 10 12 -2 -5 -3 -4 18 -13 23 -16 26 -20 22 -7 -15 -8 -10 -1
right_child=4 13 14 9 -6 7 24 -9 25 -11 -12 16 -14 17 15 -17 -18 -19 20 -21 -22 -23 -24 -25 -26 -27 -28
leaf_value=0.0066708924449963283 0 -0.0067853241070992892 0.02081317019354496 -0.046810235315567716 -0.016300921722929219 -0.036512251028669063 -0.017232856897408916 0.013939135841474881 -0.011024261473552182 2.3280480458888878e-05 0.0028428506642638606 0.045170943746110838 0 0.032273128300378401 0.0079985890429600161 0.016968611538541775 0.0080327316370216034 0 -0.027369177774135597 0.05780673548726592 0 4.3781961004484994e-05 0 0 0.0019288059389900945 0.0056516316962970554 -0.0015693646062640782
leaf_weight=0.30441643041559208 0.91358297690748802 0.26291802478954096 1.5076219961047161 7.9195407179649866 0.61239607573952604 2.1715143288020058 0.67245477763935912 0.69631461228709657 0.40086083428468544 0.61108524492010552 0.32989642722532231 6.471448780503124 0.5501336142187937 3.3115831683389847 0.31585035100579339 0.64434510935097922 1.4661614736542103 0.5367685155943035 1.1266951772850005 0.65236643131356686 0.56932372925803054 0.093665355816483387 0.24066471902187903 0.2599264858290552 0.13554012775421143 0.17884324491024017 0.13505856972187757
leaf_count=44 25 22 43 4346 46 529 321 16 88 27 26 973 38 267 9 54 31 23 54 54 30 2 30 14 3 1 60
internal_value=0.00233021 -0.0100581 -0.018401 -0.0260533 0.0317428 -0.0011388 0.0192629 -0.018951 0.0350573 -0.0390609 -0.0420107 0.0368917 -0.0444015 0.0223469 0.00804128 -0.00155016 0.0405368 0.0261534 -0.012806 0.0489704 -0.0200647 -0.0308857 -0.0332129 0.0302224 -0.011964 -0.00239353 0.00133403
internal_weight=33.091 23.6274 19.2562 15.0924 9.46359 5.6817 2.47954 3.20216 1.67155 9.41066 8.79957 8.85119 8.46967 4.3712 4.16384 2.65621 7.93761 4.10828 2.01187 1.09184 1.69602 2.50584 2.41218 3.57151 0.807995 0.579704 0.439475
internal_count=7176 6101 5775 5585 1075 1148 571 577 247 4437 4410 1029 4384 326 190 147 1004 304 93 158 84 561 559 281 324 89 104
is_linear=0
shrinkage=0.05


Tree=107
num_leaves=30
num_cat=0
split_feature=49 29 5 9 6 46 5 3 2 57 2 35 3 5 57 29 35 35 35 40 36 36 42 35 31 35 38 35 5
split_gain=4.79412 2.79115 1.69721 1.25678 0.991563 0.677372 0.648618 1.08742 0.704339 0.495324 0.492466 0.434278 0.38259 0.584494 0.34807 0.306492 0.266114 0.167896 0.161212 0.148206 0.146424 0.114815 0.0975574 0.188784 0.0757985 0.0644762 0.0450282 0.0438748 0.0259337
threshold=0.26785714924335485 4.8333332538604745 0.073350071907043471 7.5000000000000009 6.4953796863555917 0.64583334326744091 0.45495130121707922 0.54457995295524608 0.21980676054954532 0.032927904278039939 0.10435571894049646 0.91656225919723522 0.58195385336875927 0.70381036400794994 0.062834918498992934 3.8333333730697636 0.38585758209228521 0.63820621371269237 0.91430911421775829 3.838558673858643 0.44543650746345526 0.96609193086624157 0.14039409160614016 0.5204589068889619 1.0000000180025095e-35 0.5505671799182893 0.47673159837722784 0.81029364466667186 0.15415885299444201
decision_type=2 2 2 2 2 2 2 2 2 2 2 2 2 2 2 2 2 2 2 2 2 2 2 2 2 2 2 2 2
left_child=1 6 5 10 11 18 7 15 21 20 -2 14 -6 17 -4 22 -12 -14 24 -17 -8 28 23 -1 -3 -10 -7 -25 -9
right_child=3 2 4 -5 12 26 9 8 25 -11 16 -13 13 -15 -16 19 -18 -19 -20 -21 -22 -23 -24 27 -26 -27 -28 -29 -30
leaf_value=0.016605253087300424 0 0 -0.043791332569483671 -0.015930082177835234 0.020189239663956624 0.039273643058629196 0.010879777516983904 0 -0.0013823055938321591 0.034967286708965213 0 0 -0.029003602309366619 0.015408802220456354 0.0014813044549469323 -0.013806421491893171 0.041867147466559299 0 0.0067092179828600511 0.0073880758697343427 -0.0092779875910399667 0 0.029298451612946794 -0.011585526553547987 -0.01974363704291747 0.012543177697581346 0.00079107633822174438 0 -0.038129660015663702
leaf_weight=0.50906312512234098 0.91042006853967539 0.17056923441123106 7.6466266468632949 0.59547290345653969 0.33126619644463007 0.34452320425771166 0.71633709222078346 0.095185428741388356 0.27568236785009492 2.0635844459757209 0.33392030652612437 0.52596610412001599 1.3193435713183137 0.47217323211953033 0.156747392611578 0.57700467982795067 7.3059157161042094 0.35930717224255193 0.19751910120248795 0.53595705900806934 0.89238455682061613 0.34075175877660502 1.3817943211179224 0.42570640565827489 0.79010838572867215 0.64873778680339456 0.42547224392183125 0.41663539269939065 1.5156499233562497
leaf_count=7 24 22 4947 42 9 12 14 16 11 234 11 14 94 16 6 23 990 24 2 21 47 26 65 33 191 40 34 9 192
internal_value=0.00238466 -0.00965335 -0.0246373 0.0312778 -0.0320794 0.0120883 0.00882284 -0.00035086 -0.0206033 0.0231665 0.0364128 -0.0395976 -0.00128773 -0.0115402 -0.042249 0.0148879 0.0401012 -0.0239097 -0.00858819 -0.0025675 0 -0.0334653 0.0221189 0.00331352 -0.0161013 0.0072318 0.033295 -0.00665835 -0.0370949
internal_weight=32.2798 23.1341 12.7396 9.14573 10.8114 1.92819 10.3945 6.72217 2.87601 3.67231 8.55026 8.32934 2.48209 2.15082 7.80337 3.84616 7.63984 1.67865 1.1582 1.11296 1.60872 1.95159 2.7332 1.3514 0.960678 0.92442 0.769995 0.842342 1.61084
internal_count=7176 6109 5371 1067 5110 261 738 443 285 295 1025 4967 143 134 4953 158 1001 118 215 44 61 234 114 49 213 51 46 42 208
is_linear=0
shrinkage=0.05


Tree=108
num_leaves=32
num_cat=0
split_feature=2 42 35 9 3 35 40 45 2 42 49 36 13 5 5 46 38 36 2 48 6 34 35 3 9 29 35 36 47 36 36
split_gain=4.53041 2.67723 2.21294 1.27047 0.939419 0.728969 0.968482 0.738609 0.652233 0.594386 0.52744 0.480622 0.463268 0.429217 0.252689 0.203392 0.202578 0.196556 0.158929 0.415373 0.14453 0.107268 0.0661633 0.0386309 0.0263892 0.025781 0.0242088 0.00961622 0.00740006 0.00282399 0.00187915
threshold=0.4083333313465119 0.048809524625539787 0.45421318709850317 4.5000000000000009 0.69320130348205578 0.90395656228065502 2.8359830379486088 11.908956050872805 0.12249999865889551 0.21103239059448245 0.26785714924335485 0.93142634630203258 1.0000000180025095e-35 0.61986863613128673 0.680425524711609 0.86607143282890331 0.17274536192417148 0.39504285156726843 0.054093567654490478 1.0000000180025095e-35 6.071730613708497 0.63068181276321422 0.3985219299793244 0.99612402915954601 3.5000000000000004 11.166666507720949 0.89848890900611889 0.29061582684516912 0.77500000596046459 0.96190130710601818 0.94028520584106456
decision_type=2 2 2 2 2 2 2 2 2 2 2 2 2 2 2 2 2 2 2 2 2 2 2 2 2 2 2 2 2 2 2
left_child=1 2 4 8 22 6 9 10 15 23 11 21 17 24 -5 -4 -14 -10 19 -7 -2 27 30 -3 -6 -22 29 -8 -9 -13 -1
right_child=20 5 3 14 13 18 7 28 12 -11 -12 26 16 -15 -16 -17 -18 -19 -20 -21 25 -23 -24 -25 -26 -27 -28 -29 -30 -31 -32
leaf_value=0 0 -0.0094108546090843938 -0.029630914879987924 -0.043338705239197951 0 -0.014204543068037935 0 0 0.0056315622014981824 0.041631664258261786 0.0089690985631649279 0 -0.00077823827684634912 0.012512278624711099 0 1.5078399462555113e-05 0.025623564325470468 -0.019045259186767929 0.03435294410408217 0.018853490508914605 0.039369519052616125 0 0.033812269988061742 0.0012187147230282962 -0.023528837423669836 0 0.0078194039055853419 -0.040403397690974535 0.016014063559112151 -0.0024738725229928567 0.0020098392903067142
leaf_weight=0.14892885717563986 0.19811585592105885 0.43235104205086627 1.5910320493858288 6.856964047648944 0.11910305963829149 0.51069152913987625 0.21293008222710508 0.2538233168888836 0.36086831521242857 0.7960617762291804 0.40936069143936027 0.13475440512411285 0.46657883748412143 0.43458006321452547 0.18096999125555147 0.32374750450253476 1.3686001070309428 0.95186096464749426 2.1929388144053519 1.4119382533244786 5.8555705663748085 0.12293171789497126 1.500524151837453 0.14005666109733284 1.1789470104267818 0.12935854494571675 0.2104032333008945 1.9882039205403996 0.69526286423206329 0.15358358633238822 0.16299852845259011
leaf_count=38 15 130 473 3963 13 15 24 34 4 50 22 19 15 15 15 5 52 59 269 67 930 5 72 3 219 5 2 555 43 36 9
internal_value=0.00244171 -0.00708216 -0.0195172 -0.0292865 0.0118355 0.0125209 0 -0.0121293 -0.00688044 0.0264655 -0.0227611 -0.029813 0.00603696 -0.0103346 -0.0419209 -0.0246175 0.0192406 -0.0105978 0.0261362 0.00650605 0.0376832 -0.0371428 0.030946 -0.00450916 -0.0222757 0.0388848 0.00299967 -0.0389402 0.0146138 0 0
internal_weight=31.494 25.311 15.6457 12.1006 3.54508 9.66529 5.54972 4.18125 5.06269 1.36847 3.23217 2.82281 3.14791 1.73263 7.03793 1.91478 1.83518 1.31273 4.11557 1.92263 6.18304 2.32407 1.81245 0.572408 1.29805 5.98493 0.498741 2.20113 0.949086 0.288338 0.311927
internal_count=7176 6226 4952 4586 366 1274 923 740 608 183 663 641 130 247 3978 478 67 63 351 82 950 584 119 133 232 935 57 579 77 55 47
is_linear=0
shrinkage=0.05


Tree=109
num_leaves=29
num_cat=0
split_feature=49 29 5 9 5 57 34 39 40 34 35 8 57 40 35 35 57 3 35 3 45 35 31 38 3 37 13 38
split_gain=4.26111 2.4752 1.65651 1.1757 0.8409 0.861241 0.632245 0.612488 1.26781 0.461116 0.449399 0.438323 0.333371 0.303877 0.272583 0.256919 0.254888 0.227627 0.148141 0.115215 0.0935025 0.0790633 0.0720747 0.0584839 0.0520275 0.0489861 0.0942433 0.0115054
threshold=0.18333333730697635 4.8333332538604745 0.073350071907043471 7.5000000000000009 0.70381036400794994 0.013793759513646366 0.47222222387790685 5.677502155303956 1.5341956019401553 0.41428571939468389 0.91656225919723522 0.240384615957737 0.062598176300525679 3.407672762870789 0.42550456523895269 0.38585758209228521 0.064080443233251586 0.94269293546676647 0.91430911421775829 0.99612402915954601 24.147683143615726 0.8514743745326997 1.0000000180025095e-35 0.4695423692464829 0.96899038553237926 0.87596154212951671 1.0000000180025095e-35 0.09175084158778192
decision_type=2 2 2 2 2 2 2 2 2 2 2 2 2 2 2 2 2 2 2 2 2 2 2 2 2 2 2 2
left_child=1 7 6 11 5 14 18 8 17 21 12 -2 19 -11 -4 -13 -10 25 22 -7 -15 -9 -3 -8 -19 26 -1 -27
right_child=3 2 4 -5 -6 10 23 9 16 13 -12 15 -14 20 -16 -17 -18 24 -20 -21 -22 -23 -24 -25 -26 27 -28 -29
leaf_value=0 0 0 0.023333604365420452 -0.015462534143995142 0.009225814427594986 -0.044186930700723492 0.039242478089458757 -0.012566699936584694 -0.036701619753930652 -0.0033691501525845539 0 0 0.0010409518061589487 0.031788715954845781 -0.0087484698795688935 0.041314464426713798 0 -0.009504874388061104 0.0065089654172000013 -0.00050202650863028723 0 0.0031786387296785651 -0.018986271929010951 0.0004335316381003934 0.0025309247242047725 0.0041165808869207876 0.025808958130201634 -0.0025541063347360627
leaf_weight=0.71736244787462689 0.99580565723590186 0.16847932909149566 0.24068005569278916 0.57553276943508613 0.59561894508078772 7.8324900913285038 0.33636334445327509 0.49407542520202685 1.2850620523095129 0.27957155974581871 0.53989614825695831 0.32640473823994387 0.17400833533611226 3.3189425440505151 0.33258404326625168 6.7639087801799178 0.37716719647869457 0.45549240731634177 0.19474581908434629 0.41460242215543974 0.27882427163422097 0.30562441935762763 0.74918838916346431 0.42671865853480995 0.57757789618335664 0.20737124467268575 1.5233800148125738 0.27281341271009296
leaf_count=45 26 22 15 46 27 4677 9 65 111 42 17 11 12 257 216 992 19 19 2 139 19 27 192 36 28 10 61 34
internal_value=0.00250494 -0.00907097 -0.0236906 0.0304383 -0.0314069 -0.0350548 0.0126759 0.00843563 -0.00238381 0.0200587 -0.0388081 0.0355979 -0.0413719 0.0263462 0.00781272 0.0394795 -0.030279 0.0126871 -0.00786359 -0.0428233 0.0299733 -0.00534839 -0.0153247 0.0329314 -0.00238139 0.0188545 0.0211176 0
internal_weight=30.7603 22.0986 12.0054 8.66165 10.1299 9.53426 1.8755 10.0933 5.41623 4.67704 8.961 8.08612 8.4211 3.87734 0.573264 7.09031 1.66223 3.754 1.11241 8.24709 3.59777 0.7997 0.917668 0.763082 1.03307 2.72093 2.24074 0.480185
internal_count=7176 6101 5364 1075 5103 5076 261 737 327 410 4845 1029 4828 318 231 1003 130 197 216 4816 276 92 214 45 47 150 106 44
is_linear=0
shrinkage=0.05


Tree=110
num_leaves=25
num_cat=0
split_feature=6 42 57 38 39 39 38 2 36 2 29 5 8 34 36 57 8 36 57 45 3 36 38 5
split_gain=4.09444 2.54534 1.06318 1.50469 0.933154 1.70821 0.880928 0.671035 0.473817 0.433731 0.37488 0.341479 0.305247 0.291624 0.248969 0.218865 0.207043 0.206195 0.178059 0.107246 0.0736853 0.0629077 0.0051164 0.00029205
threshold=6.7326085567474374 0.21103239059448245 0.04538575932383538 0.11696306616067888 4.7845165729522714 6.2203564643859872 0.09175084158778192 0.19523809850215915 0.96824595332145702 0.19523809850215915 14.833333492279055 0.45999288558959966 0.61250001192092907 0.63068181276321422 0.77032968401908886 0.046804908663034446 0.70714285969734203 0.41763564944267279 0.061719344928860671 29.148195266723636 0.3298212736845017 0.20204082131385806 0.78817018866539013 0.57032969594001781
decision_type=2 2 2 2 2 2 2 2 2 2 2 2 2 2 2 2 2 2 2 2 2 2 2 2
left_child=1 2 3 6 -3 8 16 15 9 17 21 13 -5 18 23 -2 -1 -6 -4 -7 -10 -9 -19 -8
right_child=7 4 11 12 5 19 14 10 20 -11 -12 -13 -14 -15 -16 -17 -18 22 -20 -21 -22 -23 -24 -25
leaf_value=-0.02432997578196661 -0.016463633941415697 0.042574422307318546 -0.023574176924661717 -0.040336551108163608 0 0.028397574301796864 -0.0018656030453308198 0 0.012733234532372077 0.0059960980554597575 -0.005011198194595807 0.021009179984495717 0 0.008886766607229141 0.033918244873943286 0.010142912832724775 0.0035978981192824541 -0.039265844791348668 0.0024935195263134356 0 -0.0024269184637753438 0.034617506788417067 0 0
leaf_weight=1.0299889744492312 0.60850765113718708 1.0170561396516848 1.0761924457037819 7.7456450911704433 0.15890512394253287 2.6061654785880823 0.14189371571410425 0.17648439854383191 0.38073056959547091 0.24328485643491138 0.17006281018257219 0.71623110258951772 0.59383066266309459 0.78384016267955292 0.88046339573338628 0.36651599733158946 0.24497609166428436 1.8272574954899026 0.25030859722755838 0.23468205332756031 0.39070895279292017 8.2145621052477491 0.13974099582992483 0.067031383165158331
leaf_count=240 63 58 191 4569 28 245 56 8 12 24 1 34 38 29 45 18 14 349 10 13 36 1079 11 5
internal_value=0.00252299 -0.00988727 -0.0221374 -0.0288579 0.0129778 0.00185177 0.00353451 0.0281165 -0.0199893 -0.0287827 0.0323038 0.00289615 -0.0379721 -0.0064219 0.0271858 -0.0038589 -0.0175433 -0.0350072 -0.0175486 0.0262172 0.00519692 0.0340456 -0.0382737 -0.00163815
internal_weight=30.0651 20.5289 13.5304 10.7038 6.99853 5.98148 2.36435 9.53613 3.14063 2.36919 8.56111 2.82657 8.33948 2.11034 1.08939 0.975024 1.27497 2.1259 1.3265 2.84085 0.77144 8.39105 1.967 0.208925
internal_count=7176 6007 5231 4967 776 718 360 1169 460 412 1088 264 4607 230 106 81 254 388 201 258 48 1087 360 61
is_linear=0
shrinkage=0.05


Tree=111
num_leaves=31
num_cat=0
split_feature=2 12 8 5 45 5 38 38 20 35 35 40 57 5 57 5 39 36 35 36 47 57 38 8 8 53 36 45 5 36
split_gain=3.89962 2.39968 2.20646 1.53332 1.38488 1.10688 0.952258 0.648718 0.563598 0.583691 0.340905 0.373428 0.33398 0.298028 0.279109 0.207041 0.163868 0.130944 0.13731 0.127713 0.122397 0.105547 0.0657474 0.041878 0.0416998 0.0682553 0.0370976 0.0262221 0.0107377 0.000728228
threshold=0.4083333313465119 1.0000000180025095e-35 0.240384615957737 0.11215933039784433 11.357592582702638 0.44504831731319433 0.11696306616067888 0.11269841343164445 1.0000000180025095e-35 0.45421318709850317 0.6711879074573518 2.8194408416748051 0.065070353448390975 0.58397436141967785 0.063372347503900542 0.31843157112598425 6.3038835525512704 0.30368906259536749 0.91139987111091625 0.32037734985351568 0.86607143282890331 0.032663283869624145 0.31909090280532842 0.73863637447357189 0.61250001192092907 7.2474184036254892 0.40175439417362219 14.832539081573488 0.31146953999996191 0.29708614945411688
decision_type=2 2 2 2 2 2 2 2 2 2 2 2 2 2 2 2 2 2 2 2 2 2 2 2 2 2 2 2 2 2
left_child=1 2 3 10 6 12 7 15 9 -4 -1 -12 -5 17 -13 28 27 29 20 -11 -19 -21 -15 -17 -2 -26 -10 -6 -3 -8
right_child=24 4 8 5 16 -7 13 -9 26 19 11 14 -14 22 -16 23 -18 18 -20 21 -22 -23 -24 -25 25 -27 -28 -29 -30 -31
leaf_value=-0.009082578393443742 0.0063125181408358287 0 0.022706981224819452 -0.038870127967469519 0.00085417324796927734 0.015710778195092246 -0.0012702958308974607 0.02714966651285344 0 0.0023692744233468387 -0.0071696116630729076 0.035749013063748676 0.002981956733457687 -0.0090486846541639413 0 -0.024224168246459746 0.019051435102343167 -0.045766832796335997 0 -0.021977962327822086 0 0.00044407635502271203 0.0058220353778561549 0 0.040337886928204073 0 0.039481096630535562 -0.0074659491770040958 0.0058866906067705374 0
leaf_weight=0.33497454284225048 0.92032311810180445 0.20602737006265526 1.242691192775965 3.7326594803016637 0.21682280575623814 0.55069314967840899 0.12823007092811156 0.40394962090067554 0.19870560930576209 0.28089860407635558 0.26333463191986117 1.450826670508832 0.13975888490676869 0.49062683130614448 0.57364377286285151 1.0336990144569425 1.0823935723165048 5.4411092094378546 0.26483479235321272 0.96931518870405831 0.093661436345428117 0.10759052378125489 0.26879658678080887 0.21538155316375185 4.5922844659071416 0.12937459675595153 3.3454118854133412 0.34304913168307394 0.2316924910992384 0.15127913019387051
leaf_count=104 111 41 73 2118 28 21 81 13 13 32 36 70 1 46 23 179 119 2593 14 249 7 3 24 8 821 18 300 16 6 8
internal_value=0.00254305 -0.00649498 0.0073169 -0.0107601 -0.0233037 -0.0269583 -0.0307519 0 0.02735 0.00449101 0.0150777 0.0218226 -0.0360315 -0.0387508 0.0283706 -0.0147801 0.0116131 -0.042046 -0.043459 -0.0126197 -0.0449194 -0.0181952 -0.000625906 -0.0220015 0.0366077 0.0395035 0.038343 -0.00255647 0.00331903 0
internal_weight=29.404 23.7621 13.1905 7.04589 10.5716 4.42311 8.92929 2.09075 6.14461 2.6005 2.62278 2.28781 3.87242 6.83854 2.02447 1.6868 1.64227 6.07911 5.79961 1.3578 5.53477 1.07691 0.759423 1.24908 5.64198 4.72166 3.54412 0.559872 0.43772 0.279509
internal_count=7176 6226 3043 2373 3183 2140 3020 247 670 357 233 129 2119 2773 93 234 163 2703 2614 284 2600 252 70 187 950 839 313 44 47 89
is_linear=0
shrinkage=0.05


Tree=112
num_leaves=26
num_cat=0
split_feature=6 42 35 45 38 39 39 8 36 8 8 53 47 8 42 45 46 36 3 38 38 35 36 38 35
split_gain=3.62284 2.3296 1.49976 1.19534 0.935706 0.866469 1.55222 0.581781 0.437277 0.355077 0.329912 0.309938 0.255711 0.151095 0.137156 0.0977252 0.0762412 0.0692544 0.0678309 0.0539346 0.0443394 0.0352747 0.0279405 0.0200943 0.00120701
threshold=6.7326085567474374 0.21103239059448245 0.43191786110401159 11.12900495529175 0.09175084158778192 4.7845165729522714 6.2203564643859872 0.39230769872665411 0.96824595332145702 0.61250001192092907 0.59166666865348827 7.2474184036254892 0.86607143282890331 0.70714285969734203 0.12613636255264285 29.148195266723636 0.77500000596046459 0.23582887649536136 0.3298212736845017 0.11696306616067888 0.30471627414226538 0.87649399042129528 0.9569842815399171 0.41240409016609197 0.85737469792366039
decision_type=2 2 2 2 2 2 2 2 2 2 2 2 2 2 2 2 2 2 2 2 2 2 2 2 2
left_child=1 2 4 9 13 -3 8 14 10 -4 12 17 -7 -1 -2 21 22 -9 -10 -6 -11 24 -5 -21 -8
right_child=7 5 3 16 19 6 15 11 18 20 -12 -13 -14 -15 -16 -17 -18 -19 -20 23 -22 -23 -24 -25 -26
leaf_value=-0.021264433821393758 -0.012450446348846796 0.041414763744912007 -0.037314780374593126 -0.0070741705808848787 0.036037755655129934 -0.039219898286715849 0.0015751502603487445 0 0.01225642329967893 -0.0063763387762246397 0.0043290627038067046 -0.001546844018474729 0 0.0026572871162135196 0.0084239440506477647 0 0.013600051005002453 0.03395587771321406 -0.0022452593938206678 -0.0027104062524037761 0.0065061435843974912 0.030059406747990777 0.002382525513564319 0.0059380555800974998 0
leaf_weight=0.82366982253734666 0.69148357748053857 0.99230299866758187 8.6516634051804395 0.29414578113937639 0.84096063312608726 1.5955425848951574 0.25903273466974575 0.22416125191375424 0.3717152012977748 0.33393304166384119 0.19881771923974145 0.30601541930809606 0.4915134182665496 0.22260909783653915 0.31283752946183085 0.22849021386355151 0.86044023255817592 7.5493500684387982 0.3782427127007395 0.16185730742290616 0.33744333975482732 2.0242204377427697 0.14524103736039251 0.18263429403305054 0.22375404334161431
leaf_count=172 65 58 4772 72 42 368 34 12 12 26 20 26 24 13 18 13 50 1048 36 53 23 186 7 1 25
internal_value=0.00260725 -0.00931343 -0.021393 -0.0289152 0.0107333 0.0127987 0.0017506 0.0272185 -0.0192859 -0.034869 -0.0278624 0.0313307 -0.0329577 -0.01492 -0.00249484 0.0253483 0.00820742 0.0332236 0.00498173 0.0321295 0 0.0274602 -0.000991007 0 0.000267701
internal_weight=28.7021 19.6182 12.8546 10.6229 2.23173 6.76363 5.77133 9.08385 3.03583 9.32304 2.28587 8.07953 2.08706 1.04628 1.00432 2.7355 1.29983 7.77351 0.749958 1.18545 0.671376 2.50701 0.439387 0.344492 0.482787
internal_count=7176 6007 5231 4950 281 776 718 1169 460 4821 412 1086 392 185 83 258 129 1060 48 96 49 245 79 54 59
is_linear=0
shrinkage=0.05


Tree=113
num_leaves=28
num_cat=0
split_feature=49 34 31 40 58 9 8 35 2 8 2 53 31 35 9 45 36 26 2 40 45 36 29 36 5 45 45
split_gain=3.60504 2.03814 1.66741 1.11544 1.04588 0.99384 0.866006 0.796164 0.551766 0.486258 0.395288 0.367023 0.533728 0.325041 0.302611 0.270191 0.234332 0.137063 0.0951538 0.0948926 0.0859924 0.0548229 0.0508184 0.0254651 0.0212972 0.0143305 4.59869e-06
threshold=0.26785714924335485 0.47222222387790685 1.0000000180025095e-35 2.8194408416748051 1.0000000180025095e-35 7.5000000000000009 0.240384615957737 0.8514743745326997 0.4083333313465119 0.82085561752319347 0.10435571894049646 7.2474184036254892 2.5000000000000004 0.39494477212429052 5.5000000000000009 17.076005935668949 0.87367022037506115 1.0000000180025095e-35 0.17752101272344592 6.0383479595184335 29.148195266723636 0.2788888961076737 4.5833332538604745 0.26876173913478857 0.31843157112598425 12.940605640411379 9.3185358047485369
decision_type=2 2 2 2 2 2 2 2 2 2 2 2 2 2 2 2 2 2 2 2 2 2 2 2 2 2 2
left_child=1 2 4 18 6 10 -1 8 -4 21 -2 12 -5 -8 -12 17 -15 25 -3 22 -17 23 -9 -6 -19 26 -14
right_child=5 3 7 11 9 -7 13 19 -10 -11 14 -13 15 16 -16 20 -18 24 -20 -21 -22 -23 -24 -25 -26 -27 -28
leaf_value=-0.018275618381596036 0 -0.023093947169152168 -0.044729818273103246 0.041358558598311751 -0.006319417460510921 -0.01384897024560482 -0.0038962261855458495 0.00083311111396121784 0.0044103049413204204 0.0092448742460092392 0.043559044859131056 -0.0059969562073258868 -0.00010142218535149463 0.033215482946966968 0.0056737383720178499 0.022919069736613173 0 -0.014725897699544271 0 0.010157496104339633 0 -0.031651706092903097 -0.011883341829308254 0.0034482219306652285 0 0.007491089703428897 0
leaf_weight=0.73024714534404278 0.82929554302245279 1.0061175353475835 5.4172549390350468 2.0602531346376054 0.24924964160891327 0.50856139883398999 0.37861322402022812 0.16322881111409493 0.24289820133708406 0.35414156038314093 5.1181369503028691 0.39554669684730459 0.11765499581815664 2.5421799495816235 1.2896637790836392 0.9474382202606646 0.60906558565329749 0.7364727638778279 0.1082639971282332 0.53281432006042451 0.2017632988281548 1.9040278707398099 0.45398361096158624 0.15842426277231425 0.30656336667016149 0.64768585772253573 0.10176253155805171
leaf_count=433 24 549 3500 144 52 42 28 11 10 18 971 20 26 191 30 110 46 93 13 42 9 549 160 6 29 51 19
internal_value=0.00266441 -0.00831465 -0.0190116 0.0127805 -0.000360343 0.0297533 0.0133918 -0.0348648 -0.0415247 -0.021359 0.0347337 0.0221718 0.0257895 0.0236351 0.0384043 0.00646745 0.0282892 -0.00357983 -0.0198372 0 0.0193892 -0.028933 -0.00699295 0 -0.0125798 0.0055076 0
internal_weight=28.1113 20.3657 13.7361 6.62952 6.92595 7.74566 4.26011 6.81018 5.66015 2.66584 7.2371 5.51514 5.11959 3.52986 6.4078 3.05934 3.15125 1.91014 1.11438 1.15003 1.1492 2.3117 0.617212 0.407674 1.04304 0.867103 0.219418
internal_count=7176 6109 5046 1063 1323 1067 698 3723 3510 625 1025 501 481 265 1001 337 237 218 562 213 119 607 171 58 122 96 45
is_linear=0
shrinkage=0.05


Tree=114
num_leaves=24
num_cat=0
split_feature=2 13 8 5 3 6 5 9 6 47 42 47 57 57 37 37 57 46 6 38 5 53 5
split_gain=3.39174 2.18585 1.90162 1.38376 1.21645 1.06231 1.01881 0.898223 0.643055 0.429233 0.424423 0.394113 0.309404 0.252849 0.234132 0.201432 0.239855 0.15394 0.122702 0.111334 0.055739 0.0313407 0.0188277
threshold=0.4083333313465119 1.0000000180025095e-35 0.240384615957737 0.11215933039784433 0.58195385336875927 6.8764495849609384 0.44504831731319433 7.5000000000000009 6.4953796863555917 0.77500000596046459 0.14039409160614016 0.86607143282890331 0.065070353448390975 0.063372347503900542 0.29061582684516912 0.48528139293193823 0.04538575932383538 0.81666666269302379 6.071730613708497 0.86285266280174266 0.69309264421463024 7.2474184036254892 0.45495130121707922
decision_type=2 2 2 2 2 2 2 2 2 2 2 2 2 2 2 2 2 2 2 2 2 2 2
left_child=1 4 3 10 8 11 12 14 9 19 17 20 -5 -12 -4 -7 -17 -3 -2 -1 -6 -20 -13
right_child=18 2 7 6 5 15 -8 -9 -10 -11 13 22 -14 -15 -16 16 -18 -19 21 -21 -22 -23 -24
leaf_value=-0.025181369657743549 0 -0.015916741132120604 0 -0.037992751842553074 -0.045177693212293139 0.015424556583522674 0.015067430859012482 -0.013700857774616104 0.029051646993997201 0.010781087175114138 0.033293620405918455 -0.0034771463775693651 0.002657225818053042 0 0.034705367112061465 -0.018840882097595251 0.0087490591456039143 0.0068845797814423328 0.037539434967762221 0 0 0 0.0051446859486152302
leaf_weight=1.2529336461448153 0.18121777568012376 0.58464997127885032 0.23584197077434499 3.424363956379239 5.0381538742803968 0.52610630635172118 0.53240711870603252 0.51179290749132622 0.64474556641653169 0.68502806173637498 1.1574928929330779 0.2181162571068852 0.13460248708724964 0.53830361552536476 5.0767114494810812 0.80057914508506633 0.32630068995058537 0.23692278563976288 4.8268118165433407 0.090926682576537021 0.097560869297012576 0.15327178873121727 0.22191889211535454
leaf_count=498 15 163 24 2118 2480 13 21 243 16 34 45 17 1 22 403 29 48 3 911 3 17 24 28
internal_value=0.0026 -0.00602073 0.0074915 -0.00983437 -0.0225759 -0.0322232 -0.0259241 0.0264437 0.00381793 -0.0094942 0.0148299 -0.0412691 -0.035113 0.0255468 0.032661 0.000459443 -0.00814367 -0.00642674 0.0356399 -0.0221529 -0.044563 0.036878 0
internal_weight=27.4968 22.3355 12.4331 6.60874 9.90237 7.22874 4.09137 5.82435 2.67363 2.02889 2.51737 5.57575 3.55897 1.6958 5.31255 1.65299 1.12688 0.821573 5.1613 1.34386 5.13571 4.98008 0.440035
internal_count=7176 6226 3043 2373 3183 2632 2140 670 551 535 233 2542 2119 67 427 90 77 166 950 501 2497 935 45
is_linear=0
shrinkage=0.05


Tree=115
num_leaves=29
num_cat=0
split_feature=2 42 35 9 3 34 46 2 5 12 9 5 40 3 5 5 58 36 46 45 6 36 3 8 9 36 36 36
split_gain=3.18971 2.04788 1.77476 0.996747 0.764654 0.567843 0.914921 0.467839 0.338167 0.338126 0.334129 0.309445 0.294697 0.229208 0.357139 0.210343 0.204103 0.157352 0.148403 0.124072 0.123087 0.0954716 0.0472376 0.0313493 0.0195207 0.00760812 0.00463728 0.000659289
threshold=0.4083333313465119 0.048809524625539787 0.45421318709850317 4.5000000000000009 0.69320130348205578 0.41428571939468389 0.26785714924335485 0.12249999865889551 0.61986863613128673 1.0000000180025095e-35 7.5000000000000009 0.45495130121707922 2.8194408416748051 0.71834936738014232 0.42287866771221166 0.680425524711609 1.0000000180025095e-35 0.39504285156726843 0.86607143282890331 10.411530494689943 6.4953796863555917 0.74388790130615245 0.89842790365219127 0.63392856717109691 3.5000000000000004 0.97726097702980053 0.94028520584106456 0.44058823585510259
decision_type=2 2 2 2 2 2 2 2 2 2 2 2 2 2 2 2 2 2 2 2 2 2 2 2 2 2 2 2
left_child=1 2 4 7 16 6 10 18 24 21 -3 19 25 -14 22 -5 -1 -11 -4 -8 23 -9 -15 -2 -6 -7 -18 -21
right_child=20 5 3 15 8 12 11 9 -10 17 -12 -13 13 14 -16 -17 26 -19 -20 27 -22 -23 -24 -25 -26 -27 -28 -29
leaf_value=0.03369115214319271 -0.0017709452325823964 0.026514805945991062 -0.026946068483090658 -0.041698171965451711 0 -0.0060894360655046635 -0.03330888315017351 0.021904348245414342 0.010737897632680102 0.0047483348313328774 -0.0071493307452519779 0.0051441361463204016 0.0319967318129789 -0.013512816227739114 0.020059981384615025 0 -0.0031456660448048279 -0.01746867536258102 0 0.0010810259056804297 0.037927661412315988 0 0 0.0077572447867792068 -0.021831544891673247 0 0 -0.00053680863975163193
leaf_weight=1.3860039492137795 0.34459558688104053 1.3260214879992402 1.3147887492668795 5.4356554706464522 0.10703094978816796 0.25148730492219318 1.25255799095612 1.0141785698942838 0.39027512434404332 0.33365733502432704 0.28192528808722261 0.2228996343910693 2.9429339321795851 0.76329133973922558 0.82390688708983351 0.16236909676808853 0.17159583896864194 0.85698329948354512 0.30710554309189309 0.12636077636852849 4.3495441025588661 0.69379336910787981 0.25451576063642278 0.31001920416019857 1.0408083070069549 0.12484263756778091 0.11480057239532471 0.15191036800388247
leaf_count=57 29 91 473 3963 13 50 423 28 15 4 180 32 179 61 161 15 53 59 5 6 891 39 39 30 219 13 9 39
internal_value=0.00261436 -0.00581363 -0.0176946 -0.0274832 0.0111686 0.0121495 -0.00243738 -0.00639698 -0.00969908 0.00469031 0.0182171 -0.022929 0.0213159 0.0246283 0.00397822 -0.0402026 0.0286795 -0.0096348 -0.0223504 -0.0294097 0.0350885 0.0163931 -0.0100518 0.00168071 -0.0207399 -0.00446073 0 0
internal_weight=26.8559 21.8517 13.329 10.1185 3.21051 8.52265 3.36168 4.52051 1.53811 2.89861 1.60795 1.75373 5.16098 4.78465 1.84171 5.59802 1.6724 1.19064 1.62189 1.53083 5.00416 1.70797 1.01781 0.654615 1.14784 0.37633 0.286396 0.278271
internal_count=7176 6226 4952 4586 366 1274 771 608 247 130 271 500 503 440 261 3978 119 63 478 468 950 67 100 59 232 63 62 45
is_linear=0
shrinkage=0.05


Tree=116
num_leaves=28
num_cat=0
split_feature=49 3 6 36 57 42 6 2 45 6 5 5 57 57 46 5 58 3 8 57 38 57 47 8 3 47 8
split_gain=3.18314 1.76942 2.28768 0.809735 0.748224 0.489301 0.906516 0.454713 0.449204 0.408306 0.406938 0.357733 0.255879 0.448828 0.221403 0.212721 0.191326 0.142999 0.0630632 0.0352637 0.0325753 0.106147 0.0311875 0.0120119 0.00921741 0.00913996 0.00893223
threshold=0.18333333730697635 0.57669684290885936 6.7326085567474374 0.93405798077583324 0.015038444194942715 0.22086720913648608 4.1066589355468759 0.10912698507308961 11.12900495529175 4.3822062015533456 0.70381036400794994 0.78474903106689464 0.031269090250134475 0.04451007395982743 0.86607143282890331 0.184412956237793 1.0000000180025095e-35 0.74891304969787609 0.48333333432674414 0.043284084647893913 0.12060606107115747 0.047879064455628402 0.58571431040763866 0.63392856717109691 0.96899038553237926 0.77500000596046459 0.82085561752319347
decision_type=2 2 2 2 2 2 2 2 2 2 2 2 2 2 2 2 2 2 2 2 2 2 2 2 2 2 2
left_child=1 5 3 11 18 6 8 -6 -1 -5 12 14 -4 17 23 22 20 -14 -2 24 -8 -22 -7 -3 -11 -17 -18
right_child=4 2 10 9 7 15 16 -9 -10 19 -12 -13 13 -15 -16 25 26 -19 -20 -21 21 -23 -24 -25 -26 -27 -28
leaf_value=-0.02910273316671699 -0.011760503653748703 -0.04445011907238313 0.013557423261583863 -0.018512545341597637 0 0.0023835129693899632 0.031753653436077188 0.039220642692445802 0.0055317828227279073 -0.003043817507578683 0.026310280089268636 0.0024465656737783404 0 0.013131813887378892 -0.00032506810120377748 -0.0043320408329244418 -0.0045103898062143176 -0.026805320645418171 0.0017232076636067312 0.017967093185448976 -0.0069667324702222394 0.012305717354220648 0.031817776620907609 0 0.0031988899538936012 0.00042613535571379572 0
leaf_weight=1.5785339000867749 0.42343488475307722 5.831770977471022 0.75610912509728168 0.71474649530136936 0.85081002314109344 0.67940145777538496 0.69040379545185693 5.3882877198047936 0.7149509664159267 0.17025519791059196 1.1381088353227822 0.1521541685797273 0.51322701643221114 0.48363881348632265 0.55831094388850022 0.2057356392033397 0.20546370639931399 1.1470966372871769 0.49784285109490156 0.61471443763002753 0.27300520584685728 0.38433933397755027 1.7442751289345322 0.074326121946796664 0.19236247183289379 0.22453904058784246 0.085887857712805271
leaf_count=892 35 3890 40 454 31 37 14 993 24 97 157 11 16 82 17 26 67 42 16 35 83 11 66 8 13 17 2
internal_value=0.00260582 -0.0079735 -0.0188626 -0.0327812 0.0290006 0.0110733 -8.01518e-05 0.0346473 -0.0183865 0 0.00960518 -0.0397382 -0.000733727 -0.0100732 -0.0415957 0.0237725 0.0209012 -0.0211075 -0.00476725 0.0147997 0.0263415 0.00191065 0.0281334 -0.0441611 0 0 -0.00130314
internal_weight=26.2937 19.1334 12.3468 8.30864 7.16038 6.78654 3.93258 6.2391 2.29348 1.69208 4.03818 6.61656 2.90007 2.14396 6.46441 2.85395 1.6391 1.66032 0.921278 0.977332 1.34775 0.657345 2.42368 5.9061 0.362618 0.430275 0.291352
internal_count=7176 6101 4862 4525 1075 1239 1093 1024 916 599 337 3926 180 140 3915 146 177 58 51 145 108 94 103 3898 110 43 69
is_linear=0
shrinkage=0.05


Tree=117
num_leaves=27
num_cat=0
split_feature=49 34 31 40 58 9 8 38 2 38 39 39 8 2 9 36 6 8 31 6 38 38 9 36 45 45
split_gain=2.95374 1.73262 1.44448 0.935729 0.886616 0.871759 0.715821 0.524996 0.497004 0.491008 0.797429 0.464401 0.416709 0.33459 0.292769 0.228624 0.205742 0.190237 0.122023 0.084072 0.0764123 0.0761603 0.0396499 0.0362699 0.0259939 0.00109709
threshold=0.18333333730697635 0.47222222387790685 1.0000000180025095e-35 2.8194408416748051 1.0000000180025095e-35 7.5000000000000009 0.240384615957737 0.09175084158778192 0.4083333313465119 0.4695423692464829 6.2203564643859872 6.3950443267822275 0.82085561752319347 0.10435571894049646 5.5000000000000009 0.87367022037506115 7.0446858406066903 0.39230769872665411 6.5000000000000009 6.6069514751434335 0.78817018866539013 0.6209508776664735 5.5000000000000009 0.29061582684516912 12.240726947784426 10.82026529312134
decision_type=2 2 2 2 2 2 2 2 2 2 2 2 2 2 2 2 2 2 2 2 2 2 2 2 2 2
left_child=1 2 4 19 6 13 -1 22 11 -5 17 23 16 -2 -15 -9 -6 20 -12 -3 -11 24 -8 25 -13 -4
right_child=5 3 8 9 12 -7 7 15 -10 10 18 21 -14 14 -16 -17 -18 -19 -20 -21 -22 -23 -24 -25 -26 -27
leaf_value=-0.016834225524315644 0 -0.021647262462617809 -0.0015546705510534223 0.041542399618112139 -0.03164484649175555 -0.012931433322520667 0 0.034578282384195191 0.0055984385318441458 -0.022849030160263087 0.027291649586112715 -0.010732184291732838 0.0083260896464529034 0.042388853311946875 0.0046875386070077832 0 0.00017012993661250954 0.0063065404590302056 0 0 0 0.0079076750325778114 -0.011252652292275388 -0.042991554619783726 0 0
leaf_weight=0.6555921303224802 0.79542550910264154 0.9088385512586673 0.13476370676653449 1.1521640160935929 1.873269266565331 0.47314693848602463 0.23292834265157614 2.2887022492941473 0.27918490930460382 0.94642781902803086 1.894200142065529 0.53056902776006598 0.32603586837649334 4.4982681118417531 1.2136456277221439 0.48327807703753922 0.23590969364158798 0.25351031124591816 0.17923535360023368 0.084059027023613453 0.77102910284884274 0.26488660875475034 0.38166769233066589 4.6567432218580507 0.13932340277824551 0.066117249429225922
leaf_count=433 25 555 85 64 601 46 13 176 21 110 243 238 18 973 31 35 6 41 7 5 36 13 41 3339 20 1
internal_value=0.00265827 -0.00762169 -0.0180004 0.0123023 -0.000136438 0.0283775 0.0126241 0.0220043 -0.033637 0.02104 0.00713063 -0.03681 -0.0202821 0.0333695 0.0370151 0.0298486 -0.027568 -0.0115948 0.0245386 -0.0185304 -0.0174256 0 -0.0068529 -0.0420643 -0.00816422 0
internal_weight=25.7189 18.7384 12.549 6.18946 6.47738 6.98049 4.04217 3.38658 6.07159 5.19657 4.0444 5.7924 2.43521 6.50734 5.71191 2.77198 2.10918 1.97097 2.07344 0.992898 1.71746 0.934779 0.614596 4.85762 0.669892 0.200881
internal_count=7176 6101 5040 1061 1323 1075 698 265 3717 501 437 3696 625 1029 1004 211 607 187 250 560 146 271 54 3425 258 86
is_linear=0
shrinkage=0.05


Tree=118
num_leaves=23
num_cat=0
split_feature=2 13 8 5 3 6 5 9 6 47 39 42 57 57 36 36 57 46 35 6 5 5
split_gain=2.783 1.87409 1.55769 1.19395 1.08254 0.973573 0.923842 0.779135 0.561489 0.365733 0.349954 0.344568 0.275154 0.258506 0.200835 0.177115 0.208172 0.133243 0.120996 0.102705 0.0611511 0.00948713
threshold=0.4083333313465119 1.0000000180025095e-35 0.240384615957737 0.11215933039784433 0.58195385336875927 6.8764495849609384 0.44504831731319433 7.5000000000000009 6.4953796863555917 0.77500000596046459 6.6069514751434335 0.14039409160614016 0.065070353448390975 0.063372347503900542 0.29061582684516912 0.48528139293193823 0.04538575932383538 0.81666666269302379 0.91139987111091625 6.071730613708497 0.69309264421463024 0.41206791996955877
decision_type=2 2 2 2 2 2 2 2 2 2 2 2 2 2 2 2 2 2 2 2 2 2
left_child=1 4 3 11 8 10 12 14 9 18 20 17 -5 -13 -4 -7 -17 -3 -1 -2 -6 -12
right_child=19 2 7 6 5 15 -8 -9 -10 -11 21 13 -14 -15 -16 16 -18 -19 -20 -21 -22 -23
leaf_value=-0.024611351732344983 0 -0.014697809907731153 0 -0.036866808406620787 -0.04400270677548275 0.014792924905728805 0.01441438157750962 -0.012802305538586132 0.027545981807743959 0.0098264262347144415 -0.0017758008224920973 0.031914816382581083 0.0021345030493320327 0 0.032921244380030204 -0.017746763800730439 0.0081139516090577863 0.0065551644399572135 0.00040165537431543748 0.035405264479828454 0 0.0040914086897789262
leaf_weight=1.1257530450820961 0.17344018747098644 0.53348371782340143 0.2188961210194974 3.0724304594914438 4.5424295312259346 0.50536651303991664 0.50981420511379827 0.47549175674794231 0.62015191139653314 0.6453052318538538 0.17129893891978998 1.1023270594887433 0.12614905834197987 0.52152613503858436 4.7613270075526088 0.74382394342683233 0.30677202832885087 0.22931423224508762 0.10422072187066067 4.392123038880527 0.09591733501292754 0.19621356367133558
leaf_count=496 15 163 24 2118 2414 13 21 243 16 34 82 45 1 22 403 29 48 3 5 935 16 30
internal_value=0.00260842 -0.00541301 0.00745768 -0.00885386 -0.0214337 -0.0310092 -0.0246306 0.0250039 0.00398292 -0.00894058 -0.0401958 0.0142182 -0.0339957 0.0238705 0.0309868 0.000752995 -0.00748277 -0.0053781 -0.02102 0.0341809 -0.043315 0
internal_weight=25.1736 20.608 11.5508 6.09504 9.05725 6.56182 3.70839 5.45571 2.49543 1.87528 5.00586 2.38665 3.19858 1.62385 4.98022 1.55596 1.0506 0.762798 1.22997 4.56556 4.63835 0.367513
internal_count=7176 6226 3043 2373 3183 2632 2140 670 551 535 2542 233 2119 67 427 90 77 166 501 950 2430 112
is_linear=0
shrinkage=0.05


Tree=119
num_leaves=25
num_cat=0
split_feature=49 34 31 40 9 58 35 8 2 8 2 26 8 9 35 36 48 5 2 40 36 48 57 36
split_gain=2.69014 1.6265 1.30257 0.859875 0.799192 0.791848 0.704127 0.63729 0.466956 0.386018 0.298538 0.267048 0.432104 0.262804 0.259468 0.215546 0.114507 0.089782 0.0766102 0.0730768 0.0567679 0.0547948 0.0399981 0.0181234
threshold=0.26785714924335485 0.47222222387790685 1.0000000180025095e-35 2.8194408416748051 7.5000000000000009 1.0000000180025095e-35 0.8514743745326997 0.240384615957737 0.4083333313465119 0.82085561752319347 0.10435571894049646 1.0000000180025095e-35 0.18465909361839297 5.5000000000000009 0.39494477212429052 0.87367022037506115 1.0000000180025095e-35 0.16601049900054934 0.17752101272344592 6.0383479595184335 0.2788888961076737 1.5000000000000002 0.063305098563432707 0.26876173913478857
decision_type=2 2 2 2 2 2 2 2 2 2 2 2 2 2 2 2 2 2 2 2 2 2 2 2
left_child=1 2 5 18 10 7 8 -1 -4 20 -2 16 17 -12 -9 -16 -5 -13 -3 22 23 -14 -8 -7
right_child=4 3 6 11 -6 9 19 14 -10 -11 13 12 21 -15 15 -17 -18 -19 -20 -21 -22 -23 -24 -25
leaf_value=-0.016166387629481787 0 -0.020767970359445501 -0.04303294426699722 0 -0.012219325697579291 -0.0052509716558462784 -0.010266152267650397 -0.0035833973731799126 0.0034736565003789599 0.007914152023996519 0.041705294417851896 0.00018801954367327463 0.020736983216456853 0.0045956316541283593 0.029883304810830159 0 0.03166840587125451 -0.019186578949377388 0 0.0094841368777669969 -0.029616050859762516 0 0.0006384620523468389 0.0031760436258737724
leaf_weight=0.62316692055902079 0.77416580356657405 0.85360429395222936 4.5114684443105944 0.50310383876785669 0.44631350459530938 0.22164198028622273 0.40520784573163815 0.34925996325910125 0.22602024045772839 0.31379154138267029 4.187380236806348 0.16915954946307499 0.91407012345734961 1.1749252593144772 2.3911709420499396 0.58217013906687487 2.5210468769655563 0.70884428778663278 0.098031683883164078 0.4922002584207803 1.6402664692141113 0.2107735532335937 0.15009575989097357 0.15239220601506531
leaf_count=433 24 549 3500 92 42 52 162 28 10 18 971 22 118 30 191 46 163 100 13 42 549 6 9 6
internal_value=0.00261619 -0.00731107 -0.0175839 0.0122433 0.0278541 -0.000298416 -0.0327864 0.0118042 -0.039724 -0.0196964 0.0327732 0.0207213 0.00186989 0.0363605 0.0207333 0.025031 0.0283966 -0.0146789 -0.0176496 0.000224882 -0.026855 0.0179693 -0.00558848 0
internal_weight=24.6203 18.0375 12.0589 5.97863 6.58278 6.27386 5.78499 3.94577 4.73749 2.32809 6.13647 5.027 2.00285 5.36231 3.3226 2.97334 3.02415 0.878004 0.951636 1.0475 2.0143 1.12484 0.555304 0.374034
internal_count=7176 6109 5046 1063 1067 1323 3723 698 3510 625 1025 501 246 1001 265 237 255 122 562 213 607 124 171 58
is_linear=0
shrinkage=0.05


Tree=120
num_leaves=29
num_cat=0
split_feature=49 3 6 36 57 42 35 57 8 6 5 5 57 57 46 5 3 31 8 29 3 36 36 47 57 57 8 47
split_gain=2.5329 1.54691 1.9762 0.7398 0.653173 0.410883 0.868253 0.534786 0.397939 0.352886 0.350673 0.329221 0.222134 0.399867 0.191968 0.18421 0.118464 0.111598 0.0532385 0.0305261 0.0289331 0.0262633 0.106984 0.0527197 0.014583 0.0157383 0.0103049 0.00694734
threshold=0.18333333730697635 0.57669684290885936 6.7326085567474374 0.93405798077583324 0.015038444194942715 0.22086720913648608 0.42550456523895269 0.046804908663034446 0.240384615957737 4.3822062015533456 0.70381036400794994 0.78474903106689464 0.031269090250134475 0.04451007395982743 0.86607143282890331 0.184412956237793 0.74891304969787609 4.5000000000000009 0.48333333432674414 3.5833333730697636 0.79908257722854625 0.88603895902633678 0.97467949986457836 0.63333335518836986 0.013986697886139156 0.032154673710465438 0.63392856717109691 0.77500000596046459
decision_type=2 2 2 2 2 2 2 2 2 2 2 2 2 2 2 2 2 2 2 2 2 2 2 2 2 2 2 2
left_child=1 5 3 11 18 6 24 17 -6 -5 12 14 -4 16 26 21 -14 -8 -2 -9 -11 23 -23 -7 -1 -26 -3 -17
right_child=4 2 10 9 8 15 7 19 -10 20 -12 -13 13 -15 -16 27 -18 -19 -20 -21 -22 22 -24 -25 25 -27 -28 -29
leaf_value=0.031469166579467273 -0.010997814493828594 -0.043380293001829634 0.012632750374534086 -0.017177639691430914 0 0.0027183755501795893 -0.029444907016707836 0 0.037822999951422 0 0.024917871011493484 0.0021503104143585244 0 0.012340571781261868 -0.00021201191707398502 -0.0038136109652276437 -0.025604401797494347 0 0.0012828789506642881 0.0102054831884057 0.016204780978924652 -0.0039659930065776309 0.013939735549278362 0.038909225575233297 -0.0017621767842166776 0.0054351863062517877 0 0.00014432635816292002
leaf_weight=0.46492345631123244 0.39715015841647883 5.1958918118616548 0.71823792729992497 0.64891431346768491 0.89479824621230353 0.62908744340529732 1.626148112700321 0.51492481166496851 4.6771633214084432 0.13179216888966039 1.048073729034513 0.14533156715333451 0.49058753298595581 0.45327075500972558 0.52969170035794366 0.19249055837281037 1.0703581322450189 0.072015546262264141 0.47592079173773527 0.6491553564555943 0.78221050021238625 0.53489197348244466 0.491061897482723 0.6602420947747305 0.13909600942861289 0.21215198934078217 0.067362434696406015 0.20975981396622956
leaf_count=2 35 3890 40 454 31 31 999 18 993 53 157 11 16 82 17 26 42 1 16 24 92 14 29 29 46 3 8 17
internal_value=0.0025423 -0.00717845 -0.0179177 -0.0315961 0.0272593 0.0109498 0 -0.0139941 0.0329306 0 0.00910864 -0.0385974 -0.000666996 -0.00968597 -0.0405218 0.0226902 -0.0203557 -0.0272114 -0.00452314 0.00664118 0.0143778 0.0267624 0.0047867 0.0323358 0.0279054 0 -0.0430987 0
internal_weight=24.1227 17.6777 11.2817 7.50119 6.44503 6.39595 3.67842 2.86224 5.57196 1.56292 3.78053 5.93828 2.73245 2.01422 5.79295 2.71753 1.56095 1.69816 0.873071 1.16408 0.914003 2.31528 1.02595 1.28933 0.816171 0.351248 5.26325 0.40225
internal_count=7176 6101 4862 4525 1075 1239 1093 1042 1024 599 337 3926 180 140 3915 146 58 1000 51 42 145 103 43 60 51 49 3898 43
is_linear=0
shrinkage=0.05


Tree=121
num_leaves=30
num_cat=0
split_feature=2 12 8 4 4 6 9 37 6 53 34 47 39 57 37 37 57 57 31 6 38 40 38 29 20 8 53 37 47
split_gain=2.41567 1.6712 1.31457 1.0457 0.991526 0.904644 0.703825 0.551373 0.512315 0.422148 0.332722 0.327645 0.323754 0.289892 0.180703 0.160724 0.186078 0.146592 0.0957004 0.0902929 0.0883302 0.0469743 0.0428686 0.0417826 0.0313764 0.0240888 0.019803 0.018876 0.0055782
threshold=0.4083333313465119 1.0000000180025095e-35 0.240384615957737 1.0000000180025095e-35 0.58195385336875927 6.8764495849609384 7.5000000000000009 0.41763564944267279 6.4953796863555917 7.0446858406066903 0.41428571939468389 0.77500000596046459 6.6069514751434335 0.065070353448390975 0.23582887649536136 0.48528139293193823 0.04538575932383538 0.045468308031558997 2.5000000000000004 6.4953796863555917 0.86285266280174266 7.0598793029785165 0.89237451553344738 11.416666507720949 1.0000000180025095e-35 0.63392856717109691 7.5028312206268319 0.32037734985351568 0.86607143282890331
decision_type=2 2 2 2 2 2 2 2 2 2 2 2 2 2 2 2 2 2 2 2 2 2 2 2 2 2 2 2 2
left_child=1 2 3 9 8 12 14 17 11 10 21 20 22 26 -4 -7 -17 -5 -12 25 -3 27 -6 -21 -16 -2 -9 -1 -14
right_child=19 4 6 7 5 15 -8 13 -10 -11 18 -13 28 -15 24 16 -18 -19 -20 23 -22 -23 -24 -25 -26 -27 -28 -29 -30
leaf_value=0 -0.0014515008303236342 -0.023100583766618783 0 -0.0065682977950145818 -0.0428514542234531 0.014285549334025897 -0.012245803166286574 -0.034763712015001662 0.026540684934509437 -0.012140649622137283 0.039848924638783319 0.0092168032228807754 -0.00091230420712699759 0.003108600922179031 0.010199546916127266 -0.01695653087232387 0.007597038151937587 0.015815270810160997 0.0013034816915302181 0.03655168322465624 0 0.004595524555565003 0 0 0.037410569045868168 0.0068200381123364913 0 -0.010156616734925074 0.0033222625312464985
leaf_weight=0.088267120416280043 0.30273070884868403 1.0775138960452753 0.18920071038883168 0.26544585044030133 4.2412015281734057 0.48977823671884813 0.45392490702215571 2.6777421686565512 0.60498128156177688 0.26562577893491823 0.64819718105718471 0.61453784810146306 0.17030601575970639 0.14983586128801096 1.7624891836312597 0.70542376406956464 0.29129546578042209 0.48086145462002605 0.57374837226234376 3.5171816833317284 0.080490934662520774 0.16414956748485565 0.037234349467325845 0.08179890178143967 2.7877461857860908 0.28240718017332256 0.080822170479223021 0.36845115234609693 0.17522486764937639
leaf_count=7 29 498 19 234 2419 13 243 1918 16 9 13 34 87 3 117 29 48 12 43 887 3 1 11 4 291 30 46 87 25
internal_value=0.00265326 -0.00497248 0.00742299 -0.00795934 -0.0205958 -0.0301134 0.0238293 -0.0225244 0.00405834 0.014803 0.0233501 -0.0086167 -0.0393484 -0.0306911 0.0296872 0.000874423 -0.00706562 0.00578844 0.0327327 0.0331794 -0.0202831 -0.000833103 -0.0424616 0.0359103 0.0315082 0.00117034 -0.0341959 -0.00803191 0
internal_weight=23.6286 19.4445 10.9565 5.76315 8.48799 6.11046 5.19336 3.65471 2.37752 2.10844 1.84281 1.77254 4.62397 2.9084 4.73944 1.4865 0.996719 0.746307 1.22195 4.18412 1.158 0.620868 4.27844 3.59898 4.55024 0.585138 2.75856 0.456718 0.345531
internal_count=7176 6226 3043 2373 3183 2632 670 2213 551 160 151 535 2542 1967 427 90 77 246 56 950 501 95 2430 891 408 59 1964 94 112
is_linear=0
shrinkage=0.05


Tree=122
num_leaves=28
num_cat=0
split_feature=2 42 35 9 39 39 35 37 58 6 5 2 5 5 42 46 57 31 37 37 6 8 29 53 26 5 34
split_gain=2.27453 1.60992 1.47846 0.779183 0.658073 1.6217 0.616973 0.577995 0.389755 0.357579 0.246193 0.237982 0.189564 0.159947 0.136751 0.121319 0.141891 0.117419 0.103797 0.103785 0.0868665 0.0610427 0.0371418 0.0335075 0.026863 0.0196512 3.12053e-09
threshold=0.4083333313465119 0.048809524625539787 0.45421318709850317 4.5000000000000009 6.2203564643859872 4.7845165729522714 0.3985219299793244 0.96824595332145702 1.0000000180025095e-35 5.3610379695892343 0.680425524711609 0.19523809850215915 0.680425524711609 0.50781443715095531 0.20991431921720508 0.86607143282890331 0.062834918498992934 6.5000000000000009 0.41277891397476202 0.26876173913478857 6.071730613708497 0.63392856717109691 11.416666507720949 7.2474184036254892 1.0000000180025095e-35 0.37155500054359442 0.32051283121109014
decision_type=2 2 2 2 2 2 2 2 2 2 2 2 2 2 2 2 2 2 2 2 2 2 2 2 2 2 2
left_child=1 2 6 9 5 14 21 11 -8 15 13 18 -5 25 -3 16 -4 19 26 -6 -2 -1 23 -22 -9 -11 -7
right_child=20 4 3 12 17 7 8 24 -10 10 -12 -13 -14 -15 -16 -17 -18 -19 -20 -21 22 -23 -24 -25 -26 -27 -28
leaf_value=-0.016118487920964233 0 0 -0.026775957916157563 -0.040114159919405486 0 0 0.030887848412603381 0.010640115159055477 -0.0065623815700863817 0.0031458499445399858 -0.010702316821329494 0.0019365743107586512 0 0.022703364576113477 0.038442842610619629 0 0.00049681720756767018 0 -0.035401137704618189 0.0294960636487289 0.035192635470432235 0 0 0 0 -0.004791854158825889 2.6458117902655774e-06
leaf_weight=0.76325898547657489 0.16518943477421899 0.30040396854746976 1.2951672681956532 4.4266739191953093 0.086678382416722211 0.094755067199004173 1.7511538101825865 0.43457036127801985 0.26331509609008197 0.46878867736086272 0.52877004118636239 0.14322580071166147 0.14720083348220203 0.79662198922596872 0.90536463120952249 0.30423014797270287 0.12484326376579691 0.17567955539561797 2.0171684872475453 2.919337849249132 3.6902016543317595 0.11982747132424265 0.08179890178143967 0.12774698669090856 0.37185132404556487 0.50650791882071644 0.11442556011024863
leaf_count=148 15 108 492 3963 7 66 102 32 106 36 17 29 15 18 60 6 3 8 529 385 907 10 4 24 43 36 7
internal_value=0.0027204 -0.00473498 -0.0161561 -0.0260026 0.0119004 -0.000444383 0.0109561 -0.0194596 0.0237809 -0.00597913 0.00509882 -0.0294935 -0.0384919 0.0137778 0.0334902 -0.0190417 -0.0230976 0.0261379 -0.0330387 0.0280433 0.0326977 -0.0127371 0.0339044 0.0344717 0.00726157 0 0
internal_weight=23.1248 19.0598 11.4964 8.5988 7.56346 4.38177 2.89756 3.176 2.01447 4.02493 2.30069 2.36957 4.57387 1.77192 1.20577 1.72424 1.42001 3.1817 2.22635 3.00602 4.06494 0.883086 3.89975 3.81795 0.806422 0.975297 0.209181
internal_count=7176 6226 4952 4586 1274 874 366 706 208 608 107 631 3978 90 168 501 495 400 602 392 950 158 935 931 75 72 73
is_linear=0
shrinkage=0.05


Tree=123
num_leaves=27
num_cat=0
split_feature=49 3 6 9 36 42 6 34 6 42 36 8 8 8 46 58 38 39 36 42 3 36 34 38 36 38
split_gain=2.19763 1.45246 1.75269 0.695608 0.661907 0.357172 0.706295 0.476967 0.304475 0.274457 0.345429 0.255226 0.244297 0.216735 0.177172 0.144003 0.132142 0.258114 0.180231 0.111316 0.0282663 0.0258076 0.0257797 0.0227869 0.00567771 0.00047799
threshold=0.26785714924335485 0.57669684290885936 6.7326085567474374 7.5000000000000009 0.93405798077583324 0.22086720913648608 4.1066589355468759 0.63068181276321422 4.3822062015533456 0.018693221732974056 0.31180556118488317 0.63392856717109691 0.240384615957737 0.70714285969734203 0.86607143282890331 1.0000000180025095e-35 0.37617924809455877 6.2203564643859872 0.96824595332145702 0.61200717091560375 0.79908257722854625 0.73942822217941295 0.58571431040763866 0.070197045803070082 0.94028520584106456 0.35043859481811529
decision_type=2 2 2 2 2 2 2 2 2 2 2 2 2 2 2 2 2 2 2 2 2 2 2 2 2 2
left_child=1 5 4 12 11 6 7 -1 -6 10 -4 14 -2 25 19 21 -7 18 22 -3 -10 -8 -18 -14 -17 -12
right_child=3 2 9 -5 8 16 15 -9 20 -11 13 -13 23 -15 -16 24 17 -19 -20 -21 -22 -23 -24 -25 -26 -27
leaf_value=-0.027924653004955419 0 -0.042905483181611248 0.01656309818965199 -0.011272048584015457 -0.016219866773565995 0.036423496559339484 0 0.008584008393625572 0 0.022725344124518786 -0.020455786576139275 0 0.0014826714214917266 0.0058012263564520133 0 -0.0034973157933642185 -0.018202257125327709 0.018994989701006222 0.0079682475815158488 0 0.015333429630330755 0.02627252849435531 0 0.03674122176951114 0 0
leaf_weight=1.4308071577688743 0.81180148385465045 4.729960441705769 0.70641259197145778 0.41228459915146221 0.60455127991735913 0.48954511847114224 0.29307915916433536 0.56132431852165598 0.12982133007608354 0.97397764516063023 1.1292928268667308 0.17821110947988916 0.43856704980134953 0.41535620531067241 0.5114431611727922 0.1799531650613061 0.49242317094467603 1.0098443777533246 0.35578702064231038 0.060313997790217289 0.74264623352792114 0.98753889929503202 0.28097354143392295 4.2895099276211113 0.079070415813475847 0.37242265930399288
leaf_count=899 25 3887 8 42 454 18 38 18 55 199 65 17 28 40 17 64 41 63 11 7 92 73 13 972 5 25
internal_value=0.00272039 -0.00651952 -0.0173692 0.0265924 -0.0307711 0.0112005 0 -0.0165357 0 0.00851627 -0.000194867 -0.0376571 0.0314676 -0.0116451 -0.0394893 0.0193164 0.0222179 0.00680623 -0.00554767 -0.0421146 0.0134564 0.0239427 -0.015572 0.0351734 -0.000434777 -0.0188592
internal_weight=22.6669 16.7148 10.5544 5.95216 6.95695 6.16035 3.53177 1.99213 1.47702 3.59746 2.62348 5.47993 5.53988 1.91707 5.30172 1.53964 2.62857 2.13903 1.12918 4.79027 0.872468 1.28062 0.773397 4.72808 0.259024 1.50172
internal_count=7176 6109 4866 1067 4529 1243 1097 917 601 337 138 3928 1025 130 3911 180 146 128 65 3894 147 111 54 1000 69 90
is_linear=0
shrinkage=0.05


Tree=124
num_leaves=34
num_cat=0
split_feature=8 39 3 38 6 35 36 58 40 29 47 36 38 35 3 29 35 6 31 36 36 46 36 36 36 45 8 6 3 57 35 57 35
split_gain=2.0722 1.56379 1.17728 1.28157 0.933611 0.491514 0.490588 0.455364 0.599655 0.380219 0.318053 0.317821 0.290827 0.267292 0.17495 0.158546 0.140863 0.135897 0.123411 0.103177 0.0979046 0.0496108 0.0345919 0.0619636 0.153465 0.0309832 0.0272022 0.0222726 0.0152153 0.0136589 0.0114889 0.00637801 0.00475122
threshold=0.63392856717109691 6.2203564643859872 0.72776681184768688 0.4695423692464829 6.7326085567474374 0.73128581047058117 0.93405798077583324 1.0000000180025095e-35 3.838558673858643 17.166666984558109 0.81666666269302379 0.48528139293193823 0.053342817351222045 0.65588659048080455 0.96580946445465099 4.8333332538604745 0.94883266091346752 5.2347426414489755 6.5000000000000009 0.30368906259536749 0.26876173913478857 0.84523808956146251 0.88047617673873912 0.72613638639450084 0.51887464523315441 16.410906791687015 0.59166666865348827 6.7326085567474374 0.85786435008049022 0.014815627597272398 0.89848890900611889 0.046144818887114532 0.40094001591205602
decision_type=2 2 2 2 2 2 2 2 2 2 2 2 2 2 2 2 2 2 2 2 2 2 2 2 2 2 2 2 2 2 2 2 2
left_child=1 2 3 7 6 21 25 8 9 12 16 -6 -1 -13 26 -10 -5 -2 20 -14 -7 27 23 24 -21 -4 -8 -3 -15 -19 32 -22 -24
right_child=17 5 4 10 11 18 14 -9 15 -11 -12 13 19 28 -16 -17 -18 29 -20 22 31 -23 30 -25 -26 -27 -28 -29 -30 -31 -32 -33 -34
leaf_value=-0.0019377478521571242 0 -0.013341278729955726 -0.042009982623426284 -0.031437670839830865 0.015226504031199628 0 -0.014810000484495815 -0.010833312207580395 0.0073411796845609494 -0.0045071871849404537 0.0028508922989231495 -0.02144595016868282 0 0 0.01022513453695718 -0.015466060439890265 0 0 0 0.017260956886251028 0 0.00088199522704103116 0.00072271294645445358 0.051200742788491072 -0.0052719547680044575 0 0 0 0.0079813432505866661 0.034982716079501659 0.0057829703468855256 0.030658207205195982 -0.0031041208500104736
leaf_weight=0.13818882498890772 0.11411824834067319 0.49036744720069636 3.9688493891735561 1.7142085346276874 1.0229232565034183 0.088442020583898606 0.57987165858503409 0.39460584928747255 0.29894803627394129 0.20681744650937606 0.50314778648316849 1.0418343782657755 0.047287080611568277 0.15749999391846348 0.52156700706109405 0.58574357989709824 0.086383774410933145 0.081522332038730716 0.17426993837580074 0.78387489519082076 0.12858466786565292 0.11455440917052329 0.12234670342877496 1.3215979040833188 0.2440592406783253 0.031172875314950832 0.04242158611305058 0.038673575269058347 0.45544623560272157 3.4070362425409257 0.19050945155322552 2.9594212665688246 0.17189085442805663
leaf_count=11 31 361 2764 725 28 6 330 200 20 143 26 53 32 18 62 516 4 10 8 77 57 6 5 95 130 9 7 4 58 870 2 414 94
internal_value=0.00279703 -0.00417955 -0.0119772 0.00263071 -0.0241184 0.0200612 -0.0348585 0.0176259 0.0229207 0.0312649 -0.0216424 0 0.0354705 -0.0110737 -0.000325687 -0.00530028 -0.0288461 0.0330233 0.0269175 0.0385896 0.0287865 -0.00725156 0.0396837 0.0427225 0.00948392 -0.0416935 -0.0131027 -0.0117078 0.00582224 0.0345537 0.00273321 0.0301075 0
internal_weight=22.2282 18.6255 14.6312 6.80961 7.82159 3.99431 5.14388 4.50587 4.11126 3.22657 2.30374 2.6777 3.01975 1.65478 1.14386 0.884692 1.80059 3.60268 3.35072 2.88157 3.17645 0.643595 2.83428 2.34953 1.02793 4.00002 0.622293 0.529041 0.612946 3.48856 0.484747 3.08801 0.294238
internal_count=7176 6265 5409 2080 3329 856 3172 1325 1125 589 755 157 446 129 399 536 729 911 485 435 477 371 403 302 207 2773 337 365 76 880 101 471 99
is_linear=0
shrinkage=0.05


Tree=125
num_leaves=33
num_cat=0
split_feature=5 42 35 45 8 35 40 35 36 36 8 56 29 6 3 40 45 5 8 3 46 3 3 48 56 5 34 3 36 36 3 3
split_gain=1.98604 1.38894 1.37218 0.926752 0.52934 0.511577 0.496937 0.698573 0.658937 0.256133 0.297236 0.321519 0.186384 0.178169 0.121901 0.104597 0.103675 0.0970448 0.0937796 0.0568352 0.0540682 0.043778 0.0428201 0.0309742 0.0349264 0.0263514 0.0196928 0.0125754 0.012053 0.00791965 0.000997165 0.000870458
threshold=0.70381036400794994 0.20991431921720508 0.43191786110401159 11.12900495529175 0.27922078967094427 0.39164614677429205 2.901002168655396 0.89848890900611889 0.4803846031427384 0.39504285156726843 0.29285715520381933 2.5000000000000004 2.5833333730697636 6.8764495849609384 0.96899038553237926 3.6871370077133183 29.148195266723636 0.43513323366642004 0.78174602985382091 0.22926223278045657 0.77500000596046459 0.69320130348205578 0.67474776506423961 1.5000000000000002 3.5000000000000004 0.35149985551834112 0.58571431040763866 0.74535605311393749 0.77032968401908886 0.9569842815399171 0.80537518858909618 0.73706510663032543
decision_type=2 2 2 2 2 2 2 2 2 2 2 2 2 2 2 2 2 2 2 2 2 2 2 2 2 2 2 2 2 2 2 2
left_child=1 2 5 4 -4 18 -3 8 -8 13 -11 14 -10 -6 19 30 23 26 31 -12 29 -7 -13 24 -17 -16 -14 -23 -29 -5 -9 -1
right_child=-2 6 3 20 9 21 7 15 12 10 11 22 17 -15 25 16 -18 -19 -20 -21 -22 27 -24 -25 -26 -27 -28 28 -30 -31 -32 -33
leaf_value=0 0.0344053908316155 0.036419077021822358 -0.039457567003812068 -0.003796813595700737 -0.0076318526975479809 0.029435665934522643 0.013379167584380456 0 0.0011692374646603749 0.0078697670810825657 0 0.008907484171240437 -0.034208241458068403 0.016412158349308106 0.0048740010338841058 0 0 0 0.0029897969448689716 -0.030895436013887868 0.014039436563009678 -0.00026137029134166447 -0.0024540941325154816 0 0.02693884182397896 -0.005492961342776579 0 0 0.0068078729568052266 0.0012476402020271896 -0.0013916603197546009 -0.015645363401146448
leaf_weight=0.14880129275844156 3.1069057844579211 0.93712848058203135 4.0229892627103236 0.25193579512415343 0.33917713869595889 1.248948286520317 0.70531996811041642 0.15236315852962468 0.11990359053015698 0.31315350771183181 0.06197650800459209 0.37205164850456629 1.2407577652484176 0.5938256373628974 0.21419353660894547 0.22532480792142506 0.16189088206738222 0.067582200979813822 0.16268167505040765 2.2589249082957394 0.8725336148054339 0.10105614701751608 0.30324766412377357 0.19188643060624588 1.7629534002626315 0.22741486597806215 0.13994592783274118 0.17928440246032551 0.37624205311294645 0.12519552954472601 0.28718360862694681 0.53042762860422954
leaf_count=35 786 75 3943 79 99 71 109 23 4 51 3 26 365 9 14 12 14 11 10 674 94 17 28 17 290 73 11 55 47 8 34 89
internal_value=0.00274624 -0.00374064 -0.0130224 -0.021455 -0.0270955 0.0137733 0.0142706 0.00400237 -0.0126494 -0.0105242 -0.0159456 -0.0205262 -0.0269542 0.00565841 -0.0266085 0.0186806 0.021751 -0.0308514 -0.00897546 -0.0298986 0.010197 0.025175 0.0024015 0.024056 0.025333 0 -0.0328745 0.00117552 0.00465125 0 0 -0.0148927
internal_weight=21.8032 18.6963 12.7041 9.95662 8.70695 2.74744 5.99224 5.05511 2.27351 4.68397 3.75096 3.43781 1.56819 0.933003 2.76251 2.7816 2.34206 1.44829 0.841911 2.3209 1.24966 1.90553 0.675299 2.18016 1.98828 0.441608 1.3807 0.656583 0.555526 0.377131 0.439547 0.679229
internal_count=7176 6390 5425 5101 4920 324 965 890 500 977 869 818 391 108 764 390 333 387 134 677 181 190 54 319 302 87 376 119 102 87 57 124
is_linear=0
shrinkage=0.05


Tree=126
num_leaves=26
num_cat=0
split_feature=49 4 6 9 36 42 35 57 5 6 5 2 57 57 35 46 4 4 31 36 8 38 39 29 46
split_gain=1.91368 1.32691 1.56987 0.625629 0.599255 0.323749 0.67597 0.448323 0.281928 0.277627 0.277515 0.224443 0.199026 0.334825 0.189041 0.15705 0.113978 0.103464 0.0973114 0.089935 0.045299 0.0438053 0.0383242 0.0331257 0.0248196
threshold=0.26785714924335485 0.57669684290885936 6.7326085567474374 7.5000000000000009 0.93405798077583324 0.22086720913648608 0.42550456523895269 0.046804908663034446 0.78474903106689464 5.1758511066436776 0.70381036400794994 0.10435571894049646 0.031269090250134475 0.04451007395982743 0.38585758209228521 0.86607143282890331 0.26764950156211859 0.74891304969787609 4.5000000000000009 0.88603895902633678 0.70714285969734203 0.6209508776664735 7.0446858406066903 3.8333333730697636 0.77500000596046459
decision_type=2 2 2 2 2 2 2 2 2 2 2 2 2 2 2 2 2 2 2 2 2 2 2 2 2
left_child=1 5 4 11 8 6 -1 18 15 22 12 -2 -4 17 -13 20 19 -14 -8 -7 -3 -21 -6 -9 -18
right_child=3 2 10 -5 9 16 7 23 -10 -11 -12 14 13 -15 -16 -17 24 -19 -20 21 -22 -23 -24 -25 -26
leaf_value=0.025115433168137309 0 -0.041706810892607526 0.011963188280620402 -0.010523260912892466 -0.016759979020074391 0.031455394957978972 -0.027435387525011529 0 0.0015861040748546219 0.013882662992153891 0.022702413564135469 0 0 0.011005851354566292 0.036092654106797607 -7.8824869514360595e-05 -0.0048462490897752996 -0.024367227973915481 0 -0.0028655824955724461 0 0.0085147418556762184 0 0.010592370920727404 0.0051135921361258434
leaf_weight=0.79215325962286742 0.69903918216004868 4.4026394421816786 0.66842680936679322 0.38637394411489356 0.6318602794781325 1.1976142448838807 1.4399465756723659 0.5625662696547804 0.13258903217501927 0.72000255982857198 0.90781946224160481 0.23742745211347926 0.463826570427045 0.40451642195694137 4.2257341558579355 0.50086963456124056 0.3009358990821055 0.99734752089716494 0.068827487528324016 0.42818267596885551 0.022559547796845325 0.41368320304900408 0.067566331126727164 0.51350542984437197 0.20445479988120496
leaf_count=51 24 3896 40 42 507 47 1002 23 11 89 157 11 16 82 990 17 46 42 1 8 4 34 5 20 11
internal_value=0.00283362 -0.00597253 -0.0167345 0.0258125 -0.0299139 0.0111462 0 -0.0124925 -0.0367662 0 0.00809492 0.0306098 -0.000666353 -0.00953162 0.0340523 -0.0387357 0.0217006 -0.0194105 -0.0252008 0.0253568 -0.0413685 0.00159869 -0.0146065 0.00647344 0
internal_weight=21.3905 15.8419 9.92002 5.54857 6.47809 5.92187 3.377 2.58485 5.05866 1.41943 3.44194 5.1622 2.53412 1.86569 4.46316 4.92607 2.54487 1.46117 1.50877 2.03948 4.4252 0.841866 0.699427 1.07607 0.505391
internal_count=7176 6109 4866 1067 4529 1243 1097 1046 3928 601 337 1025 180 140 1001 3917 146 58 1003 89 3900 42 512 43 57
is_linear=0
shrinkage=0.05


Tree=127
num_leaves=26
num_cat=0
split_feature=2 12 9 3 6 8 5 5 6 45 58 39 29 45 57 34 36 57 8 5 46 42 9 5 5
split_gain=1.8185 1.40333 1.04021 0.842089 0.755799 0.735309 0.661845 0.610311 0.414687 0.299277 0.289377 0.270538 0.199989 0.215215 0.190781 0.170804 0.134228 0.15488 0.0813024 0.0466149 0.0293715 0.0251875 0.0189225 0.00946407 0.00403344
threshold=0.4083333313465119 1.0000000180025095e-35 9.5000000000000018 0.58195385336875927 6.8764495849609384 0.240384615957737 0.11215933039784433 0.44504831731319433 6.4953796863555917 10.161285400390627 1.0000000180025095e-35 6.6069514751434335 4.5833332538604745 10.700013637542726 0.065070353448390975 0.47222222387790685 0.48528139293193823 0.04538575932383538 0.61250001192092907 0.69309264421463024 0.26785714924335485 0.12613636255264285 3.5000000000000004 0.12778327614068988 0.41206791996955877
decision_type=2 2 2 2 2 2 2 2 2 2 2 2 2 2 2 2 2 2 2 2 2 2 2 2 2
left_child=1 2 5 8 11 6 12 14 9 -3 -7 19 13 -1 23 20 -6 -18 22 -5 -14 -11 -2 -8 -13
right_child=18 3 -4 4 16 10 7 -9 -10 21 -12 24 15 -15 -16 -17 17 -19 -20 -21 -22 -23 -24 -25 -26
leaf_value=-0.014714144684571197 0.0062161761009021221 -0.02075347406450331 -0.024089589007334912 -0.041352187327602562 0.013131641012039137 0.029668626495169451 0 0.013581098318091234 0.024336222636992158 0 -0.0040082882156671322 -0.00067899678226707465 0.0052590041203024202 0.012219589437125034 0.0014508356078560148 0.033143427454178927 -0.015887812974172088 0.0066644329232872978 0.034459334093398825 0 -0.0055776892273382223 0.010879060238806332 -0.00051249526760661435 -0.030851576280979766 0.0028633988884145083
leaf_weight=0.43817865406163603 0.31148734758607988 0.8643101044581265 1.1170212837751012 3.6023004444432454 0.45450458885170497 4.2031719031510875 0.041707281023264264 0.45602348167449225 0.5737168714404105 0.33847776538459584 0.19145128747913975 0.14527841476956371 0.27132765983697005 0.51798416906967759 0.11483257263898838 0.58218713098904118 0.650128313456662 0.26418563071638346 2.9037484839791432 0.081774156773462781 0.23004369169939309 0.40346922818571329 0.32980380475055426 1.7306325294775886 0.16545128298457712
leaf_count=15 81 486 1248 2414 13 427 33 15 16 18 53 82 24 28 1 21 29 48 839 16 54 31 30 1124 30
internal_value=0.0028859 -0.00398901 0.00781516 -0.0191597 -0.0285535 0.0144352 0 -0.0158848 0.00409159 -0.00778403 0.0268036 -0.0376415 0.0163343 0 -0.0269747 0.0250841 0.000552251 -0.00668221 0.031241 -0.040685 0 0.00769468 0.00150547 -0.0304789 0
internal_weight=20.9832 17.4382 9.89456 7.5436 5.36362 8.77754 4.38292 2.3432 2.17997 1.60626 4.39462 3.9948 2.03972 0.956163 1.88717 1.08356 1.36882 0.914314 3.54504 3.68407 0.501371 0.741947 0.641291 1.77234 0.31073
internal_count=7176 6226 3043 3183 2632 1795 1315 1173 551 535 480 2542 142 43 1158 99 90 77 950 2430 78 49 111 1157 112
is_linear=0
shrinkage=0.05


Tree=128
num_leaves=31
num_cat=0
split_feature=39 8 13 5 3 6 3 38 3 6 6 3 36 34 39 2 42 34 36 38 38 5 20 49 36 46 38 5 3 34
split_gain=1.72914 1.25076 1.13085 0.819993 0.872013 0.685135 0.508202 0.495872 0.35271 0.341547 0.236814 0.236051 0.217537 0.164677 0.160197 0.12523 0.120057 0.108241 0.106941 0.0906812 0.0828293 0.0634296 0.0370086 0.0352145 0.0278225 0.0269887 0.0213693 0.0116597 0.00666998 0.00132097
threshold=6.3950443267822275 0.61250001192092907 1.0000000180025095e-35 0.47726750373840338 0.31725417077541357 6.8764495849609384 0.57669684290885936 0.4695423692464829 0.57299312949180614 5.9423835277557382 4.1066589355468759 0.80086207389831554 0.86996778845787059 0.93750000000000011 5.677502155303956 0.4083333313465119 0.048809524625539787 0.63068181276321422 0.48528139293193823 0.35767590999603277 0.87652438879013073 0.40098039805889135 1.0000000180025095e-35 0.90000000596046459 0.40778534114360815 0.64583334326744091 0.6209508776664735 0.77194550633430492 0.62554347515106212 0.41428571939468389
decision_type=2 2 2 2 2 2 2 2 2 2 2 2 2 2 2 2 2 2 2 2 2 2 2 2 2 2 2 2 2 2
left_child=1 2 5 4 7 6 8 12 17 13 16 -5 24 -6 -9 28 -2 -1 -7 23 27 -20 -13 -11 -4 -26 29 -8 -3 -18
right_child=10 15 3 11 9 18 20 14 -10 19 -12 22 -14 -15 -16 -17 26 -19 21 -21 -22 -23 -24 -25 25 -27 -28 -29 -30 -31
leaf_value=-0.01967449586198133 -0.0074146749656529946 0.0028903321218844607 0.0060199619741309121 0.030969206973616631 -0.032639450845628193 0.013194263290610221 -0.041201693879302823 -0.018250767791558153 0.018890677743315237 -0.011090413625699029 0.035493850303594414 -0.0062029398551722639 0.036421339445235588 0 0.0051361184870059116 0.027544656614787222 -0.0011293410070216258 0.00046650861581664651 0.0031258553333086713 0.0095240272279693179 0 -0.010681995853397366 0.0055155819332198333 0 -0.0083542179809498931 0.00010117479101256875 0.013287432247681558 0 -0.0019893901554975564 0.0012205688746803039
leaf_weight=0.82306060963310812 0.28805714409099792 0.42224577558226828 0.26061162934638582 1.3789366136770698 2.114888222014998 0.45893815183080711 3.555235839303351 0.51402040367247526 0.25394454295746971 0.42248814285267122 2.7248632417758927 0.41755351569736388 0.62886508886003867 0.2466872646473347 0.3115386936115101 1.7266216276912016 0.18359804281499215 0.28157801972702146 0.27822053525596857 0.54097155533963814 0.088679954584222176 0.56166156136896461 0.24842251057270892 0.15254437178373337 0.30861682584509254 0.11037490097805858 0.81586678652092814 0.042677543824538478 0.21118590579135343 0.20342946401797235
leaf_count=441 229 50 22 51 2156 10 2378 65 12 100 826 51 33 5 20 349 37 10 18 44 17 31 53 7 71 6 45 6 19 14
internal_value=0.00289008 -0.00458292 -0.0107574 0.00185887 -0.00766458 -0.0248446 -0.0320954 0.0128264 -0.000670771 -0.0214119 0.0281681 0.0235693 0.0264652 -0.0294055 -0.00870737 0.0228583 0.00389805 -0.0143825 0.00285515 0 -0.0399949 -0.00417751 0 -0.00742899 0 -0.00410159 0.011013 -0.0409327 0 0
internal_weight=20.5764 16.3606 14.0005 7.65652 5.61161 6.344 5.04518 2.13403 1.35858 3.47758 4.21581 2.04491 1.30847 2.36158 0.825559 2.36005 1.49095 1.10464 1.29882 1.116 3.68659 0.839882 0.665976 0.575033 0.679603 0.418992 1.20289 3.59791 0.633432 0.387028
internal_count=7176 6025 5607 2684 2529 2923 2864 217 463 2312 1151 155 132 2161 85 418 325 451 59 151 2401 49 104 107 99 77 96 2384 69 51
is_linear=0
shrinkage=0.05


Tree=129
num_leaves=30
num_cat=0
split_feature=42 35 9 2 39 39 6 35 37 58 9 35 29 2 46 57 37 47 38 38 57 38 35 6 48 46 45 9 35
split_gain=1.64882 1.4102 1.19381 0.755065 0.654337 1.06548 0.516686 0.395065 0.375168 0.268215 0.218895 0.164841 0.184027 0.162671 0.0985116 0.115064 0.0925128 0.0883774 0.0674804 0.0485606 0.0422979 0.0318223 0.0314025 0.0230762 0.0211509 0.0111728 0.0019716 0.00104707 0.00023087
threshold=0.042572464793920524 0.44773148000240331 4.5000000000000009 0.19523809850215915 4.7845165729522714 6.2203564643859872 5.3610379695892343 0.39164614677429205 0.96824595332145702 1.0000000180025095e-35 9.5000000000000018 0.50933328270912182 10.583333492279055 0.43650794029235845 0.86607143282890331 0.062834918498992934 0.86512476205825817 0.86607143282890331 0.059714796021580703 0.39339827001094824 0.04538575932383538 0.87652438879013073 0.58217728137969982 6.6069514751434335 1.0000000180025095e-35 0.73214286565780651 16.749684333801273 4.5000000000000009 0.84032142162323009
decision_type=2 2 2 2 2 2 2 2 2 2 2 2 2 2 2 2 2 2 2 2 2 2 2 2 2 2 2 2 2
left_child=1 7 6 4 10 8 14 16 17 18 -2 -8 -13 20 15 -3 27 -6 -9 28 21 -4 -5 -11 26 -10 -21 -1 -7
right_child=3 2 13 22 5 19 11 9 25 23 -12 12 -14 -15 -16 -17 -18 -19 -20 24 -22 -23 -24 -25 -26 -27 -28 -29 -30
leaf_value=0 0.035973982495253125 -0.024711430426387127 -0.037941579934388049 0 -0.033718633909766323 -0.00072029256604788433 -0.0040251602079069276 0 0.005648066889481735 -0.0064056498944208978 -0.0010764522107037395 0.020706451773674226 -0.004193602827081225 0 0 0 0.0040495821710999557 0 0.032709028014223832 0.0019219152595951507 0 0 0.036221269273050825 0.0020261880921499131 0.022389831463889204 0 0 -0.013545794731414304 0
leaf_weight=0.11789138009772004 0.74234307007281852 1.1218921535182724 3.8931869063817435 0.061681687016971742 1.5698225765663667 0.11247514770366285 0.42956478544510934 0.24611333163920823 0.31877899519167829 0.30913598599727254 0.12367364979581907 2.1671142025734302 0.19395513384370122 0.081922530662268289 0.29241303633898486 0.11315185157582153 0.30569605773780495 0.40603999927407119 1.6127164349309167 0.33444397023413319 0.10063545394223172 0.055388520762789883 2.9359613999840803 0.15214723697863519 1.2638513992424121 0.29548689152579755 0.26908871135674417 0.45281147857895121 0.10071573406457901
leaf_count=11 63 494 3957 10 575 34 19 21 28 116 80 235 6 10 6 3 37 30 115 37 39 8 993 22 86 21 16 95 9
internal_value=0.00297885 -0.00873687 -0.0191564 0.0187298 0.00474162 -0.00361063 0 0.0156151 -0.022248 0.0242772 0.030262 0.0118235 0.0165342 -0.0354604 -0.0173612 -0.0212376 -0.00536887 -0.0301259 0.0303111 0.0176586 -0.0368562 -0.037515 0.0356665 -0.000719504 0.0194254 0.0029594 8.08909e-06 -0.0129634 0
internal_weight=20.1801 11.6457 8.44922 8.53436 5.53672 4.6707 4.31809 3.19651 2.59013 2.32011 0.866017 2.79063 2.36107 4.13113 1.52746 1.23504 0.876399 1.97586 1.85883 2.08057 4.04921 3.94858 2.99764 0.461283 1.86738 0.614266 0.603533 0.570703 0.213191
internal_count=7176 5194 4777 1982 979 836 763 417 654 274 143 260 241 4014 503 497 143 605 136 182 4004 3965 1003 138 139 49 53 106 43
is_linear=0
shrinkage=0.05


Tree=130
num_leaves=30
num_cat=0
split_feature=49 34 34 38 39 9 58 35 38 5 29 37 35 35 19 29 5 57 29 39 3 47 9 3 3 57 3 3 57
split_gain=1.62466 1.20415 0.933043 0.631727 0.795614 0.546483 0.542902 0.520623 0.265733 0.222161 0.201197 0.185481 0.184867 0.141778 0.10691 0.106787 0.104981 0.0920718 0.0854591 0.0657175 0.0550636 0.037226 0.03708 0.0365569 0.0348388 0.0280883 0.0152106 0.0127523 0.00899835
threshold=0.18333333730697635 0.47222222387790685 1.0000000180025095e-35 0.4695423692464829 6.2203564643859872 7.5000000000000009 1.0000000180025095e-35 0.8514743745326997 0.09175084158778192 0.52290210127830516 13.416666507720949 0.87367022037506115 0.38585758209228521 0.95719459652900707 1.0000000180025095e-35 3.1666666269302373 0.79008570313453685 0.016530054621398452 14.583333492279055 6.3950443267822275 0.42681647837162023 0.81666666269302379 4.5000000000000009 0.79502627253532421 0.94609123468399059 0.063305098563432707 0.96899038553237926 0.91413211822509777 0.015504807699471714
decision_type=2 2 2 2 2 2 2 2 2 2 2 2 2 2 2 2 2 2 2 2 2 2 2 2 2 2 2 2 2
left_child=1 2 6 -3 9 12 8 15 22 13 11 23 -2 21 -14 26 17 28 -16 25 -19 -5 -1 -10 -13 -9 -4 -25 -8
right_child=5 3 7 4 -6 -7 16 19 10 -11 -12 24 14 -15 18 -17 -18 20 -20 -21 -22 -23 -24 27 -26 -27 -28 -29 -30
leaf_value=0 0 0.034840417507526207 -0.0050909385688995652 -0.028035004500779715 0.020886025975926259 -0.0095605710785285677 -0.0027041013336968076 -0.0091784562637418268 0.0284989546030706 0.0055762438597113245 -0.0046730751722470106 -0.0073067652791587575 0 0 0.034608270438950268 -0.039151401058251281 0.00083147245731844991 0 0 0.0092373249454111971 -0.025676892143406634 0 -0.011302699682281498 -0.00092903723549477468 0.0039577711881310868 0 0.0022449477798290331 0.0047221415731019054 0.003379491926814155
leaf_weight=0.13971947180107447 0.25112640019506116 1.0705762949364714 0.24552026827586848 1.289359198883177 1.6459258371614849 0.35455287049990136 0.16241717324010085 0.35541310050757591 1.6065596156695403 0.23416710965102527 0.21305573754943896 0.2852433968510012 0.37141161691397417 0.29093319782987226 3.986974895815365 3.1983693776710425 0.11645603133365501 0.11001393781043578 0.11570012569427479 0.41019120765849948 1.2368262983800375 0.48204524687025685 0.436097442638129 0.14372355822706584 0.1797335643786937 0.12215828290209174 0.14003782061627135 0.39323693190817721 0.22547407960519195
leaf_count=14 12 147 63 587 250 46 173 172 169 42 192 57 17 13 998 3436 13 17 2 33 410 22 83 89 9 8 5 85 12
internal_value=0.00297242 -0.00539516 -0.0153753 0.0124636 0 0.0249596 0 -0.0298239 0.0107907 -0.0159136 0.0168544 0.0208061 0.0296406 -0.0210105 0.0316749 -0.0366833 -0.0172176 -0.0201186 0.0335962 0 -0.0238692 -0.0248128 -0.0075893 0.0253858 0 -0.00545479 0 0.000336053 0
internal_weight=19.813 14.7333 9.72025 5.01301 3.94243 5.07977 5.24856 4.47169 3.39737 2.2965 2.82155 2.6085 4.72521 2.06234 4.47409 3.58393 1.85119 1.73473 4.10268 0.887763 1.34684 1.7714 0.575817 2.14352 0.464977 0.477571 0.385558 0.53696 0.387891
internal_count=7176 6101 5040 1061 914 1075 1323 3717 698 664 601 409 1029 622 1017 3504 625 612 1000 213 427 609 97 343 66 180 68 174 185
is_linear=0
shrinkage=0.05


Tree=131
num_leaves=26
num_cat=0
split_feature=2 3 5 20 35 53 42 35 57 2 5 51 5 47 3 34 31 46 8 35 53 34 9 8 8
split_gain=1.53459 1.28684 1.70443 1.10914 0.369433 0.320608 0.355099 0.700085 0.416036 0.320077 0.233624 0.219594 0.174424 0.167806 0.115611 0.0821248 0.0804353 0.0706614 0.0574661 0.0520053 0.0517989 0.0312168 0.0144757 0.0079193 0.00776454
threshold=0.4083333313465119 0.57669684290885936 0.45495130121707922 1.0000000180025095e-35 0.87649399042129528 1.0000000180025095e-35 0.22086720913648608 0.43191786110401159 0.046804908663034446 0.075498577207326903 0.57032969594001781 0.30000000447034841 0.073350071907043471 0.58571431040763866 0.85786435008049022 0.73214286565780651 4.5000000000000009 0.30952382087707525 0.61250001192092907 0.49536527693271643 7.2474184036254892 0.63068181276321422 3.5000000000000004 0.63392856717109691 0.5634920895099641
decision_type=2 2 2 2 2 2 2 2 2 2 2 2 2 2 2 2 2 2 2 2 2 2 2 2 2
left_child=1 5 4 10 12 6 7 -1 16 -6 -4 -5 -3 17 -12 24 23 -8 22 -16 -20 -10 -2 -9 -14
right_child=18 2 3 11 9 -7 13 8 21 -11 14 -13 15 -15 19 -17 -18 -19 20 -21 -22 -23 -24 -25 -26
leaf_value=0.026305499751677498 0.0054963562609842767 0 -0.022700585598404731 0.033625951651462101 -0.018110602963584448 -0.010546683787470985 0.0089986898220767182 -0.025866136013206337 0 0.012398089768515594 0.011435419870075431 -0.00093023838590276385 -0.038630742360493492 0.033793133566386829 0.00070194271861566697 0 0 -0.0072415400645053337 0.033960193740470969 -0.012275794908395837 0 0.011723300189467711 -7.00163645991272e-07 0 0
leaf_weight=1.0396133068716218 0.28747684427071307 0.1025335587328281 1.1136613857233899 1.778085322875995 0.65852563001681097 0.39364071493037034 0.35518772213254157 1.2730057481967381 0.67785979754989945 0.70781905588228256 0.60689654084853806 0.1631227412726729 4.2252027242211625 1.6909909561509264 0.18357316526817158 0.038147199666127452 0.063732646405696758 0.2760367268929258 2.5164632115047429 0.3955009039491415 0.088801570236682781 0.38895923411473632 0.30480884097050875 0.11957484309095878 0.023178441042546072
leaf_count=63 81 21 355 259 118 73 16 936 35 71 31 13 3962 108 25 4 1 31 821 54 18 17 30 20 13
internal_value=0.00288723 -0.0035855 -0.0144187 0.00790482 -0.030343 0.0125866 0.0161672 0.00272191 -0.0102845 -0.00163256 -0.0123971 0.0296932 -0.0363915 0.0282617 0.000949443 -0.0378486 -0.0230044 0 0.0300288 -0.00715614 0.0329995 0.00738926 0.00130348 -0.0250468 -0.0384973
internal_weight=19.4724 16.2748 9.99625 4.24084 5.75541 6.2786 5.88496 3.56275 2.52313 1.36634 2.29963 1.94121 4.38906 2.32222 1.18597 4.28653 1.45631 0.631224 3.19755 0.579074 2.60526 1.06682 0.592286 1.39258 4.24838
internal_count=7176 6226 4926 737 4189 1300 1227 1072 1009 189 465 272 4000 155 110 3979 957 47 950 79 839 52 111 956 3975
is_linear=0
shrinkage=0.05


Tree=132
num_leaves=28
num_cat=0
split_feature=5 3 9 14 6 42 6 42 53 5 47 3 2 5 58 46 37 46 3 2 38 38 5 6 42 46 38
split_gain=1.46577 1.14977 0.947708 0.661178 1.27897 0.4443 0.334125 0.656909 0.310865 0.388546 0.309756 0.233863 0.183646 0.183644 0.179841 0.122788 0.0839053 0.0730061 0.0664623 0.0518821 0.0456655 0.0419766 0.034257 0.0341968 0.0317063 0.0206211 0.00239303
threshold=0.70381036400794994 0.57669684290885936 4.5000000000000009 1.0000000180025095e-35 3.9130500555038457 0.029857398010790352 3.877779603004456 0.048809524625539787 7.2474184036254892 0.16463142633438113 0.58571431040763866 0.74891304969787609 0.47213622927665716 0.36464461684226995 1.0000000180025095e-35 0.86607143282890331 0.20204082131385806 0.38750000298023229 0.68778669834136974 0.23904761672019961 0.075498577207326903 0.053342817351222045 0.61986863613128673 6.7326085567474374 0.14039409160614016 0.30952382087707525 0.063508063554763808
decision_type=2 2 2 2 2 2 2 2 2 2 2 2 2 2 2 2 2 2 2 2 2 2 2 2 2 2 2
left_child=1 6 3 4 -3 12 7 15 9 10 25 23 22 19 21 -1 -6 -13 -18 -7 -20 -8 -4 -5 -12 -9 -16
right_child=-2 2 5 11 16 13 14 8 -10 -11 24 17 -14 -15 26 -17 18 -19 20 -21 -22 -23 -24 -25 -26 -27 -28
leaf_value=-0.023655416282058691 0.032107035439657441 -0.022007312645827157 -0.037055476379792215 -0.001943846916403408 0 -0.014808231783860044 0 0.0016974904843853724 -0.0092425594129075753 -0.0075546886301051039 0 -0.027819920159514368 0 0.012738835512177651 0 0 0 0 0 0 0.032374651339933946 0.02910104754303244 0 0.0082539535515616397 0.037430571816141976 -0.0062388381809132159 -0.0022286175795245429
leaf_weight=1.0600814354256791 2.5749623278388745 0.89092269507818711 3.309673677664251 0.17719694145489473 0.060240280814469194 0.56018279190175213 0.059164168778807702 0.18064463464543346 0.2484168970840982 0.29913922227569845 0.32671048876363773 1.0972882664063943 0.094287938671186455 0.52019242517417297 0.093837754800915607 0.24347392469644535 0.18266624404350329 0.23566783237038169 0.096029961714521384 0.086307865101844072 2.4024590811750386 1.9649225102039052 0.26172309258254234 0.31430877977982163 1.2994801393942905 0.24807964428327978 0.20452988176839426
leaf_count=829 786 437 3323 32 3 596 5 20 14 76 9 72 5 59 10 3 33 68 9 9 365 175 37 36 66 29 70
internal_value=0.00291435 -0.00292417 -0.0129695 0.000968112 0.0130961 -0.0270328 0.012477 0.000931067 0.0149087 0.0209438 0.0278441 -0.0174952 -0.0339349 0 0.0242658 -0.0191618 0.0286737 -0.0248502 0.0298767 -0.0113584 0.031412 0.0282064 -0.0357178 0.00238682 0.0345914 -0.000547645 0
internal_weight=19.0926 16.5176 10.2891 5.45678 3.63232 4.83237 6.22848 3.90603 2.60247 2.35405 2.05491 1.82446 3.66568 1.16668 2.32245 1.30356 2.7414 1.33296 2.68116 0.646491 2.49849 2.02409 3.5714 0.491506 1.62619 0.428724 0.298368
internal_count=7176 6390 5084 1055 847 4029 1306 1046 214 200 124 208 3365 664 260 832 410 140 407 605 374 180 3360 68 75 49 80
is_linear=0
shrinkage=0.05


Tree=133
num_leaves=32
num_cat=0
split_feature=49 3 2 57 36 57 5 53 36 2 2 34 31 40 3 5 35 38 57 38 38 45 8 35 38 2 3 39 3 29 35
split_gain=1.43617 1.08318 1.15644 0.470606 0.417206 0.411392 0.40553 0.277847 0.251003 0.238322 0.220989 0.206905 0.546992 0.458605 0.239042 0.205068 0.159269 0.0882868 0.0823473 0.0529162 0.0398882 0.0354104 0.0262058 0.0183506 0.0526703 0.0117188 0.0105845 0.0118543 0.008193 0.000972605 0.000272039
threshold=0.18333333730697635 0.57669684290885936 0.21980676054954532 0.04451007395982743 0.39504285156726843 0.015038444194942715 0.48507130146026617 1.0000000180025095e-35 0.99137932062149059 0.10912698507308961 0.44722221791744238 0.41428571939468389 1.0000000180025095e-35 2.8194408416748051 0.3298212736845017 0.37155500054359442 0.92269384860992443 0.09175084158778192 0.063595164567232146 1.0000000180025095e-35 0.96457678079605114 6.032412290573121 0.48333333432674414 0.43191786110401159 0.3303030282258988 0.26491229236125952 0.94609123468399059 6.8764495849609384 0.46709956228733068 3.8333333730697636 0.37966401875019079
decision_type=2 2 2 2 2 2 2 2 2 2 2 2 2 2 2 2 2 2 2 2 2 2 2 2 2 2 2 2 2 2 2
left_child=1 7 6 4 25 22 8 11 20 -7 15 12 17 -13 -15 29 18 30 -14 -17 -3 -8 -2 -19 -25 -4 27 -10 -16 -6 -1
right_child=5 2 3 -5 10 9 21 -9 26 -11 -12 13 16 14 28 19 -18 23 -20 -21 -22 -23 -24 24 -26 -27 -28 -29 -30 -31 -32
leaf_value=0 -0.0078514154350105437 -0.039507725968626867 0.013846910013554502 0.022679650153838219 0.0018630762933170037 0 -0.0023731630910496376 -0.010358120337291186 -0.0060323224785579846 0.03353848330807107 0.0047864495369951375 -0.008332345709436929 -0.023329187221160327 0.035965188164609772 -0.0033764998026704126 0 0.0038100513083707426 0.026654979087613884 0 -0.028689082065440047 0 0.0082671036017938487 0.00017669585403406907 -0.0049478749273923085 0.0088124351699005905 0 0.0030401532444983333 0 0.0022634853526788076 0 -0.0007805597673950865
leaf_weight=0.082242669654081779 0.29774726973846455 3.4772070012986651 0.58622133830795098 0.99374514468945552 0.12168980389833484 0.66333920293254767 0.16232759493868787 0.38880238321144123 0.23732883497723367 3.3996677652467042 0.24158830847591151 0.30893928164732676 1.0368811295193152 1.6531866690493191 0.25739054978475895 0.084385769907385 0.15716883167624462 0.57379598030820467 0.12617088388651598 1.5739476793096399 0.017959332093596347 0.28064051363617182 0.38503489713184536 0.21661332622170448 0.31473041675053537 0.31781546556157991 0.19792407829663716 0.062025795632507652 0.19985519401961938 0.1978265042998828 0.11624202475650236
leaf_count=10 35 3829 48 258 1 31 92 73 121 993 22 131 713 83 21 6 2 11 4 373 1 16 16 100 23 24 20 5 35 46 33
internal_value=0.00280892 -0.00521145 -0.0158291 0.00249373 -0.00665858 0.0241069 -0.031087 0.0105904 -0.0354134 0.029322 -0.017187 0.0144796 0.0012465 0.0228071 0.0301864 -0.022256 -0.0149897 0.019229 -0.0204287 -0.0273344 -0.0391464 0.0019604 -0.00293824 0.0225713 0.000369823 0.0120144 0 -0.00344149 0 0.00105258 0
internal_weight=18.7304 13.9847 8.55263 4.11722 3.12347 4.74579 4.43541 5.43202 3.99245 4.06301 2.21944 5.04322 2.62385 2.41937 2.11043 1.97785 1.32022 1.30362 1.16305 1.65833 3.49517 0.442968 0.682782 1.10514 0.531344 0.904037 0.497279 0.299355 0.457246 0.319516 0.198485
internal_count=7176 6101 4862 778 520 1075 4084 1239 3976 1024 448 1166 896 270 139 426 719 177 717 379 3830 108 51 134 123 72 146 126 56 47 43
is_linear=0
shrinkage=0.05


Tree=134
num_leaves=28
num_cat=0
split_feature=39 8 12 5 3 57 38 35 57 36 2 38 9 36 39 31 35 38 2 36 57 2 5 2 35 2 38
split_gain=1.35198 0.965791 0.905652 0.657418 0.901357 0.484539 0.422127 0.273327 0.221725 0.215826 0.244604 0.228404 0.19925 0.177942 0.134238 0.124943 0.124615 0.112271 0.0942824 0.0843059 0.0518683 0.0516189 0.0496628 0.0466343 0.0362584 0.0124076 0.00785701
threshold=6.3950443267822275 0.63392856717109691 1.0000000180025095e-35 0.36464461684226995 0.31725417077541357 0.013793759513646366 0.4695423692464829 0.69501906633377086 0.062134975567460067 0.44543650746345526 0.4083333313465119 0.90399384498596203 7.5000000000000009 0.86996778845787059 5.677502155303956 6.5000000000000009 0.42550456523895269 0.14415584504604342 0.26201373338699346 0.26876173913478857 0.029978761449456218 0.26969698071479803 0.72564834356307995 0.21980676054954532 0.7910260558128358 0.22474747896194461 0.30471627414226538
decision_type=2 2 2 2 2 2 2 2 2 2 2 2 2 2 2 2 2 2 2 2 2 2 2 2 2 2 2
left_child=1 2 3 4 6 16 13 25 21 20 11 22 17 24 -8 19 -4 -5 -3 -9 23 -6 -11 -7 -1 -2 -22
right_child=7 18 5 12 8 9 14 15 -10 10 -12 -13 -14 -15 -16 -17 -18 -19 -20 -21 26 -23 -24 -25 -26 -27 -28
leaf_value=-0.0056894104247675542 -0.0054050760256003161 0 0.017104435736242478 0 -0.031352343404403862 -0.0017414656714197934 -0.016931765803724585 0 0 -0.036063156928548626 0 0.001000065327663686 -0.0037429904578006215 0.033608865307508159 0.004491251639898 0 -0.0044897478373419992 0.026975609788985229 0.025023280450640419 0.033126766793494432 -0.0091029503329761435 0 0 0.010357346308866797 0.0060225867119155438 0 0
leaf_weight=0.23477512114914334 0.23053320724284221 0.14012933243065973 0.29558226012159128 0.53718475904315788 1.9244635746290444 0.1381504219607449 0.48200971662299696 0.07677078235428858 0.43178145727142681 3.9438914373458833 0.38970692933071394 0.12295619404176239 0.18850182130699966 0.61226899275789037 0.29059162415796891 0.17738483904395241 0.20642249926459044 1.8505199872306546 1.655423419200815 3.0833984673663508 0.36778809959650971 0.041955722437705734 0.035526884370483347 0.38995995427831076 0.39715527358930558 0.081312059774063528 0.057238793815486133
leaf_count=85 191 26 13 34 2072 144 65 8 32 2383 30 15 157 33 20 19 153 167 374 915 127 9 8 34 14 18 30
internal_value=0.00283624 -0.00403625 -0.00944636 0.00231349 -0.00831279 -0.0223334 0.0120257 0.0265588 -0.0253937 -0.0266707 -0.0305454 -0.0335281 0.0191547 0.0247642 -0.00806536 0.0302073 0.00781866 0.0230096 0.0225934 0.0320386 0 -0.0304231 -0.0355856 0.00485191 0 -0.00193872 -0.00810872
internal_weight=18.3834 14.734 12.9384 6.99121 4.415 5.94722 2.0168 3.6494 2.3982 5.44522 4.49208 4.10237 2.57621 1.2442 0.772601 3.33755 0.502005 2.3877 1.79555 3.16017 0.953137 1.96642 3.97942 0.52811 0.63193 0.311845 0.425027
internal_count=7176 6025 5625 2688 2330 2937 217 1151 2113 2771 2436 2406 358 132 85 942 166 201 400 923 335 2081 2391 178 99 209 157
is_linear=0
shrinkage=0.05


Tree=135
num_leaves=26
num_cat=0
split_feature=49 4 6 36 57 38 35 34 36 57 2 5 6 5 57 57 57 46 8 57 4 8 8 39 2
split_gain=1.30472 1.00558 1.16821 0.467499 0.384854 0.275058 0.621371 0.405724 0.255963 0.310135 0.216299 0.211501 0.190998 0.186463 0.158474 0.246542 0.158355 0.0994097 0.0914008 0.0889865 0.0831378 0.0339886 0.0249116 0.0246638 0.00848182
threshold=0.26785714924335485 0.57669684290885936 6.7326085567474374 0.93405798077583324 0.015038444194942715 0.37089946866035467 0.89848890900611889 0.63068181276321422 0.73942822217941295 0.026327067054808143 0.10912698507308961 0.78474903106689464 5.1758511066436776 0.70381036400794994 0.031269090250134475 0.04451007395982743 0.047879064455628402 0.86607143282890331 0.48333333432674414 0.064289715141057982 0.74891304969787609 0.70714285969734203 0.48333333432674414 7.0446858406066903 0.19523809850215915
decision_type=2 2 2 2 2 2 2 2 2 2 2 2 2 2 2 2 2 2 2 2 2 2 2 2 2
left_child=1 5 3 11 22 8 7 18 16 -10 -6 17 23 14 -4 20 -1 21 19 -7 -16 -3 -2 -5 -11
right_child=4 2 13 12 10 6 -8 -9 9 24 -12 -13 -14 -15 15 -17 -18 -19 -20 -21 -22 -23 -24 -25 -26
leaf_value=-0.011994138660046703 -0.007594412524543747 -0.039196284574898189 0.010949448508935963 -0.014076570126294284 0 -0.02922030408499789 0.020324548493793428 0.0088488746240309984 0.040192190587755139 -0.0040420355892677676 0.032870136679621943 0.00047030882693734587 0.012160775700624011 0.019594396054532042 0 0.0090571910661722578 0.011440729335470991 0 0 0 -0.022159926503035939 0 0.00020914569754809241 0 0.0011140101715519026
leaf_weight=0.46208378177834974 0.29030183260328968 3.506371186755131 0.59305602090898979 0.51363792017218635 0.64352093124762211 1.320712899061619 1.2245671316049991 0.51053925399901334 0.72550276250694856 0.20485208765603602 3.2230030916398391 0.10822532512247551 0.61766240117140114 0.74244204605929542 0.4142612963914869 0.33897639950737346 0.41762523847864941 0.4365060101263224 0.16224018041975785 0.05927053466439236 0.87296744133345783 0.018604922108352073 0.37769507407210767 0.055831535719335079 0.22448408755008131
leaf_count=350 35 3896 40 507 29 532 79 19 68 129 987 11 89 157 16 82 9 17 32 2 42 4 16 5 23
internal_value=0.00285973 -0.00487751 -0.0153607 -0.0279636 0.0235599 0.0104138 0 -0.0144167 0.0212645 0.0305572 0.0287482 -0.0345775 0 0.0071587 -0.000242744 -0.00884338 0 -0.0364445 -0.0245365 -0.0271862 -0.0176423 -0.0388748 -0.00270441 -0.0123213 0
internal_weight=18.0649 13.5304 8.21854 5.25684 4.53452 5.31188 3.27733 2.05276 2.03455 1.15484 3.86652 4.06971 1.18713 2.9617 2.21926 1.62621 0.879709 3.96148 1.54222 1.37998 1.28723 3.52498 0.667997 0.569469 0.429336
internal_count=7176 6109 4866 4529 1067 1243 664 585 579 220 1016 3928 601 337 180 140 359 3917 566 534 58 3900 51 512 152
is_linear=0
shrinkage=0.05


Tree=136
num_leaves=26
num_cat=0
split_feature=5 3 39 2 6 3 58 36 6 47 40 5 6 35 35 29 36 14 35 59 8 2 5 36 5
split_gain=1.23937 1.0048 0.822236 0.646704 0.504183 0.666105 0.329108 0.314197 0.301657 0.254637 0.241708 0.204802 0.17746 0.16451 0.16344 0.142609 0.102768 0.074047 0.0709138 0.0635972 0.0626882 0.0320061 0.00610641 0.00287505 0.000426447
threshold=0.70381036400794994 0.72776681184768688 6.2203564643859872 0.4083333313465119 3.877779603004456 1.0000000180025095e-35 1.0000000180025095e-35 0.44058823585510259 4.3822062015533456 0.58571431040763866 2.8194408416748051 0.53158244490623485 6.8764495849609384 0.95719459652900707 0.91430911421775829 13.166666507720949 0.91010102629661571 1.0000000180025095e-35 0.92269384860992443 1.0000000180025095e-35 0.240384615957737 0.31414473056793218 0.48507130146026617 0.94174209237098705 0.51229590177536022
decision_type=2 2 2 2 2 2 2 2 2 2 2 2 2 2 2 2 2 2 2 2 2 2 2 2 2
left_child=1 4 3 7 5 9 15 12 -4 18 -11 13 -3 -7 19 20 -12 -5 -1 -9 22 23 -6 -8 -17
right_child=-2 2 8 17 6 11 21 14 -10 10 16 -13 -14 -15 -16 24 -18 -19 -20 -21 -22 -23 -24 -25 -26
leaf_value=-0.012513852693939943 0.030758970574133244 -0.012680605700301628 -0.0085730197342968172 0.013834449293632709 -0.0015751042507626798 -0.028864355671359844 -0.0088194909303819582 0 0.022501697257288619 -0.0051102573085583637 0.03092669585872266 0.0034253967383546555 0.012025036482348664 0.00099575861312378353 0 -0.00096768618251060238 0.0012837251422621275 -0.0015605897534144795 0.002962326659718234 -0.037506089670413745 0.030321444773191788 0.00098582088208414801 0.003282441881728341 0 0
leaf_weight=0.45669971778989049 2.3290386158041647 0.46618119286722404 0.32297017276869133 0.52211862336844195 0.16585793445119756 1.5200790104281621 0.3717404331837314 0.2287259055010521 0.9797722986259032 0.21648042113520238 0.98086899332702138 0.16247257136274118 0.43768445134628564 0.10830485029146064 0.48021451150998462 0.13850807247217733 0.89508358971215785 0.28429579082876444 0.139449343085289 3.6198761104024006 2.5360613510711119 0.16214001795742661 0.14842254761606455 0.036060729849850759 0.045126861659809947
leaf_count=172 786 405 292 78 47 1542 193 209 284 48 58 3 9 2 29 80 41 33 1 2583 223 32 2 22 2
internal_value=0.00292959 -0.00258479 -0.0152036 -0.0227348 0.00873798 -0.00183056 0.0205044 -0.0287333 0.012249 0.0115558 0.0185867 -0.0206585 0 -0.0253528 -0.0333623 0.0260515 0.0238858 0.00777973 -0.0061733 -0.0361601 0.0283486 -0.00362458 0 -0.00840746 0
internal_weight=17.7542 15.4252 7.34184 6.0391 8.08336 4.47944 3.60392 5.23268 1.30274 2.68858 2.09243 1.79086 0.903866 1.62838 4.32882 3.03398 1.87595 0.806414 0.596149 3.8486 2.85034 0.569941 0.31428 0.407801 0.183635
internal_count=7176 6390 3922 3346 2468 1867 601 3235 576 320 147 1547 414 1544 2821 354 99 111 173 2792 272 247 49 215 82
is_linear=0
shrinkage=0.05


Tree=137
num_leaves=24
num_cat=0
split_feature=42 8 58 8 2 39 39 47 36 6 36 35 6 38 36 38 48 34 35 3 34 35 3
split_gain=1.23485 1.27362 1.28818 0.54815 0.537571 0.571895 0.822274 0.489951 0.28273 0.158803 0.152374 0.145773 0.114558 0.0778699 0.0672879 0.0348453 0.0256338 0.0243308 0.0214716 0.00980929 0.00789001 0.00605956 0.000843231
threshold=0.042572464793920524 0.27922078967094427 1.0000000180025095e-35 0.80909091234207164 0.19523809850215915 4.7845165729522714 6.2203564643859872 0.84523808956146251 0.96824595332145702 7.0446858406066903 0.98245075345039379 0.39164614677429205 4.6938397884368905 0.043560607358813293 0.29061582684516912 0.39339827001094824 1.0000000180025095e-35 0.63068181276321422 0.59223976731300365 0.25233972072601324 0.58571431040763866 0.72970408201217662 0.3298212736845017
decision_type=2 2 2 2 2 2 2 2 2 2 2 2 2 2 2 2 2 2 2 2 2 2 2
left_child=1 7 10 9 5 -2 8 -1 14 21 11 -3 22 -14 -7 -8 -17 -16 -6 -15 -10 -4 -13
right_child=4 2 3 -5 18 6 15 -9 20 -11 -12 12 13 19 17 16 -18 -19 -20 -21 -22 -23 -24
leaf_value=-0.03592834551894359 0.028509547359539783 0 -0.030704448505654777 0.011541608774176133 0 0 0 0.0041327856626544365 0.0044151170281668565 0 -0.00071497494775118239 0 0 0 -0.031110376778016091 0 0.020142994986398974 0 0.033741597650129171 0.02904892358517366 0 0 -0.0013669223117192021
leaf_weight=2.8162336653331317 0.82854762545321037 0.31638504692819003 1.9400650426978256 0.44551947282161553 0.061434475588612592 0.068291537463665342 0.18248505552764971 0.45198644342599426 0.28345921228174109 0.2919248486869036 0.25439948425628234 0.10510670847725156 0.13530984293902326 0.061674321186729109 1.4368925223534459 0.53391881298739452 1.0996970463311297 0.25330528174526978 2.3599361097440124 3.0708042131445836 0.27046164136845618 0.061953046708367654 0.12823276096605696
leaf_count=3746 143 30 767 99 12 16 43 19 29 17 47 11 7 5 573 53 86 16 991 349 20 35 62
internal_value=0.00292838 -0.0078813 0.00432556 -0.0177774 0.0174703 0.00466302 -0.00377365 -0.0295463 -0.020763 -0.0267648 0.0207548 0.0230749 0.0255116 0.0274505 -0.0277846 0.0157744 0.017296 -0.0292252 0.0332019 0.0287282 0.00184573 -0.0303028 0
internal_weight=17.458 10.0796 6.81137 2.73946 7.37843 4.95706 4.12851 3.26822 2.31241 2.29394 4.07191 3.81751 3.50113 3.26779 1.75849 1.8161 1.63362 1.6902 2.42137 3.13248 0.553921 2.00202 0.233339
internal_count=7176 5194 1429 918 1982 979 836 3765 654 819 511 464 434 361 605 182 139 589 1003 354 49 802 73
is_linear=0
shrinkage=0.05


Tree=138
num_leaves=26
num_cat=0
split_feature=42 8 9 5 5 46 35 6 38 35 5 57 57 35 3 34 36 34 36 5 42 6 20 9 49
split_gain=1.17942 1.20287 0.534592 0.511659 0.738623 0.492963 0.407469 0.297441 0.254708 0.207625 0.139442 0.103558 0.164328 0.156803 0.0754426 0.0676348 0.062533 0.0566365 0.0879579 0.0340139 0.0303524 0.0183719 0.0158219 0.00381502 0.00131338
threshold=0.042572464793920524 0.27922078967094427 4.5000000000000009 0.42287866771221166 0.18394199758768084 0.84523808956146251 0.44773148000240331 4.1066589355468759 0.09175084158778192 0.84967032074928295 0.77664399147033703 0.032154673710465438 0.046987103298306472 0.4406543374061585 0.67474776506423961 0.58571431040763866 0.93405798077583324 0.38750000298023229 0.71081870794296276 0.40560124814510351 0.22086720913648608 6.4953796863555917 1.0000000180025095e-35 5.5000000000000009 0.41666667163372045
decision_type=2 2 2 2 2 2 2 2 2 2 2 2 2 2 2 2 2 2 2 2 2 2 2 2 2
left_child=1 5 11 4 17 -1 8 24 16 -9 15 -3 13 -13 -15 -8 23 18 20 -11 -2 -10 -5 -4 -6
right_child=3 2 6 22 7 -7 10 9 21 19 -12 12 -14 14 -16 -17 -18 -19 -20 -21 -22 -23 -24 -25 -26
leaf_value=-0.03558831608052139 0 0.024406437028018427 0 0 -0.024427104570197818 0.0045794483404725901 -0.026932007247786296 -0.011147349955789282 0 0.016619688557263181 0.00090490465393239954 0.0084934816343800561 0.016097052018716695 0 -0.016286283082011497 0 0.0015289396833442495 0.023971975690201847 -0.0070550767374968531 0 0.0123447399055797 0.021363046017060849 0.033614215796370223 -0.013264277048581819 0
leaf_weight=2.7320629179303091 0.1110797675501084 1.3124462758423763 0.11071460554376267 0.075858083902858531 1.0840701357519722 0.43797853169962753 1.4140067009138872 0.32809011123026699 0.28606059015146457 0.64676218869863078 0.11582141206599761 0.44348893431015346 0.61097271356265981 0.29785337939392753 0.92300346889533103 0.052619046182371565 0.19207111588912085 1.8011347363935781 0.29270842412370257 0.1192276804940775 0.53179302962962538 0.49425893533043563 2.2184350562747568 0.4723415196640417 0.045953948982059845
leaf_count=3756 63 68 14 15 576 9 805 33 79 119 11 43 158 16 76 7 24 142 85 13 70 10 862 118 4
internal_value=0.00292814 -0.00772581 0.00414911 0.017241 0.00477624 -0.0290723 -0.00866553 -0.0126072 0.00610395 0.00274643 -0.0218612 0.0158926 0.00350289 -0.00355015 -0.012031 -0.0253241 -0.0073525 0.0198348 0.00101692 0.0144712 0.0097929 0.0189011 0.0330438 -0.0125543 -0.0241302
internal_weight=17.1508 9.8957 6.72566 7.25511 4.96082 3.17004 3.13789 2.2241 1.55545 1.09408 1.58245 3.58776 2.27532 1.66435 1.22086 1.46663 0.775127 2.73672 0.935581 0.76599 0.642873 0.78032 2.29429 0.583056 1.13002
internal_count=7176 5194 1429 1982 1105 3765 1068 745 245 165 823 361 293 135 92 812 156 360 218 132 133 89 877 132 580
is_linear=0
shrinkage=0.05


Tree=139
num_leaves=31
num_cat=0
split_feature=49 4 6 9 36 53 48 5 57 36 57 5 21 57 57 40 2 2 9 4 57 8 4 39 2 39 46 57 5 8
split_gain=1.12242 0.893958 1.02961 0.415561 0.414127 0.252673 0.266878 0.185655 0.179712 0.171852 0.166421 0.151858 0.230155 0.167041 0.12956 0.126511 0.125444 0.117612 0.0799611 0.0797822 0.0590733 0.0363083 0.026873 0.0176012 0.0174589 0.0151753 0.0139229 0.010987 0.00440283 0.00201713
threshold=0.26785714924335485 0.57669684290885936 6.7326085567474374 7.5000000000000009 0.93405798077583324 1.0000000180025095e-35 1.0000000180025095e-35 0.78474903106689464 0.047879064455628402 0.77032968401908886 0.026327067054808143 0.70381036400794994 1.0000000180025095e-35 0.047634864225983627 0.04538575932383538 6.0383479595184335 0.10435571894049646 0.10912698507308961 3.5000000000000004 0.74891304969787609 0.015038444194942715 0.70714285969734203 0.86124861240386974 6.3950443267822275 0.31414473056793218 6.8764495849609384 0.81666666269302379 0.061719344928860671 0.12778327614068988 0.29285715520381933
decision_type=2 2 2 2 2 2 2 2 2 2 2 2 2 2 2 2 2 2 2 2 2 2 2 2 2 2 2 2 2 2
left_child=1 5 4 16 7 6 8 15 -1 18 -11 12 -4 19 24 21 -2 28 -8 -14 -18 25 -19 -20 -12 -3 29 -16 -6 -17
right_child=3 2 11 -5 17 -7 9 -9 -10 10 14 -13 13 -15 27 26 20 22 23 -21 -22 -23 -24 -25 -26 -27 -28 -29 -30 -31
leaf_value=-0.015038678604490451 0 -0.038606425412589476 0.01332777665345003 -0.0079101103333506003 0 -0.0098202320552205156 0.0082174520900883188 4.0109478919818501e-05 0.0084232383890895501 0.038189440401402895 -0.0082502039537471362 0.018231017771301799 0 0.0056073661677181856 0 -0.0052154605937524325 0 0 -0.01002114456087818 -0.021750030456395817 0.032420899924424616 0 0.011429970062821405 0 0 0 0.002306200375261329 0.015840025830556489 -0.010937546565695642 0
leaf_weight=0.55372068603173985 0.56877577491104547 3.1688523012562673 0.63481277471873965 0.30251650721766044 0.021894094243179785 0.36862526534241613 0.5720258786750495 0.099054848309606203 0.56103579350747168 0.72151330701308358 0.31527200856362458 0.67750969505868841 0.39739250659476943 0.23646215116605174 0.79183369368547551 0.2387108088005333 0.3896081838756803 0.12327833933522925 0.37171548357582651 0.82465104636503384 2.9154467249754816 0.019953091628849395 0.57295211104792543 0.056083657080307603 0.07215669471770525 0.021957860561087617 0.15745059470646083 0.68255356233566999 0.39364225830649957 0.022052668122341856
leaf_count=378 24 3571 39 42 14 73 49 11 25 75 236 157 24 68 37 319 16 71 308 49 985 5 89 13 2 12 5 47 427 5
internal_value=0.0029612 -0.00440769 -0.0147484 0.0228255 -0.0270375 0.0101718 0.0140662 -0.0334947 -0.00246692 0.0197168 0.0248418 0.0068688 0 -0.0107667 0.00638506 -0.0353012 0.0273821 0 0 -0.0172829 0.0303593 -0.0380139 0.00903008 -0.00810309 -0.00575038 -0.0383874 0 0.0126298 -0.0104883 -0.00476712
internal_weight=16.8535 12.6772 7.61063 4.17635 4.8398 5.06654 4.69791 3.72803 1.11476 3.58315 2.58333 2.77083 2.09332 1.45851 1.86182 3.62898 3.87383 1.11177 0.999825 1.22204 3.30505 3.21076 0.69623 0.427799 0.387429 3.19081 0.418214 1.47439 0.415536 0.260763
internal_count=7176 6109 4866 1067 4529 1243 1170 3928 403 767 397 337 180 141 322 3917 1025 601 370 73 1001 3588 160 321 238 3583 329 84 441 324
is_linear=0
shrinkage=0.05


Tree=140
num_leaves=30
num_cat=0
split_feature=42 8 21 46 5 5 5 3 53 6 35 6 35 34 6 36 3 38 6 34 5 42 35 5 36 38 49 5 49
split_gain=1.08123 1.12218 0.813217 0.47812 0.471925 0.680588 0.406157 0.37932 0.356312 0.278453 0.194726 0.179743 0.150017 0.123875 0.0900452 0.0813176 0.0626579 0.0687571 0.0489028 0.0318514 0.0314069 0.0278619 0.025587 0.0113736 0.00734191 0.00271605 0.000580194 0.000390792 0.00038968
threshold=0.042572464793920524 0.27922078967094427 1.0000000180025095e-35 0.84523808956146251 0.42287866771221166 0.18394199758768084 0.70381036400794994 0.66807910799980175 7.2474184036254892 4.1066589355468759 0.84967032074928295 4.6938397884368905 0.38585758209228521 0.41428571939468389 5.9423835277557382 0.71081870794296276 0.98360547423362743 1.0000000180025095e-35 6.4953796863555917 0.47222222387790685 0.40560124814510351 0.22086720913648608 0.63820621371269237 0.24336075037717822 0.81909090280532848 0.059714796021580703 0.41666667163372045 0.16463142633438113 0.41666667163372045
decision_type=2 2 2 2 2 2 2 2 2 2 2 2 2 2 2 2 2 2 2 2 2 2 2 2 2 2 2 2 2
left_child=1 3 11 -1 5 8 7 14 13 28 -11 -3 -13 15 19 21 17 -9 -8 -4 -12 -2 -6 27 -15 -25 -18 -14 -7
right_child=4 2 6 -5 22 9 18 16 -10 10 20 12 23 24 -16 -17 26 -19 -20 -21 -22 -23 -24 25 -26 -27 -28 -29 -30
leaf_value=-0.035025314170159132 0 -0.0024025944262033665 -0.009648529257042654 0.0045729584262489123 0 -0.023769965636538271 0 0 -0.0081324852338580944 -0.010719273610951575 0.01621201975078598 0 0.00093294251015264536 0.00012788243095887252 0.010536835948951079 -0.0063641380480248672 -0.000941302621032685 -0.030196241250510965 0.015367894782061839 0 0 0.012098557151603852 0.032997622049417148 0 0.033940566811042606 0.029672628427812958 0.00064182633587976093 0 0
leaf_weight=2.5971016058465488 0.10547597077675153 0.15311861044028807 0.35712091875029794 0.43482692260295142 0.055356812255923038 1.0385887588199696 0.11403513466939319 0.06793709733756248 0.26679675490595389 0.32299948553554692 0.62843653408344835 0.24107186711626161 0.12247360154287923 0.33377866350929242 0.69915365899214521 0.29723743672366254 0.12235081376275037 1.6832449146604629 0.56199694541282952 0.088042505085468292 0.11610619293060154 0.5302807817060966 2.1233482728712261 0.12415742769371751 1.1637981464737093 1.9605050961545201 0.10701490903738886 0.13713132124394178 0.04529838915914286
leaf_count=3756 60 143 197 9 16 576 14 6 24 33 119 17 15 38 43 83 42 533 132 1 13 67 861 13 88 229 10 34 4
internal_value=0.00298747 -0.00736851 0.00418253 -0.0283805 0.0168758 0.00469851 -0.00925563 -0.0169138 0.0191872 -0.0122045 0.00266515 0.0216584 0.0247506 0.02514 0.00218602 0.00136229 -0.0266577 -0.0287544 0.0121309 -0.0056853 0.0141538 0.0097136 0.0324 0.027729 0.0314749 0.0290314 0 0 -0.0235003
internal_weight=16.5988 9.57128 6.53935 3.03193 7.0275 4.8488 3.8009 3.12486 2.69737 2.15143 1.06754 2.73846 2.58534 2.43057 1.14432 0.932994 1.98055 1.75118 0.676032 0.445163 0.744543 0.635757 2.17871 2.34427 1.49758 2.08466 0.229366 0.259605 1.08389
internal_count=7176 5194 1429 3765 1982 1105 978 832 360 745 165 451 308 336 241 210 591 539 146 198 132 127 877 291 126 242 52 49 580
is_linear=0
shrinkage=0.05


Tree=141
num_leaves=26
num_cat=0
split_feature=6 3 6 20 35 12 53 42 5 29 38 20 35 5 57 38 8 9 46 8 6 5 35 37 6
split_gain=1.04097 0.931921 0.77942 0.863115 0.378651 0.335817 0.294128 0.282044 0.262472 0.246076 0.198977 0.178606 0.257356 0.13248 0.128238 0.0950356 0.0677134 0.0502883 0.107538 0.0466938 0.021911 0.018515 0.00379023 0.00279746 0.000611175
threshold=6.7326085567474374 0.26764950156211859 3.877779603004456 1.0000000180025095e-35 0.43191786110401159 1.0000000180025095e-35 1.0000000180025095e-35 0.19848485291004184 0.53158244490623485 10.583333492279055 0.09175084158778192 1.0000000180025095e-35 0.51483678817749035 0.52762517333030712 0.065070353448390975 0.54616478085517894 0.48333333432674414 1.5000000000000002 0.81666666269302379 0.70714285969734203 6.2203564643859872 0.23697775602340701 0.51883593201637279 0.12701612710952762 6.6069514751434335
decision_type=2 2 2 2 2 2 2 2 2 2 2 2 2 2 2 2 2 2 2 2 2 2 2 2 2
left_child=1 6 8 4 10 -5 7 17 14 11 19 12 16 21 -3 23 -2 -1 22 -4 -12 -7 -19 -6 -17
right_child=9 2 3 5 15 13 -8 -9 -10 -11 20 -13 -14 -15 -16 24 -18 18 -20 -21 -22 -23 -24 -25 -26
leaf_value=0.0071567899451463598 0 -0.035601593551831866 -0.013016584728459816 0.026815654553618375 0 0 -0.0082055850569105176 0.029661827188592206 0.0021234714460194571 -0.0039370289714441304 0 0.03272232990988954 -0.0088534980299461424 0.0075901092761845009 0 -0.00012191417148386293 0.019502466769316745 0 0.0054282491499626608 0 0.017709650341335696 -0.014979982334685444 -0.013966093247088272 -0.029785235644739519 0.0011654368469329642
leaf_weight=0.43480160832405423 0.58464368409477208 2.6978083716821848 0.45949699659831844 1.6106200045323933 0.018376898311544099 0.061875493731349596 0.31945798138622183 1.5421139926183967 0.16851099222549226 0.31654505274491374 0.16572470089886338 2.0955762972589573 0.67410313681466494 0.29272845387458801 0.16238387674093235 0.1022433534672017 1.2098148385994134 0.071035033673979342 0.21105607552453876 0.10855010477825999 0.38024039525771514 0.4204443141061347 0.51173506167833693 1.5751125639071686 0.11287459661252797
leaf_count=9 20 3902 138 206 7 34 36 89 23 27 55 964 67 78 2 113 91 18 5 7 17 97 232 937 2
internal_value=0.00296499 -0.00509213 -0.0137568 -0.000174766 -0.0167804 0.0176393 0.0147098 0.0201533 -0.0303682 0.0203375 0.00230353 0.0233247 0.0067715 -0.00297718 -0.0336319 -0.0269504 0.0154982 0 -0.00539602 -0.00912451 0.015639 -0.0135575 -0.013428 -0.0296341 0
internal_weight=16.3079 11.4272 8.33699 5.30829 2.92262 2.38567 3.0902 2.77074 3.0287 4.88068 1.11401 4.56414 2.46856 0.775048 2.86019 1.80861 1.79446 1.22863 0.793826 0.568047 0.545965 0.48232 0.58277 1.59349 0.215118
internal_count=7176 6007 5618 1691 1276 415 389 353 3927 1169 217 1142 178 209 3904 1059 111 264 255 145 72 131 250 944 115
is_linear=0
shrinkage=0.05


Tree=142
num_leaves=24
num_cat=0
split_feature=2 3 35 36 6 6 42 38 35 45 45 6 9 3 38 34 6 48 9 57 29 34 8
split_gain=0.994161 0.870747 0.678291 0.500842 0.382068 0.359783 0.548559 0.242184 0.260222 0.22724 0.217764 0.201853 0.152966 0.149742 0.118136 0.0885057 0.0610926 0.0244125 0.0229588 0.0116705 0.00644926 0.00455287 0.00390275
threshold=0.4083333313465119 0.72776681184768688 0.86704820394516002 0.44543650746345526 5.8278791904449472 3.877779603004456 0.048809524625539787 0.32200460135936743 0.89848890900611889 12.375614166259767 12.061657428741457 6.7326085567474374 13.500000000000002 0.3298212736845017 0.053342817351222045 0.63068181276321422 6.4953796863555917 1.5000000000000002 6.5000000000000009 0.063556753098964705 1.8333333134651186 0.38750000298023229 0.63392856717109691
decision_type=2 2 2 2 2 2 2 2 2 2 2 2 2 2 2 2 2 2 2 2 2 2 2
left_child=1 5 3 11 20 6 15 -8 10 -5 19 21 14 -10 -7 -1 22 -16 -18 -9 -4 -3 -2
right_child=16 2 4 9 -6 12 7 8 13 -11 -12 -13 -14 -15 17 -17 18 -19 -20 -21 -22 -23 -24
leaf_value=-0.024054678533483104 -0.00041428308017415019 -0.011645022926039191 0 -0.034230710120294848 0.02206656217965923 -6.3233495013155801e-05 0.025747262643976206 -0.022063953567221292 0.019931242912430966 0.0001012048966216054 0.0057453969813016995 0.013855763890459291 -0.0025578806130741659 -0.0025549106934551744 0.023955117066788448 0 0.030069511652786336 0 0 0 -0.011866504508238646 0 0.0028437030986865012
leaf_weight=1.0999587616533988 0.21312911505810861 0.43295682361349441 0.13454526010900714 3.3386136984918271 0.90696491987910122 0.14736541057936925 0.49223210394848171 0.76332494110101856 0.73177848872728624 0.21465505004744034 0.30849136604228988 0.68601319228764623 0.15792964125284914 0.36772094434127212 2.7878324585035448 0.26900967210531224 2.031658482854255 0.17483258462743823 0.04531607637181867 0.077481006272137165 0.44034369903965853 0.019174754619598389 0.18079551088158041
leaf_count=1475 29 451 5 2898 227 18 59 221 54 51 17 21 131 17 363 21 888 56 3 3 130 8 30
internal_value=0.00294694 -0.00265028 -0.0155293 -0.0239534 0.00803147 0.00809634 -0.00110195 0.0101284 0 -0.0314919 -0.0123539 0.000964532 0.0183839 0.0123944 0.0210275 -0.0204822 0.0270039 0.0230896 0.0295331 -0.0212245 -0.0108879 -0.011224 0
internal_weight=16.0221 13.5512 6.17327 4.69141 1.48185 7.37796 4.11 2.74103 2.2488 3.55327 1.1493 1.13814 3.26796 1.0995 3.11003 1.36897 2.4709 2.96267 2.07697 0.840806 0.574889 0.452132 0.393925
internal_count=7176 6226 3791 3429 362 2435 1867 371 312 2949 241 480 568 71 437 1496 950 419 891 224 135 459 59
is_linear=0
shrinkage=0.05


Tree=143
num_leaves=29
num_cat=0
split_feature=39 8 13 5 3 6 3 38 3 40 20 35 39 39 14 31 9 34 45 35 38 2 3 8 2 35 38 5
split_gain=0.967317 0.678999 0.748651 0.485778 0.676543 0.476752 0.360766 0.337455 0.221863 0.217607 0.204595 0.200931 0.132859 0.110398 0.0993294 0.0989407 0.0880548 0.0674436 0.0647505 0.0566158 0.053399 0.0476244 0.0357948 0.00994685 0.00687741 0.00546392 0.00220173 0.00175656
threshold=6.3950443267822275 0.61250001192092907 1.0000000180025095e-35 0.36464461684226995 0.31725417077541357 6.8764495849609384 0.57669684290885936 0.4695423692464829 0.57299312949180614 3.838558673858643 1.0000000180025095e-35 0.69501906633377086 6.1432809829711923 5.677502155303956 1.0000000180025095e-35 6.5000000000000009 7.5000000000000009 0.63068181276321422 7.0044846534729013 0.45421318709850317 0.87652438879013073 0.26491229236125952 0.67290210723876964 0.63392856717109691 0.22474747896194461 0.87649399042129528 0.2869249433279038 0.77194550633430492
decision_type=2 2 2 2 2 2 2 2 2 2 2 2 2 2 2 2 2 2 2 2 2 2 2 2 2 2 2 2
left_child=1 2 5 4 7 6 8 9 17 -4 19 24 21 -9 -7 18 23 -1 -13 -5 27 -6 -21 -3 -2 -14 -11 -8
right_child=11 16 3 10 12 14 20 13 -10 26 -12 15 25 -15 -16 -17 -18 -19 -20 22 -22 -23 -24 -25 -26 -27 -28 -29
leaf_value=-0.016420850467713348 -0.003913359061601695 0 0.028876787134148936 0.0072923642960232155 -0.028059112585571366 0.012328536226136303 -0.036983268809027019 -0.015613312071251842 0.014890826902363322 0 0.026837821224128196 0 -0.0012570755516592368 0.0038143432651478078 -0.0049184588549615778 0 0 0 0.03099576162890734 0 0 0 -0.010241131635415152 0.022531199321415368 0 0.0031289385563625788 -0.0030040273141270918 0
leaf_weight=0.64755782388965444 0.19142005851608823 0.24168712308164586 0.9277345806185624 0.47734198800753802 1.6156374202109871 0.50446563644800313 2.576429868233391 0.4478300321206915 0.25830512912943959 0.079362916818354279 1.1368648404604755 0.13443561532767567 0.12575158412801091 0.26503442713874392 0.53762612910941243 0.15424644190352399 0.090507338172756024 0.23896219301968813 2.466668879496865 0.19725712065701373 0.068487617303617188 0.039403784321620949 0.45368501113262028 1.4214318080339579 0.069564443314447999 0.21353710995754227 0.16468043503118679 0.033601449104025849
leaf_count=441 191 14 65 55 1954 32 2378 65 12 31 115 59 132 20 27 19 27 10 864 34 17 11 152 377 18 14 36 6
internal_value=0.00293534 -0.00322128 -0.00844287 0.00264899 -0.00696885 -0.0213658 -0.0282594 0.0105355 0 0.0221806 0.0177405 0.0245469 -0.0231744 -0.00746127 0.00293087 0.0278911 0.018906 -0.0120877 0.0296634 0 -0.0359488 -0.0270331 -0.00617623 0.0212661 -0.000913525 0 -0.00200598 -0.0367942
internal_weight=15.7795 12.7632 11.0096 6.14412 3.87897 4.86544 3.82334 1.88464 1.14483 1.17178 2.26515 3.01634 1.99433 0.712864 1.04209 2.75535 1.75363 0.88652 2.6011 1.12828 2.67852 1.65504 0.650942 1.66312 0.260985 0.339289 0.244043 2.61003
internal_count=7176 6025 5607 2684 2328 2923 2864 217 463 132 356 1151 2111 85 59 942 418 451 923 241 2401 1965 186 391 209 146 67 2384
is_linear=0
shrinkage=0.05


Tree=144
num_leaves=31
num_cat=0
split_feature=49 3 6 36 9 39 47 9 42 5 2 5 21 36 3 40 47 8 2 2 40 36 8 3 39 2 46 5 39 8
split_gain=0.940276 0.747 0.870423 0.367036 0.365286 0.191966 0.371837 0.176574 0.173829 0.164061 0.15185 0.126707 0.196405 0.118881 0.110091 0.10695 0.105996 0.101676 0.0995527 0.0941962 0.0622511 0.0416884 0.0315341 0.0210583 0.0172678 0.0133894 0.0102063 0.00363102 0.00352259 0.00156692
threshold=0.18333333730697635 0.57669684290885936 6.7326085567474374 0.93405798077583324 7.5000000000000009 4.5713708400726327 0.77500000596046459 13.500000000000002 0.39791667461395269 0.78474903106689464 0.13484849035739901 0.70381036400794994 1.0000000180025095e-35 0.96824595332145702 0.67474776506423961 6.0383479595184335 0.41428571939468389 0.48333333432674414 0.10435571894049646 0.10912698507308961 3.3355860710144047 0.40175439417362219 0.70714285969734203 0.86124861240386974 7.2474184036254892 0.19523809850215915 0.81666666269302379 0.12778327614068988 5.7751989364624032 0.29285715520381933
decision_type=2 2 2 2 2 2 2 2 2 2 2 2 2 2 2 2 2 2 2 2 2 2 2 2 2 2 2 2 2 2
left_child=1 5 3 9 18 7 8 10 13 15 21 12 -4 17 -14 22 -16 -7 -2 27 -8 -1 24 -21 -3 -12 29 -5 -18 -17
right_child=4 2 11 19 -6 6 20 -9 -10 -11 25 -13 14 -15 16 26 28 -19 -20 23 -22 -23 -24 -25 -26 -27 -28 -29 -30 -31
leaf_value=0 0 -0.037231916013411213 0.012310866154812281 0 -0.0071968966101436608 -0.025733820900595651 0 -0.0029082809560748036 0.0035242980197781287 0 -0.0038746800600358185 0.016881572067754164 0.0033561838091116002 0.00043151394007588802 -0.020072054894694383 -0.0045795541089557823 0 0 0.029098790639394002 0 0.018167834888752437 0.030769421815618283 0 0.010569881155624797 0 0.0033952103940166054 0.0018293620344761868 -0.0096577369074936255 0.0027720197210430522 0
leaf_weight=0.026433052320497086 0.52242225152440536 2.8275516964204161 0.59341682377271365 0.020034200628287868 0.28138424828648556 1.0419711418508089 0.1319652140373363 0.16748559082043346 0.48041517828823987 0.091891239164397009 0.18644715449772764 0.61437860003206868 0.19419023662339907 0.16463470127200697 0.92648194072535239 0.22014310728991393 0.075425591203384101 0.095324586611240991 2.9948047547368333 0.10851318869390525 1.1217528965789823 1.0208719631773417 0.018319752765819319 0.5316159337235149 0.016134073317516484 0.35860535898245871 0.14860724355094135 0.35194071623845957 0.16283981036394835 0.0207614355313126
leaf_count=31 25 3577 39 14 46 563 16 174 25 11 37 157 20 36 59 319 11 3 1004 69 80 232 5 89 4 42 5 427 51 5
internal_value=0.00293766 -0.00402845 -0.0140143 -0.0258861 0.0218303 0.00945333 0 0.0190149 -0.0117615 -0.0322102 0.0234819 0.00633873 0 -0.0186548 -0.0102847 -0.0340058 -0.0153685 -0.0226663 0.0263385 0 0.0155464 0.0297259 -0.0366368 0.00849895 -0.0370022 0 0 -0.00923545 0.00032264 -0.00417907
internal_weight=15.5168 11.7182 6.92225 4.35551 3.79861 4.79591 3.03606 1.75984 1.78235 3.34341 1.59236 2.56673 1.95235 1.30193 1.35894 3.25152 1.16475 1.1373 3.51723 1.0121 1.25372 1.04731 2.86201 0.640129 2.84369 0.545053 0.389512 0.371975 0.238265 0.240905
internal_count=7176 6101 4862 4525 1075 1239 723 516 627 3926 342 337 180 602 141 3915 121 566 1029 599 96 263 3586 158 3581 79 329 441 62 324
is_linear=0
shrinkage=0.05


Tree=145
num_leaves=24
num_cat=0
split_feature=6 3 6 20 35 12 53 5 29 38 20 35 57 34 46 5 38 36 36 47 6 5 6
split_gain=0.886923 0.810928 0.683021 0.75409 0.345446 0.282361 0.266102 0.240293 0.223209 0.178203 0.150794 0.233402 0.123258 0.123075 0.12337 0.111623 0.0870467 0.0558178 0.0345027 0.0222278 0.0165449 0.0157186 0.000412015
threshold=6.7326085567474374 0.26764950156211859 3.877779603004456 1.0000000180025095e-35 0.43191786110401159 1.0000000180025095e-35 1.0000000180025095e-35 0.53158244490623485 10.583333492279055 0.09175084158778192 1.0000000180025095e-35 0.51483678817749035 0.065070353448390975 0.41428571939468389 0.26785714924335485 0.52762517333030712 0.54616478085517894 0.96824595332145702 0.9529346525669099 0.86607143282890331 6.2203564643859872 0.23697775602340701 6.6069514751434335
decision_type=2 2 2 2 2 2 2 2 2 2 2 2 2 2 2 2 2 2 2 2 2 2 2
left_child=1 6 7 4 9 -5 13 12 10 18 11 17 -3 14 -1 21 -6 -2 -4 -16 -11 -7 -18
right_child=8 2 3 5 16 15 -8 -9 -10 20 -12 -13 -14 -15 19 -17 22 -19 -20 -21 -22 -23 -24
leaf_value=0.011268478651205893 0.017531893011973342 -0.034535943875955356 -0.011750273958570765 0.02544177680678671 -0.028586971727413698 0 -0.0077457289416654378 0.0018814838836876454 -0.0036535886664292834 0 0.03151961319449767 -0.0085261385995083708 0 0.025545522797321536 -0.010704049890174721 0.0070928575373018742 0 0 0 0 0.016767099389730724 -0.013721981457202657 0.00096355880345306167
leaf_weight=0.58984981474350096 1.4023806371260437 2.4587577221391266 0.44066297882818639 1.5127507468569095 1.4785678595071656 0.057532163627911248 0.30979074299102638 0.16160472741466936 0.30170862679369737 0.16073959163622931 1.9038057464640594 0.64175128680653859 0.15687213838100422 1.5525522275711408 0.41513726921402849 0.27799896500073373 0.09739409087342199 0.29849735111929465 0.093632100324612111 0.095383165404200554 0.37088682682951912 0.39805491882725619 0.10942205006722361
leaf_count=80 84 3902 134 206 944 34 36 23 27 55 964 67 2 126 144 78 113 27 11 3 17 97 2
internal_value=0.00295069 -0.00468042 -0.0131313 0 -0.0159595 0.0169233 0.0139522 -0.0291999 0.0194643 0.00232741 0.0224432 0.0063483 -0.0324924 0.0192815 0.000108275 -0.00230165 -0.0259469 0.0148906 -0.00856878 -0.0083996 0.0149875 -0.0124038 0
internal_weight=15.2857 10.7376 7.77488 4.99764 2.75131 2.24634 2.96271 2.77723 4.54814 1.06592 4.24644 2.34263 2.61563 2.65292 1.10037 0.733586 1.68538 1.70088 0.534295 0.51052 0.531626 0.455587 0.206816
internal_count=7176 6007 5618 1691 1276 415 389 3927 1169 217 1142 178 3904 353 227 209 1059 111 145 147 72 131 115
is_linear=0
shrinkage=0.05


Tree=146
num_leaves=29
num_cat=0
split_feature=42 8 58 8 46 5 5 53 8 5 36 21 34 49 9 36 36 36 5 5 42 35 39 42 5 36 42 5
split_gain=0.879449 0.916955 0.988109 0.41944 0.412461 0.373634 0.559111 0.309226 0.216247 0.137572 0.133698 0.132633 0.116426 0.109905 0.085903 0.0772893 0.0746027 0.0650549 0.0454398 0.0269425 0.0239817 0.0189441 0.0143873 0.0116395 0.00458291 0.00146974 0.000645534 7.68553e-05
threshold=0.042572464793920524 0.27922078967094427 1.0000000180025095e-35 0.80909091234207164 0.84523808956146251 0.42287866771221166 0.18394199758768084 7.2474184036254892 0.45804196596145635 0.8030899465084077 0.97182539105415355 1.0000000180025095e-35 0.41428571939468389 0.41666667163372045 5.5000000000000009 0.2788888961076737 0.84698995947837841 0.71081870794296276 0.24336075037717822 0.61986863613128673 0.22086720913648608 0.63820621371269237 4.9503636360168466 0.23904761672019961 0.22874354571104052 0.26876173913478857 0.49285714328289038 0.16463142633438113
decision_type=2 2 2 2 2 2 2 2 2 2 2 2 2 2 2 2 2 2 2 2 2 2 2 2 2 2 2 2
left_child=1 4 11 9 -1 6 7 12 10 15 13 18 17 -8 16 25 -13 20 27 24 -2 -7 -17 -14 -16 -4 -12 -3
right_child=5 2 3 -5 -6 21 8 -9 -10 -11 26 14 23 -15 19 22 -18 -19 -20 -21 -22 -23 -24 -25 -26 -27 -28 -29
leaf_value=-0.03342211943543464 0 0.00041573922409590778 -0.0013239465005729714 0.0097158410836865397 0.0040283283368858173 0 -0.026401377642493784 -0.0074683867360615906 0.007139143204679 0.00022417682977921862 0.0011576954895949816 0.014131337521733839 0 0 0 -0.030464226819880775 -0.00064890450044818122 -0.005972444034855532 0.028064513736804787 0 0.01092118418739603 0.031172071741590847 0 0.032226281739524902 -0.0095420106588407667 0.0012343156238979773 0 0
leaf_weight=2.2614994625037057 0.10011601939913983 0.11165960427024413 0.12685566872824017 0.38156840635929246 0.40823734086006869 0.049994469562079646 1.1096357311471363 0.25531867545214471 0.28061412670649577 0.10144651622977097 0.20412236615084101 0.86830792482942321 0.3349477057927287 0.15182650997303415 0.034626994864083938 1.5963500116195062 0.37859653285704553 0.28275012361700647 1.6471638171060474 0.09488344716373831 0.48701044078916311 1.8407184564275665 0.041482018335955106 1.0615305799874475 0.37378876734874211 0.11527832300635055 0.18495801952667534 0.15269096681731753
leaf_count=3756 60 16 47 99 9 16 582 24 108 12 29 47 33 12 11 738 84 83 161 6 67 861 17 93 150 5 14 36
internal_value=0.00291127 -0.00680589 0.00389399 -0.016525 -0.0267958 0.0160236 0.0044221 0.0178197 -0.0114775 -0.0248192 -0.0180283 0.0188616 0.0236136 -0.0229943 0.00260599 -0.0275153 0.00912683 0.000529103 0.0260209 -0.00554787 0.00860077 0.0306351 -0.0299973 0.0296857 -0.00898201 0 0 0
internal_weight=15.038 8.69444 6.0247 2.36298 2.66974 6.34354 4.45283 2.52167 1.93116 1.98141 1.65054 3.66172 2.26635 1.26146 1.7502 1.87997 1.2469 0.869877 1.91151 0.503299 0.587126 1.89071 1.63783 1.39648 0.408416 0.242134 0.38908 0.264351
internal_count=7176 5194 1429 918 3765 1982 1105 360 745 819 637 511 336 594 298 807 131 210 213 167 127 877 755 126 161 52 43 52
is_linear=0
shrinkage=0.05


Tree=147
num_leaves=26
num_cat=0
split_feature=49 34 31 38 21 57 35 57 38 6 8 36 6 8 8 38 38 36 3 36 36 8 57 29 3
split_gain=0.829772 0.711138 0.593164 0.443116 0.355163 0.314141 0.31109 0.276944 0.273978 0.207174 0.196555 0.157674 0.148884 0.122566 0.108401 0.0758861 0.0508735 0.0433035 0.0779201 0.0240305 0.0158039 0.0146125 0.0101871 0.00886266 0.00483871
threshold=0.26785714924335485 0.47222222387790685 1.0000000180025095e-35 0.4695423692464829 1.0000000180025095e-35 0.032663283869624145 0.8514743745326997 0.015038444194942715 0.86285266280174266 4.6938397884368905 0.61250001192092907 0.31180556118488317 5.7751989364624032 0.240384615957737 0.88562092185020458 0.059714796021580703 1.0000000180025095e-35 0.85053193569183361 0.26764950156211859 0.29061582684516912 0.71081870794296276 0.48333333432674414 0.047378849238157279 4.5833332538604745 0.96580946445465099
decision_type=2 2 2 2 2 2 2 2 2 2 2 2 2 2 2 2 2 2 2 2 2 2 2 2 2
left_child=1 2 4 -3 9 11 10 21 12 -1 -4 19 17 -9 16 -11 -13 18 -5 -6 -8 -2 -10 -22 -20
right_child=7 3 6 8 5 -7 20 13 22 15 -12 14 -14 -15 -16 -17 -18 -19 24 -21 23 -23 -24 -25 -26
leaf_value=-0.0051937776411466012 -0.0058241523377175787 0.03018566424636145 -0.035092101939660648 0.0062353120438707887 -0.0025672471414846642 0.01028003935519024 0.0049217514198948691 0 0 0 0 0 0.0054111569479164297 0.029731026731733157 0 0.023716695151266436 -0.026486933533198472 -0.020502348396777281 -0.010284737508931699 0.0063479947488458413 0 0 0.014886827620105457 -0.0048721934741498898 0
leaf_weight=0.22716804279479941 0.24049418396316591 0.89637799849151667 2.3107183927786545 0.45979260100284614 0.15631219322676848 0.48599288304103527 0.34537827654276032 0.5762159428559247 0.19738458830397554 0.10221999685745675 0.2137481661629862 0.070105372520629206 0.23657883924897749 2.4364834153093398 0.088517094030976184 1.2025558930763507 1.4861489008762871 0.78393033670727164 0.41951193971908651 0.30329611449269578 0.12499057390959933 0.3246149648912251 0.82656163990031928 0.22487337572965771 0.047239739855285734
leaf_count=384 35 147 3485 34 61 44 84 29 29 19 25 10 85 987 4 195 591 347 234 15 12 16 168 117 19
internal_value=0.00294848 -0.00370148 -0.0126029 0.0112875 0 -0.00949303 -0.0257958 0.0211326 0 0.0149296 -0.0318959 -0.0175106 -0.0101834 0.0260891 -0.0225594 0.0213359 -0.0251508 -0.0153856 -6.62487e-05 0.000208808 0 -0.00188266 0.0136902 -0.00226412 -0.00970164
internal_weight=14.7872 11.2094 7.34203 3.86738 4.12232 2.59037 3.21971 3.57781 2.971 1.53194 2.52447 2.10438 1.94705 3.0127 1.64477 1.30478 1.55625 1.71047 0.926544 0.459608 0.695242 0.565109 1.02395 0.349864 0.466752
internal_count=7176 6109 5046 1063 1323 725 3723 1067 916 598 3510 681 719 1016 605 214 601 634 287 76 213 51 197 129 253
is_linear=0
shrinkage=0.05


Tree=148
num_leaves=25
num_cat=0
split_feature=42 8 58 8 46 5 5 53 6 35 5 36 35 34 6 6 36 38 42 5 35 36 3 35
split_gain=0.814652 0.848648 0.916021 0.396397 0.390552 0.3405 0.520684 0.294903 0.209631 0.14235 0.133018 0.117533 0.116978 0.103217 0.102292 0.087952 0.0622441 0.0526223 0.0228608 0.021055 0.0181209 0.0140156 0.0119318 0.000606155
threshold=0.042572464793920524 0.27922078967094427 1.0000000180025095e-35 0.80909091234207164 0.84523808956146251 0.42287866771221166 0.18394199758768084 7.2474184036254892 4.1066589355468759 0.84967032074928295 0.8030899465084077 0.98245075345039379 0.39164614677429205 0.41428571939468389 7.0446858406066903 4.6938397884368905 0.71081870794296276 0.043560607358813293 0.22086720913648608 0.37155500054359442 0.63820621371269237 0.81909090280532848 0.25233972072601324 0.7910260558128358
decision_type=2 2 2 2 2 2 2 2 2 2 2 2 2 2 2 2 2 2 2 2 2 2 2 2
left_child=1 4 11 10 -1 6 7 13 -8 -10 14 12 -3 16 -4 23 18 -17 -2 -11 -7 -15 -19 -14
right_child=5 2 3 -5 -6 20 8 -9 9 19 -12 -13 15 21 -16 17 -18 22 -20 -21 -22 -23 -24 -25
leaf_value=-0.032781206898899989 0 0 -0.02985049517828749 0.0094311279220277242 0.0038323475348009174 0 -0.021238164973252822 -0.0072442002575133051 -0.0089887757838210559 0.014251462630059511 0.0001805582598419159 -0.00032836126065047895 -0.0011612372566584758 0 0 0 -0.0057653087383293094 0 0.010740860982605368 0 0.030514534857657906 0.031218980362519935 0.026066715206373298 0
leaf_weight=2.1446626471588375 0.097206654783805635 0.2803016881807715 1.5877774097607473 0.37170198198873539 0.40212059952318657 0.049120539188152068 0.92700337884889428 0.25233433343237255 0.29879385905223899 0.53558260135469027 0.1005018000723793 0.22222559002693731 0.12378093268489498 0.30143675990984764 0.22437166864983726 0.12099921703338656 0.27675045162322931 0.056921909912489688 0.4814352207176853 0.11760015680920333 1.7534267238806931 1.0687445611692963 2.6925105875416193 0.081057696952484548
leaf_count=3756 60 30 797 99 9 16 580 24 33 110 12 47 69 38 10 7 83 5 67 22 861 88 349 4
internal_value=0.00296166 -0.00653641 0.00381976 -0.0160743 -0.0261399 0.0157287 0.00440469 0.0173937 -0.0110798 0.00206335 -0.0242839 0.0183506 0.020527 0.0231171 -0.0270004 0.0228495 0.000560449 0.0246281 0.00848876 0.0125226 0.0299775 0.0289118 0.0257139 0
internal_weight=14.5684 8.40893 5.86215 2.28435 2.54678 6.15944 4.35689 2.47791 1.87898 0.951977 1.91265 3.5778 3.35557 2.22557 1.81215 3.07527 0.855392 2.87043 0.578642 0.653183 1.80255 1.37018 2.74943 0.204839
internal_count=7176 5194 1429 918 3765 1982 1105 360 745 165 819 511 464 336 807 434 210 361 127 132 877 126 354 73
is_linear=0
shrinkage=0.05


Tree=149
num_leaves=28
num_cat=0
split_feature=39 2 3 38 5 47 9 40 58 5 38 36 45 31 38 6 38 34 36 38 36 45 2 38 6 3 39
split_gain=0.794065 0.551181 0.70151 0.622645 0.480368 0.318126 0.266159 0.266619 0.327031 0.161376 0.152514 0.14232 0.128287 0.0775984 0.0629953 0.0522465 0.0519124 0.0517683 0.0442283 0.037463 0.0144098 0.0138352 0.0126346 0.0096513 0.00198734 9.40917e-05 3.68274e-07
threshold=6.3950443267822275 0.4083333313465119 0.72776681184768688 0.4695423692464829 0.57032969594001781 0.81666666269302379 13.500000000000002 3.838558673858643 1.0000000180025095e-35 0.11215933039784433 0.053342817351222045 0.98198053240776073 7.0044846534729013 6.5000000000000009 0.92546296119689953 6.4953796863555917 1.0000000180025095e-35 0.32051283121109014 0.57634031772613536 0.35043859481811529 0.94028520584106456 16.410906791687015 0.26491229236125952 0.10435571894049646 6.071730613708497 0.96899038553237926 1.0000000180025095e-35
decision_type=2 2 2 2 2 2 2 2 2 2 2 2 2 2 2 2 2 2 2 2 2 2 2 2 2 2 2
left_child=1 2 3 6 9 14 7 8 10 25 -1 16 24 -14 22 -3 -11 -9 -6 23 -10 -18 -5 -20 -2 -4 -13
right_child=12 15 4 5 18 -7 -8 17 20 11 -12 26 13 -15 -16 -17 21 -19 19 -21 -22 -23 -24 -25 -26 -27 -28
leaf_value=0 -0.0020825552666031365 0 0.00045191140859874961 -0.02619778003576383 0.0087527551479721424 0.0060667928701714901 -0.0075766748897727349 -0.0095404958273822716 -0.0066214021397763348 0 0.032156090343693267 0 0.027571704230371738 0 0 0.021069033592250624 -0.034244764436097634 0.0034382242857641417 0 0.0029100543036053132 0 0 0 -0.0092197717726914073 0 0 -2.7506595225493237e-05
leaf_weight=0.11423803376965214 0.14556059363531071 0.27992493927013029 0.15181996297906186 1.2226932272169504 0.53508874919498317 0.5369287886423989 0.2948675496445502 0.35242033314716525 0.26308634373708617 0.092847513325978848 2.3603303547279211 0.1587911627430002 2.3207050811324739 0.13829361950047303 0.049228961928747483 1.1474187860731033 2.7850049269181913 0.23942374951730017 0.15904254734050483 0.18440620860201307 0.077811989962356165 0.02329679756076064 0.040545037685660534 0.33551891884417273 0.070222256821580231 0.036728923761984333 0.21685015811817721
leaf_count=11 175 27 61 747 53 33 425 383 131 10 409 16 928 19 3 368 3009 48 14 55 12 8 11 46 29 44 101
internal_value=0.00290366 -0.00287675 -0.00766635 0.00364175 -0.0202415 -0.0144828 0.0149136 0.0192719 0.0245261 -0.0280569 0.0298376 -0.0302693 0.0233856 0.0259561 -0.0240399 0.0184093 -0.0331007 -0.0022875 0.00240465 -0.00185366 -0.00379905 -0.0340066 -0.0256919 -0.00773398 0 0 0
internal_weight=14.3331 11.6583 10.231 5.55157 4.6794 1.8494 3.70218 3.40731 2.81547 3.46534 2.47457 3.27679 2.67478 2.459 1.31247 1.42734 2.90115 0.591844 1.21406 0.678968 0.340898 2.8083 1.26324 0.494561 0.215783 0.188549 0.375641
internal_count=7176 6025 5630 2213 3417 794 1419 994 563 3249 420 3144 1151 947 761 395 3027 431 168 115 143 3017 758 60 204 105 117
is_linear=0
shrinkage=0.05


Tree=150
num_leaves=28
num_cat=0
split_feature=42 8 58 46 8 2 39 39 36 5 21 29 36 36 36 5 5 36 5 34 39 57 5 34 36 3 5
split_gain=0.758211 0.777472 0.822598 0.374482 0.37211 0.321052 0.441963 0.590769 0.191532 0.127158 0.120952 0.074897 0.0697349 0.0641167 0.0525212 0.0518354 0.0418492 0.064365 0.0263098 0.0146718 0.0141107 0.0109918 0.00388082 0.00333142 0.00108005 2.64952e-05 9.58503e-06
threshold=0.042572464793920524 0.27922078967094427 1.0000000180025095e-35 0.84523808956146251 0.80909091234207164 0.19523809850215915 4.7845165729522714 6.2203564643859872 0.96824595332145702 0.8030899465084077 1.0000000180025095e-35 5.8333332538604745 0.2788888961076737 0.84698995947837841 0.29061582684516912 0.16601049900054934 0.24336075037717822 0.59850746393203746 0.61986863613128673 0.63068181276321422 4.9503636360168466 0.064289715141057982 0.22874354571104052 0.58571431040763866 0.26876173913478857 0.94269293546676647 0.16463142633438113
decision_type=2 2 2 2 2 2 2 2 2 2 2 2 2 2 2 2 2 2 2 2 2 2 2 2 2 2 2
left_child=1 3 10 -1 9 6 -2 8 14 12 16 13 24 -12 -8 -9 26 -18 22 -16 -14 -17 -13 -10 -4 -15 -3
right_child=5 2 4 -5 -6 -7 7 15 23 -11 11 18 20 25 19 21 17 -19 -20 -21 -22 -23 -24 -25 -26 -27 -28
leaf_value=-0.032194845858765385 0.025210859453914249 0.00014716753875928298 -0.0011230426997302209 0.0037164296814074047 0.009149250682952359 0.029195071494937261 0 0.017632813453831532 0.0026645893803789083 0.00011610325562834194 0.013066275413168849 0 -0.029251577908732868 0 -0.027943246587150996 -0.0027886001858097873 0 0.028366610526906325 0 0 0 0.0036932209706942946 -0.0093106889124580389 0 0.0010746226320228532 -0.00061080424288508753 0
leaf_weight=2.0457633747282657 0.75888619627221565 0.1063929666997866 0.12238253920804743 0.39988362975418557 0.36250063963234413 1.7588435104407834 0.059509559359867459 0.88277628930518381 0.23342819639947254 0.099146342719904967 0.82957039203029104 0.032457052846439294 1.472091965464642 0.17203882406465709 1.2297446422599021 0.40461767310625874 0.1742230660165659 1.3957627436902837 0.095132866990752518 0.20631539879832406 0.039633275591768213 0.21384276775643229 0.3810096321394667 0.22494656060007401 0.11234493248048238 0.17133343999739736 0.14806014651549049
leaf_count=3756 143 16 47 9 99 1003 16 73 29 12 46 11 738 63 573 81 40 121 9 16 17 28 154 20 5 15 36
internal_value=0.00282378 -0.00644744 0.00354457 -0.0254975 -0.015508 0.0153147 0.00407424 -0.00406261 -0.0192503 -0.0236214 0.0174323 0.00187589 -0.0263412 0.0083757 -0.0251066 0.0134992 0.0242595 0.0262203 -0.00541538 -0.0264507 -0.0287769 0 -0.00882237 0.000542271 0 -0.000525353 0
internal_weight=14.1326 8.15973 5.71408 2.44565 2.2081 5.97291 4.21407 3.45518 1.95394 1.8456 3.50598 1.68154 1.74645 1.17294 1.49557 1.50124 1.82444 1.56999 0.5086 1.43606 1.51173 0.61846 0.413467 0.458375 0.234727 0.343372 0.254453
internal_count=7176 5194 1429 3765 918 1982 979 836 654 819 511 298 807 124 605 182 213 161 174 589 755 109 165 49 52 78 52
is_linear=0
shrinkage=0.05


Tree=151
num_leaves=28
num_cat=0
split_feature=2 13 3 5 8 5 5 20 53 40 35 45 35 57 45 5 46 36 36 8 53 38 57 57 35 46 29
split_gain=0.730579 0.661143 0.437657 0.35551 0.334999 0.418191 0.377934 0.282517 0.222149 0.182011 0.175386 0.153015 0.140098 0.125692 0.124129 0.123778 0.113265 0.056826 0.0566104 0.0285254 0.0293002 0.0270587 0.0435676 0.0261897 0.020474 0.00581578 0.000419293
threshold=0.4083333313465119 1.0000000180025095e-35 0.57669684290885936 0.57032969594001781 0.240384615957737 0.11215933039784433 0.44504831731319433 1.0000000180025095e-35 7.0446858406066903 2.8194408416748051 0.45421318709850317 17.076005935668949 0.42550456523895269 0.065070353448390975 10.161285400390627 0.073350071907043471 0.58571431040763866 0.23582887649536136 0.32037734985351568 0.61250001192092907 7.2474184036254892 0.31455026566982275 0.028417943045496944 0.03240706957876683 0.83802911639213573 0.26785714924335485 3.8333333730697636
decision_type=2 2 2 2 2 2 2 2 2 2 2 2 2 2 2 2 2 2 2 2 2 2 2 2 2 2 2
left_child=1 2 12 11 5 8 13 10 9 -3 -6 15 -1 -7 -14 -4 25 -9 -12 26 -21 22 -5 -20 -16 -11 -2
right_child=19 4 3 21 7 6 -8 17 -10 16 18 -13 14 -15 24 -17 -18 -19 23 20 -22 -23 -24 -25 -26 -27 -28
leaf_value=0.014789888780888789 0.00095282988381553018 -0.0033701925338574337 0 0.0032526898534462286 0.011382764544898609 -0.027701536839904197 0.0090969966135737417 0 -0.0080204624153787027 0.0027016131629471782 0 0 -0.014326304089635828 0 0 -0.034139406276587063 0.028824508130192251 0.027767947131721395 -0.016108541059092665 0.028076625728934487 0 0.0069935454933192547 -0.0087643297314987222 0 0.0082122568132971079 -0.0021272428958847654 0
leaf_weight=0.52857348968973195 0.15458677057176951 0.1725926086364783 0.070219769200776994 0.16750060784397636 0.75070600619073957 1.4621537198690928 0.33501534673268896 0.044130429392680637 0.22594231585389923 0.21287308708997421 0.17585848565795459 0.096061615040525683 0.5337021041777914 0.087341278791427501 0.2311964719556272 2.4036814248829614 0.84555081391590647 1.6621634431940036 0.61331204630550928 1.5808368453872388 0.057369290385395177 0.28929908521240577 0.32709827547660097 0.062845812819432467 0.31582568038720638 0.25675795765710063 0.24893178197089583
leaf_count=46 74 61 9 8 73 2118 21 2 15 32 32 17 445 1 19 2454 45 311 245 821 18 86 65 7 34 80 37
internal_value=0.00288084 -0.00216464 -0.0148725 -0.0234148 0.0070603 -0.00243798 -0.0160257 0.0167179 0.0110608 0.0180276 0 -0.0302882 0.00316463 -0.0248563 -0.00449361 -0.0324479 0.0232381 0.0265705 -0.0106897 0.0249264 0.0272652 0.000663246 -0.0018959 -0.0145153 0.00492709 0 0
internal_weight=13.9121 11.8704 4.96316 3.35386 6.90724 3.59823 1.88451 3.30902 1.71372 1.48777 1.60272 2.56996 1.6093 1.54949 1.08072 2.4739 1.31518 1.70629 0.852016 2.04172 1.63821 0.783898 0.494599 0.676158 0.547022 0.469631 0.403519
internal_count=7176 6226 3183 2639 3043 2373 2140 670 233 218 357 2480 544 2119 498 2463 157 313 284 950 839 159 73 252 53 112 111
is_linear=0
shrinkage=0.05


Tree=152
num_leaves=26
num_cat=0
split_feature=6 3 5 6 38 42 2 36 42 29 38 3 36 34 57 9 36 39 57 39 47 36 8 38 3
split_gain=0.715616 0.671916 0.541999 0.492405 0.397745 0.200703 0.189241 0.18127 0.13531 0.115496 0.103581 0.0948812 0.081282 0.0796912 0.103834 0.0752031 0.072485 0.0478502 0.0468335 0.0411349 0.0364098 0.0300187 0.0194488 0.0179523 7.98212e-07
threshold=6.7326085567474374 0.26764950156211859 0.45999288558959966 5.9423835277557382 0.22611077129840854 0.7587878704071046 0.19523809850215915 0.77032968401908886 0.19848485291004184 11.833333492279055 0.11269841343164445 0.3298212736845017 0.93405798077583324 0.63068181276321422 1.0000000180025095e-35 7.5000000000000009 0.88603895902633678 6.1432809829711923 0.046804908663034446 7.5028312206268319 0.63333335518836986 0.20204082131385806 0.63392856717109691 0.61834734678268444 0.28739997744560247
decision_type=2 2 2 2 2 2 2 2 2 2 2 2 2 2 2 2 2 2 2 2 2 2 2 2 2
left_child=1 8 3 5 12 11 18 17 13 21 -9 24 22 14 -1 -6 20 -5 -2 -13 -10 -8 -4 -18 -3
right_child=6 2 4 7 15 -7 9 10 16 -11 -12 19 -14 -15 -16 -17 23 -19 -20 -21 -22 -23 -24 -25 -26
leaf_value=0.0043197900872466661 -0.0086049762001578212 -4.265021627162369e-05 -0.017077727454872519 -0.014212355354615683 0.022711510598921344 0 0 -0.0017890977503037565 0 -9.1469021446419674e-05 0.017597695648347254 -0.034255275602617083 0.0010961286175838079 0.0085888012472498353 -0.014488017773538017 0 -0.0029401307971586481 0 0.0041420805092906654 0 0.028382609809660866 0.024306896481824311 0 0.0050574558164360184 0
leaf_weight=0.16013860702514493 0.32227304612752128 0.097023072186858239 0.63197345825028595 0.44357801282603737 1.0522163862187879 0.24595030304044474 0.082047887379304352 0.20172445449861698 0.44746040774043627 0.10568303940817703 0.73835406808939297 2.8853649345401213 0.18504103732993826 0.33711236773524433 0.61278512043645605 0.071891614221385569 0.33753234171308577 0.084501963225193322 0.19567332149017602 0.030297611257992574 0.54637886164709926 3.3348780087544583 0.054145885282196105 0.30263677483890206 0.18352011271053925
leaf_count=1 63 22 246 120 243 15 8 18 23 3 97 4637 24 11 279 110 9 10 18 5 30 1077 11 36 60
internal_value=0.00294178 -0.00423002 -0.0124994 -0.0205189 0.0058284 -0.0289282 0.0185026 0.000903783 0.0130253 0.0220423 0.0120825 -0.0317091 -0.0109793 0 -0.00753248 0.0202446 0.0192245 -0.0106083 -0.000939133 -0.0337355 0.0240652 0.0237247 -0.01592 0 0
internal_weight=13.6902 9.64963 6.90558 4.91031 1.99527 3.44216 4.04056 1.46816 2.74404 3.52261 0.940079 3.19621 0.87116 1.11004 0.772924 1.12411 1.63401 0.52808 0.517946 2.91566 0.993839 3.41693 0.686119 0.640169 0.280543
internal_count=7176 6007 5618 4984 634 4739 1169 245 389 1088 115 4724 281 291 280 353 98 130 81 4642 53 1085 257 45 82
is_linear=0
shrinkage=0.05


Tree=153
num_leaves=31
num_cat=0
split_feature=42 35 9 5 5 53 35 8 2 5 58 35 34 49 31 39 8 12 47 34 38 38 34 35 38 42 5 45 5 5
split_gain=0.702624 0.744519 0.550553 0.264895 0.442883 0.26451 0.194351 0.168526 0.165388 0.157909 0.138112 0.120983 0.0896379 0.0863103 0.0992851 0.0540638 0.051353 0.0513008 0.0431789 0.0274478 0.0239949 0.0184079 0.0189714 0.0178586 0.00975376 0.00946182 0.00927024 0.00903593 0.00532485 0.0039143
threshold=0.042572464793920524 0.45421318709850317 4.5000000000000009 0.42287866771221166 0.18394199758768084 7.2474184036254892 0.39164614677429205 0.45804196596145635 0.12249999865889551 0.77664399147033703 1.0000000180025095e-35 0.50933328270912182 0.41428571939468389 0.41666667163372045 1.0000000180025095e-35 6.8764495849609384 0.68333333730697643 1.0000000180025095e-35 0.86607143282890331 0.23611111193895343 0.059714796021580703 0.87652438879013073 0.61250001192092907 0.63820621371269237 0.36899313330650335 0.23904761672019961 0.33460560441017156 10.411530494689943 0.77194550633430492 0.23553323745727542
decision_type=2 2 2 2 2 2 2 2 2 2 2 2 2 2 2 2 2 2 2 2 2 2 2 2 2 2 2 2 2 2
left_child=1 6 8 4 5 12 16 13 18 21 20 -10 19 14 -6 -16 -1 29 -3 24 -8 22 -4 -5 -2 -14 -19 -21 -12 -13
right_child=3 2 9 23 7 -7 10 -9 11 -11 28 17 25 -15 15 -17 -18 26 -20 27 -22 -23 -24 -25 -26 -27 -28 -29 -30 -31
leaf_value=-0.0095372730136733929 0 -0.01545778273249206 -0.032755832211529168 0 0 -0.0067011035998423528 0 0.0060584322124260766 -0.0055503100025888086 0 -0.0032894029698431384 0 0 0 -0.024774563795210952 0 0.0032381982203226025 0.0036211728069713853 0 -0.0051433270714500018 0.025119270924780498 0 0 0.02896681787035162 0.0077248936246862802 0.029853189112789676 -0.002082468349808653 0 0 0.016992462159207338
leaf_weight=0.4429921283735897 0.07108782233262978 0.57926627209235482 2.268653227889446 0.046864893083693349 0.15420471646939393 0.24371178087312717 0.18730566703015927 0.2496368818101472 0.34162058046786148 0.09544299857225258 0.23030648272833776 0.10619314480572917 0.30992723864619598 0.16184193466324348 1.0545607194071633 0.11525695485761378 0.17490770830772817 0.24387879343703389 0.2368541705654934 0.2440986366418656 1.2654635079379657 0.039360446913633385 0.025010601559188106 1.5666792594711294 0.38781759252015036 0.99096135798026808 0.58295126282609999 0.11098282516468316 0.086258613038808107 0.88135162892285734
leaf_count=123 66 469 3950 16 51 24 21 108 21 11 133 12 33 17 556 13 20 17 9 74 129 8 21 861 56 93 102 14 18 130
internal_value=0.00294191 -0.00617134 -0.0160192 0.0151882 0.00444328 0.0165626 0.0127831 -0.0102331 0 -0.0296737 0.019231 0.00675628 0.0221393 -0.0163176 -0.0194333 -0.0227791 -0.00306424 0.0119988 -0.0121796 0.000271841 0.0236291 -0.0320029 -0.0324098 0.0284068 0.00632867 0.0275842 0 -0.00275985 0 0.0163827
internal_weight=13.4954 7.78782 5.40058 5.70763 4.09409 2.35859 2.38723 1.7355 2.97212 2.42847 1.76933 2.156 2.11488 1.48586 1.32402 1.16982 0.6179 1.81437 0.81612 0.813987 1.45277 2.33302 2.29366 1.61354 0.458905 1.30089 0.82683 0.355081 0.316565 0.987545
internal_count=7176 5194 4750 1982 1105 360 444 745 760 3990 301 282 336 637 620 569 143 261 478 210 150 3979 3971 877 122 126 119 88 151 142
is_linear=0
shrinkage=0.05


Tree=154
num_leaves=26
num_cat=0
split_feature=49 34 31 38 39 21 9 57 35 2 40 6 36 35 8 8 38 38 31 29 6 39 36 31 57
split_gain=0.681028 0.603213 0.467026 0.36462 0.387512 0.30536 0.2823 0.263468 0.260648 0.195807 0.166208 0.165975 0.131263 0.097949 0.0961028 0.081233 0.0684578 0.0468533 0.0454879 0.0387677 0.0240303 0.0216412 0.0173685 0.01678 0.0125821
threshold=0.18333333730697635 0.47222222387790685 1.0000000180025095e-35 0.4695423692464829 6.2203564643859872 1.0000000180025095e-35 7.5000000000000009 0.032663283869624145 0.8514743745326997 0.4083333313465119 4.0983333587646493 4.6938397884368905 0.31180556118488317 0.38585758209228521 0.88562092185020458 0.48333333432674414 0.053342817351222045 1.0000000180025095e-35 6.5000000000000009 14.583333492279055 3.8662848472595219 6.3950443267822275 0.29061582684516912 2.5000000000000004 0.063305098563432707
decision_type=2 2 2 2 2 2 2 2 2 2 2 2 2 2 2 2 2 2 2 2 2 2 2 2 2
left_child=1 2 5 -3 10 11 13 12 9 -4 15 -1 22 -2 17 -5 -13 -14 -6 20 -15 24 -7 -12 -10
right_child=6 3 8 4 18 7 -8 -9 21 -11 23 16 14 19 -16 -17 -18 -19 -20 -21 -22 -23 -24 -25 -26
leaf_value=-0.0042348312332326846 0 0.028058156810525609 -0.033378830028591169 -0.022997406617393638 0.017789418917963731 -0.0021670949240884412 -0.0057725200153824936 0.0090138278627860616 -0.0059052445397036095 0.00042457322157427767 0.0061410256289568567 0 0 0 0 0 0.021965778700151185 -0.025404431675812508 0 0 0.028299577828626205 0.0056811101548051128 0.0054525439123934098 0 0
leaf_weight=0.20149902958655586 0.17506699403748083 0.84171018005872644 2.0527306572621464 1.0329910057043892 0.95652559175505281 0.14687423857685677 0.24093276340863656 0.4372368799522518 0.25254598294850428 0.13951391447335471 0.29064564808504645 0.082984277541981899 0.06574706989340473 0.22263671888504255 0.082853899337351211 0.076221309253014513 1.133781468728557 1.3642307815753154 0.1113235920201987 0.069310178980231174 2.4595632952987216 0.29758283431874588 0.27934413147158921 0.20212644501589239 0.092012164182960987
leaf_count=384 12 147 3494 586 243 61 46 44 172 10 35 13 10 8 4 19 201 591 7 2 1007 33 15 24 8
internal_value=0.00295362 -0.00332293 -0.0119679 0.0109238 0 0 0.020223 -0.00940105 -0.024279 -0.0302022 -0.0133442 0.0138668 -0.0169087 0.0245615 -0.0215637 -0.0203343 0.0196781 -0.0240774 0.0156343 0.0263949 0.0271317 0 0 0.0021222 -0.00301513
internal_weight=13.308 10.1405 6.62894 3.51154 2.66983 3.79455 3.16751 2.37629 2.83439 2.19224 1.60198 1.41826 1.93905 2.92658 1.51283 1.10921 1.21677 1.42998 1.06785 2.75151 2.6822 0.642141 0.426218 0.492772 0.344558
internal_count=7176 6101 5040 1061 914 1323 1075 725 3717 3504 664 598 681 1029 605 605 214 601 250 1017 1015 213 76 59 180
is_linear=0
shrinkage=0.05


Tree=155
num_leaves=36
num_cat=0
split_feature=39 8 13 57 5 4 39 57 36 5 4 45 4 47 36 9 9 45 57 2 5 57 4 5 29 2 4 2 2 36 57 36 36 2 57
split_gain=0.647507 0.448456 0.531058 0.332791 0.315747 0.372828 0.272999 0.178538 0.17627 0.140177 0.1248 0.104713 0.102545 0.0777499 0.0983229 0.0647303 0.0562108 0.0535831 0.0358221 0.0322607 0.0298366 0.0159046 0.00916116 0.00902051 0.00634664 0.00606048 0.00594075 0.00405766 0.00334938 0.00229256 0.00117748 0.00112725 0.000552025 0.000115106 0.000385911
threshold=6.3950443267822275 0.61250001192092907 1.0000000180025095e-35 0.013793759513646366 0.48507130146026617 0.26764950156211859 4.626544952392579 0.062134975567460067 0.44543650746345526 0.36464461684226995 0.80086207389831554 7.0044846534729013 0.35329985618591314 0.86607143282890331 0.96824595332145702 7.5000000000000009 13.500000000000002 29.148195266723636 0.045088367536664016 0.26969698071479803 0.75204917788505565 0.029978761449456218 0.85628226399421703 0.37155500054359442 4.1666667461395273 0.097619049251079573 0.94466316699981701 0.26969698071479803 0.31414473056793218 0.4803846031427384 0.015504807699471714 0.21913109719753268 0.40778534114360815 0.21980676054954532 0.063556753098964705
decision_type=2 2 2 2 2 2 2 2 2 2 2 2 2 2 2 2 2 2 2 2 2 2 2 2 2 2 2 2 2 2 2 2 2 2 2
left_child=1 2 3 16 5 6 -4 9 21 19 -6 33 24 14 -8 28 -1 18 -13 -7 29 22 -5 -11 -10 -9 -12 31 -3 -14 -24 -25 -23 34 -2
right_child=11 15 4 8 10 7 13 25 12 23 26 17 20 -15 -16 -17 -18 -19 -20 -21 -22 32 30 27 -26 -27 -28 -29 -30 -31 -32 -33 -34 -35 -36
leaf_value=0.012275822452288348 -0.0010565784164817504 0 0.023397771026509865 0 0.023082216366259095 -0.026578004634464726 -0.016802782331409572 0 0.0012884902045503571 0.0037918024259256315 -0.0032843189864808216 0 0 0.0046320234107046212 0.0023048974342436972 0 -0.0016387080881172843 0 0.026740629552216462 0 0 -0.0042709469678906282 0 0 -0.0034140947193417185 0.0043624052003404367 0.00086660312174216536 0 0.019608202103757445 -0.031591307212313471 0.0059830157933632097 -0.0039026102371841789 0 0 0
leaf_weight=0.27756527079327309 0.12199005705770227 0.18603579845512186 0.6243134447722698 0.047414533706615081 0.98072684567887314 1.3353288846119542 0.57104825452552177 0.20798465976258729 0.28423930436838452 0.1918546102097024 0.2970053258468397 0.049984811092145587 0.062013077986194598 0.19477396085858345 0.1520284041762352 0.077578231837833189 0.13608621928142384 0.14407854859018687 2.0146673191629816 0.029177833755966165 0.036684502265415975 0.22091364025254734 0.1004656733275624 0.047114330634940416 0.17831548184040003 0.21947208291385323 0.14699456506059505 0.051204532384872437 1.1624184054089708 2.3755020623211749 0.24921673104108777 0.206625034683384 0.053571820768411271 0.044447907246649265 0.0275508938357234
leaf_count=34 174 21 62 109 49 2110 101 18 17 16 71 60 74 8 5 27 132 28 859 8 11 113 32 17 116 27 28 13 370 2206 37 151 42 28 2
internal_value=0.00294743 -0.00246193 -0.00718697 -0.0190082 0.00265259 -0.00431803 0.00975423 -0.015403 -0.0237136 -0.0206368 0.0175087 0.0221561 -0.0277525 -0.00428003 -0.0108774 0.016509 0.00624019 0.0245389 0.0259649 -0.0257597 -0.0307659 0 0.00367522 0 0 0.00237564 0 -0.00203707 0.0187205 -0.0312784 0.00556335 -0.00352282 -0.00404863 0 -0.000500329
internal_weight=13.1064 10.7037 9.27764 4.02199 5.25565 3.83093 1.54216 2.28876 3.60834 1.86131 1.42473 2.40272 2.93675 0.917851 0.723077 1.42603 0.413651 2.20873 2.06465 1.36451 2.4742 0.671582 0.397097 0.496799 0.462555 0.427457 0.444 0.304944 1.34845 2.43752 0.349682 0.253739 0.274485 0.193989 0.149541
internal_count=7176 6025 5607 2923 2684 2536 176 2360 2757 2315 148 1151 2424 114 106 418 166 947 919 2118 2291 333 178 197 133 45 99 181 391 2280 69 168 155 204 176
is_linear=0
shrinkage=0.05


Tree=156
num_leaves=26
num_cat=0
split_feature=42 35 9 6 5 35 6 35 5 58 5 47 35 29 48 57 46 57 36 42 42 36 57 57 9
split_gain=0.63942 0.678559 0.525305 0.250632 0.416175 0.312766 0.197309 0.180855 0.148381 0.119563 0.107273 0.0991568 0.0795847 0.0736236 0.0689872 0.052027 0.049421 0.054349 0.0393653 0.037861 0.0794627 0.0363667 0.0239107 0.0195615 0.000574692
threshold=0.042572464793920524 0.44773148000240331 4.5000000000000009 3.8662848472595219 1.0000000180025095e-35 0.7399691939353944 5.3610379695892343 0.39164614677429205 0.77664399147033703 1.0000000180025095e-35 0.53158244490623485 0.58571431040763866 0.50933328270912182 9.166666507720949 2.5000000000000004 0.065070353448390975 0.86607143282890331 0.062834918498992934 0.20204082131385806 0.37176080048084265 0.39791667461395269 0.86512476205825817 0.061719344928860671 0.04538575932383538 4.5000000000000009
decision_type=2 2 2 2 2 2 2 2 2 2 2 2 2 2 2 2 2 2 2 2 2 2 2 2 2
left_child=1 7 6 4 11 22 16 21 23 -9 15 -2 -8 -14 18 -6 17 -3 -7 -13 -21 24 -5 -4 -1
right_child=3 2 8 5 10 14 12 9 -10 -11 -12 19 13 -15 -16 -17 -18 -19 -20 20 -22 -23 -24 -25 -26
leaf_value=0 0 -0.017948409717281507 -0.031851172885193423 0.00027626186679796476 -0.021132084581997602 0 -0.0020971566487165195 0.023047598304931815 0 0 0.0017867483312764155 0.02290125104970632 0.0154328283069677 -0.0005781756060651874 0 0 0 0 0.031731093655102925 -0.0077439329497909137 0.0096349625643902311 0.0018884314337478871 -0.0076192827613795061 0 -0.0087486550154398345
leaf_weight=0.076833915431052779 0.33450928831007365 0.69527117579127684 2.1597652026976002 0.19957694887125432 0.87079496071964946 0.067890890873969378 0.30168720515212033 1.3605897349480072 0.092168954201042541 0.29592278019117646 0.1204276755452155 0.80862344871275105 1.4498648448206948 0.13569355360232283 0.074065637541934737 0.1353674940764904 0.23441811976954341 0.077154745697043836 2.0727721031871624 0.21489310637116432 0.35514447814784944 0.21001709802658297 0.21698887809179723 0.056456389211234526 0.31053118236013688
leaf_count=11 37 494 3965 47 766 8 19 136 11 138 1 22 233 8 6 2 6 3 1034 2 50 37 7 38 95
internal_value=0.00298918 -0.00586825 -0.0154077 0.0148748 0.00128487 0.0237717 0 0.0125824 -0.0290175 0.0189605 -0.0143965 0.0149453 0.00845854 0.0124351 0.0296334 -0.018751 -0.0119524 -0.0152139 0.030883 0.018947 0 -0.00277133 -0.00278221 -0.0313286 -0.00844183
internal_weight=12.9274 7.45637 5.20248 5.47105 2.83976 2.63129 2.89409 2.25389 2.30839 1.65651 1.12659 1.71317 1.88725 1.58556 2.21473 1.00616 1.00684 0.772426 2.14066 1.37866 0.570038 0.597382 0.416566 2.21622 0.387365
internal_count=7176 5194 4777 1982 880 1102 763 417 4014 274 769 111 260 241 1048 768 503 497 1042 74 52 143 54 4003 106
is_linear=0
shrinkage=0.05


Tree=157
num_leaves=26
num_cat=0
split_feature=49 34 31 38 39 21 9 57 35 2 40 6 37 8 35 8 38 38 31 2 39 31 37 57 31
split_gain=0.613 0.552728 0.418631 0.334176 0.340067 0.277686 0.257343 0.24023 0.235585 0.182277 0.153494 0.152808 0.116129 0.0908095 0.0903855 0.0779395 0.0650857 0.0429368 0.0418721 0.032464 0.0186183 0.0156905 0.0148444 0.011636 0.000148131
threshold=0.26785714924335485 0.47222222387790685 1.0000000180025095e-35 0.4695423692464829 6.2203564643859872 1.0000000180025095e-35 7.5000000000000009 0.032663283869624145 0.8514743745326997 0.4083333313465119 4.0983333587646493 4.6938397884368905 0.31180556118488317 0.88562092185020458 0.38585758209228521 0.48333333432674414 0.053342817351222045 1.0000000180025095e-35 6.5000000000000009 0.10435571894049646 6.3950443267822275 2.5000000000000004 0.29061582684516912 0.063305098563432707 2.5000000000000004
decision_type=2 2 2 2 2 2 2 2 2 2 2 2 2 2 2 2 2 2 2 2 2 2 2 2 2
left_child=1 2 5 24 10 11 14 12 9 -4 15 -1 22 17 -2 -5 -13 -14 -6 -16 23 -12 -7 -10 -3
right_child=6 3 8 4 18 7 -8 -9 20 -11 21 16 13 -15 19 -17 -18 -19 -20 -21 -22 -23 -24 -25 -26
leaf_value=-0.0039842234019581381 0 0.028381150722158955 -0.03236973725081304 -0.022223244524087502 0.016888316963354893 -0.0021245795310339969 -0.0053045257310398806 0.0084379176616597214 -0.0056384841202220155 0.00027370991442812292 0.0059473524586871494 0 0 0 0 0 0.021199174508287871 -0.024654592861224983 0 0.027783228006220052 0.0052908262644099915 0 0.0050111933391646943 0 0
leaf_weight=0.19496182783041005 0.17050765966996717 0.65572106445324641 1.9398885410919326 0.98976841790135972 0.90931013945373684 0.14582319512555875 0.22815453656949092 0.42301563406363119 0.24491501836746454 0.13594619324430812 0.28357699303887773 0.082294603984337189 0.063261902716476359 0.081285294145345577 0.40925567713566158 0.076447194442152977 1.100749281060416 1.3029410609160548 0.10893716209102422 2.1851455934229307 0.28807534888619557 0.19672725346754305 0.27185976094915532 0.09024208877235651 0.16297695491812192
leaf_count=384 12 25 3500 587 243 61 42 44 172 10 35 13 10 4 23 20 201 591 7 990 33 24 15 8 122
internal_value=0.00289939 -0.00313003 -0.0115895 0.0106572 0 0 0.0196557 -0.00915993 -0.0234599 -0.0292124 -0.0126931 0.0132632 -0.0164482 -0.0208647 0.0239053 -0.0195268 0.018919 -0.0233716 0.0147632 0.0257185 0 0.00204243 0 -0.00280285 0.0270759
internal_weight=12.7418 9.74872 6.36526 3.38347 2.56477 3.66619 2.99306 2.28819 2.69907 2.07583 1.54652 1.37801 1.86517 1.44749 2.76491 1.06622 1.18304 1.3662 1.01825 2.5944 0.623232 0.480304 0.417683 0.335157 0.818698
internal_count=7176 6109 5046 1063 916 1323 1067 725 3723 3510 666 598 681 605 1025 607 214 601 250 1013 213 59 76 180 147
is_linear=0
shrinkage=0.05


Tree=158
num_leaves=29
num_cat=0
split_feature=42 35 57 36 6 35 38 39 2 38 36 48 42 58 6 48 6 49 38 6 36 57 36 49 38 29 57 38
split_gain=0.595083 0.627469 0.41142 0.277248 0.226898 0.294303 0.289709 0.21989 0.218275 0.169811 0.0927241 0.0924734 0.0874264 0.082764 0.0737645 0.0654954 0.0600539 0.047448 0.0424653 0.0297302 0.023024 0.0220774 0.0191279 0.011648 0.00783515 0.0050375 0.00469666 0.000212465
threshold=0.042572464793920524 0.44773148000240331 0.046804908663034446 0.32037734985351568 3.8662848472595219 0.7399691939353944 0.32200460135936743 6.2203564643859872 0.4083333313465119 0.09175084158778192 0.96824595332145702 1.0000000180025095e-35 0.21103239059448245 1.0000000180025095e-35 6.7326085567474374 2.5000000000000004 7.0446858406066903 0.18333333730697635 0.2522727251052857 4.1066589355468759 0.9529346525669099 0.061719344928860671 0.41763564944267279 0.90000000596046459 0.6209508776664735 4.8333332538604745 0.063824784010648741 0.49647887051105505
decision_type=2 2 2 2 2 2 2 2 2 2 2 2 2 2 2 2 2 2 2 2 2 2 2 2 2 2 2 2
left_child=1 9 3 16 6 21 12 10 17 14 22 -9 -2 -11 20 18 -3 -5 -7 -4 -1 -6 -8 -19 -13 -16 -24 -12
right_child=4 2 19 8 5 15 7 11 -10 13 27 24 -14 -15 25 -17 -18 23 -20 -21 -22 -23 26 -25 -26 -27 -28 -29
leaf_value=-0.01155276187898816 0 -0.0042029929315704224 0 -0.032526559002487986 0.00016471307193066849 0 0 -0.0041439775541168306 0 0.023400909814998722 0.00068678696188242201 0 0.023996610629505213 0 0.006942664613708651 0 0.010072098959052662 0 0.031180635691047287 0.010519808898782762 0 -0.0073017434256074515 -0.021836876751053225 -0.0055845595718772697 0.014343204359489185 0 0 0
leaf_weight=0.43472779620788082 0.081071645196061914 0.23111037563648995 0.33504289822303679 2.4394574948528325 0.19604580943996586 0.072929045185447516 0.033498659526230989 0.19709321204572905 0.37471684027696017 1.0070031132490838 0.12611504978849541 0.20426931255497038 0.43154776719165966 0.19941257235768706 0.31251537299249321 0.072686286061070748 0.33172296290285885 0.31600529135903332 1.9720772922883041 0.52494303017738275 0.087418512615840882 0.21283680619671941 0.85972499170748051 0.48050385538954288 0.50522284006001428 0.16969717154279351 0.11112947692163289 0.23810749396216124
leaf_count=176 103 215 50 4224 47 11 24 42 41 85 13 33 38 84 46 6 8 27 1031 176 16 7 541 36 43 10 7 36
internal_value=0.00291622 -0.00572494 -0.0150747 -0.0211087 0.0145285 0.0231709 0.00132632 -0.00618189 -0.0254724 0.0120703 -0.0158553 0.0064554 0.020012 0.0201081 -0.000305139 0.0289871 0.00207245 -0.0288975 0.0302338 0.00712542 -0.00938009 -0.00259696 -0.0203156 -0.00308095 0.0130264 0.00584684 -0.0210714 0
internal_weight=12.5586 7.24428 5.0335 4.17352 5.31436 2.52658 2.78778 2.27516 3.61068 2.21077 1.36858 0.906585 0.512619 1.20642 1.00436 2.11769 0.562833 3.23597 2.04501 0.859986 0.522146 0.408883 1.00435 0.796509 0.709492 0.482213 0.970854 0.364223
internal_count=7176 5194 4777 4551 1982 1102 880 739 4328 417 621 118 141 169 248 1048 223 4287 1042 226 192 54 572 63 76 56 548 49
is_linear=0
shrinkage=0.05


Tree=159
num_leaves=32
num_cat=0
split_feature=6 3 49 6 13 37 2 34 37 37 29 5 42 5 8 3 35 39 37 35 3 37 5 2 5 39 45 35 37 35 3
split_gain=0.57052 0.585208 0.426563 0.306466 0.23451 0.169216 0.16013 0.156488 0.106759 0.145723 0.0955907 0.0947805 0.0691439 0.0553452 0.0544566 0.032281 0.0367669 0.0317834 0.0292382 0.0260089 0.0164004 0.0132156 0.0108925 0.00807042 0.00784892 0.00352286 0.00229521 0.00127337 0.00047941 0.000321842 1.67027e-05
threshold=6.7326085567474374 0.26764950156211859 0.26785714924335485 5.7751989364624032 1.0000000180025095e-35 0.77032968401908886 0.19523809850215915 0.93750000000000011 0.88047617673873912 0.96824595332145702 11.833333492279055 0.48507130146026617 0.22086720913648608 0.58397436141967785 0.43650794029235845 0.55376964807510387 0.84967032074928295 7.5028312206268319 0.20204082131385806 0.79849672317504894 0.31725417077541357 0.78817018866539013 0.31605799496173864 0.37980769574642187 0.24765618145465854 5.7751989364624032 11.003695487976076 0.51883593201637279 0.81909090280532848 0.74172639846801769 0.30417390167713171
decision_type=2 2 2 2 2 2 2 2 2 2 2 2 2 2 2 2 2 2 2 2 2 2 2 2 2 2 2 2 2 2 2
left_child=1 8 3 7 13 15 19 11 12 26 18 17 21 -4 22 -5 -17 20 -8 -2 30 27 -7 -16 -6 -13 -10 -1 -23 -29 -3
right_child=6 2 4 5 24 14 10 -9 9 -11 -12 25 -14 -15 23 16 -18 -19 -20 -21 -22 28 -24 -25 -26 -27 -28 29 -30 -31 -32
leaf_value=0 -0.006691154660464803 -0.00019472916264739071 -0.01252240548268063 0 0 0 0 0 -0.012342907152495858 0.010595446203188162 0 -0.0020525478316661587 0.022750607205043724 0.0010388356773296085 -0.0039113085766375915 -0.016426023107290352 0 0 0.023031081898198531 0.0024276485824189279 -0.032905686979578866 0 0.015047333209705206 0.0010860529021287169 0.018637326511509445 0.0018767310961994967 0 -0.0032434224310717644 0.0045399312958543919 0 0
leaf_weight=0.045170430617871071 0.31572125654202077 0.10119676557951773 0.50141310715116538 0.14101032144390024 0.14237634441815317 0.075162172244745307 0.079633327317424896 0.22236938076093782 0.3681968246528412 0.43951165932230651 0.094981203321367391 0.14669347678136535 0.93883214227389544 0.12282353575574234 0.22899658739333972 0.54915073070151266 0.051777631044387817 0.026631541084498056 2.9916091305785812 0.15375032799784094 2.2515411377389682 0.20290401935926639 0.50626026111422107 0.16526047998922877 0.73739992658374831 0.12891597399720922 0.10995706357061863 0.17459759468329139 0.25510554391075857 0.028584534476976842 0.084552079817513004
leaf_count=20 64 36 55 17 13 42 8 9 74 54 3 204 49 67 40 212 17 5 1077 17 4663 25 78 21 115 3 6 127 23 11 21
internal_value=0.00293641 -0.00373726 -0.0120056 -0.0187932 0.00618773 0 0.0174127 -0.0264516 0.0125791 0 0.0208157 -0.0290845 0.0177208 -0.00777896 0.00948328 -0.0118683 -0.0142714 -0.0313308 0.0224076 -0.000682418 -0.0318173 0 0.0140869 0 0.0176239 0 -0.0117104 -0.00258914 0.00411347 -0.00309857 0
internal_weight=12.3821 8.74639 6.18353 4.67952 1.50401 1.71762 3.6357 2.9619 2.56286 0.917666 3.16622 2.73953 1.64519 0.624237 0.97568 0.741939 0.600928 2.46392 3.07124 0.469472 2.43729 0.706362 0.581422 0.394257 0.879776 0.275609 0.478154 0.248353 0.45801 0.203182 0.185749
internal_count=7176 6007 5618 5368 250 427 1169 4941 389 134 1088 4932 255 122 181 246 229 4725 1085 81 4720 206 120 61 128 207 80 158 48 138 57
is_linear=0
shrinkage=0.05


Tree=160
num_leaves=20
num_cat=0
split_feature=34 31 58 35 6 5 6 2 8 53 40 38 36 2 5 40 5 45 2
split_gain=0.559456 0.532857 0.478769 0.399836 0.351976 0.512119 0.269065 0.254864 0.232752 0.225951 0.249194 0.105117 0.0846057 0.0776096 0.0472137 0.0316148 0.0212237 0.0119661 0.00157964
threshold=0.47222222387790685 1.0000000180025095e-35 1.0000000180025095e-35 0.8514743745326997 3.8662848472595219 0.16463142633438113 6.8764495849609384 0.4083333313465119 0.240384615957737 7.2474184036254892 2.8194408416748051 0.070197045803070082 0.96609193086624157 0.47213622927665716 0.53158244490623485 5.3854017257690439 0.70381036400794994 6.2203564643859872 0.31414473056793218
decision_type=2 2 2 2 2 2 2 2 2 2 2 2 2 2 2 2 2 2 2
left_child=1 2 8 7 5 9 13 16 14 10 -2 -10 -13 -4 -1 18 -3 -17 -5
right_child=4 3 6 15 -6 -7 -8 -9 11 -11 -12 12 -14 -15 -16 17 -18 -19 -20
leaf_value=-0.010211588143849945 -0.0041392370781376912 -0.032051497734897495 -0.024150394848831906 -0.0019837295367966384 0.028074951947972868 -0.019713308446182243 0.0060427719280313121 0.0024599104571250197 0 -0.0061702540117443763 0.027708002950033617 0.024735659883468646 0 0 0.0020224990907093828 0 0 0.0096610129884932335 0
leaf_weight=0.38053434381435947 0.19303218375716946 1.9476776015071671 1.0376240452605996 0.16116231844353013 1.8056561942648839 0.77233843140129455 0.52761280915001396 0.18808298866497342 0.43018626148114014 0.20598955545574416 1.231305637877085 2.2352546575857564 0.26637367904186238 0.068396667717024573 0.13410456728888676 0.12234067819372285 0.013719396258238592 0.48011759275686927 0.028833019605372101
leaf_count=450 106 3520 601 116 1010 576 65 43 50 5 95 304 20 14 7 57 6 107 24
internal_value=0.00289022 -0.00443768 0.00470289 -0.0186789 0.0159889 0 -0.0119727 -0.0272874 0.0146467 0.0149964 0.0214025 0.0195659 0.0224701 -0.0217295 -0.00449198 0.00407842 -0.0316958 0.00821834 -0.00072198
internal_weight=12.2303 8.02202 5.08009 2.94193 4.20832 2.40267 1.63363 2.14948 3.44645 1.63033 1.42434 2.93181 2.50163 1.10602 0.514639 0.792454 1.9614 0.602458 0.189995
internal_count=7176 5384 1511 3873 1792 782 680 3569 831 206 201 374 324 615 457 304 3526 164 140
is_linear=0
shrinkage=0.05


Tree=161
num_leaves=29
num_cat=0
split_feature=42 35 57 36 2 6 5 35 35 5 58 5 46 57 48 6 57 8 38 57 6 57 31 38 8 5 42 36
split_gain=0.540576 0.566326 0.378553 0.254377 0.205708 0.199695 0.352869 0.270375 0.157825 0.105078 0.100189 0.0956779 0.0708308 0.0801692 0.0631385 0.0535055 0.0453914 0.0428058 0.0367812 0.0325577 0.0273454 0.0195841 0.00754777 0.00501169 0.00415769 0.00236928 0.000646934 0.000104238
threshold=0.042572464793920524 0.44773148000240331 0.046804908663034446 0.32037734985351568 0.4083333313465119 3.8662848472595219 1.0000000180025095e-35 0.7399691939353944 0.39164614677429205 0.71902412176132213 1.0000000180025095e-35 0.53158244490623485 0.58571431040763866 0.063372347503900542 2.5000000000000004 7.0446858406066903 0.065070353448390975 0.68333333730697643 0.2522727251052857 0.063556753098964705 4.1066589355468759 0.061719344928860671 4.5000000000000009 0.063508063554763808 0.61250001192092907 0.23553323745727542 0.35092592239379888 0.89871793985366832
decision_type=2 2 2 2 2 2 2 2 2 2 2 2 2 2 2 2 2 2 2 2 2 2 2 2 2 2 2 2
left_child=1 8 3 15 9 6 12 21 17 22 23 16 26 -14 18 -3 -8 -1 -9 -15 -4 -7 -5 -10 -6 -22 -2 -12
right_child=5 2 20 4 24 7 11 14 10 -11 27 -13 13 19 -16 -17 -18 -19 -20 -21 25 -23 -24 -25 -26 -27 -28 -29
leaf_value=-0.0088071490679974256 -0.001148570488795678 -0.0039153654236521477 0 -0.029824804820804924 0 0 -0.019947779766144522 0 0 0 -0.00046682256951085334 0.0015468097955483419 0.022520633427216143 -0.0061384826272738021 0 0.0095436679824575672 0 0.0027598748541318419 0.030295232263332895 0.0054232785980919442 0 -0.0068567007965832458 0 0.022514168036627535 0.0029501421810351693 0.010525661852361805 0 0
leaf_weight=0.41113089100690592 0.22598375380039248 0.22324088231835082 0.32739894655242086 2.9807743291312376 0.17296648543560866 0.18888819699350312 0.80130852341244441 0.070102677214890607 0.20146183835458931 0.08176117023685936 0.19581539893988509 0.11643777042627335 0.77266140212304868 0.19977898616343737 0.071745220222510286 0.31821819208562374 0.12904516980051994 0.16315656085498631 1.8502509291429303 0.23029269487597048 0.0787422513240017 0.20688235340639949 0.017651386267971136 1.0870677319035165 0.19427943316986784 0.42442660202505067 0.21962744905613363 0.084378010593354702
leaf_count=123 33 215 50 4274 15 47 766 11 27 7 107 1 23 3 6 8 2 20 1031 41 13 7 6 109 26 163 11 31
internal_value=0.00277836 -0.0055721 -0.0146641 -0.0205862 -0.0248443 0.0140741 0.00128997 0.0223875 0.0114443 -0.0282637 0.0175914 -0.0133862 0.0140334 0.0178092 0.0281212 0.00181075 -0.0176784 -0.00267923 0.0293987 0 0.00675484 -0.00236102 -0.0296795 0.0213727 0 0.0100521 0 0
internal_weight=12.0455 6.96247 4.81946 3.98889 3.44743 5.08301 2.69514 2.38787 2.14301 3.08019 1.56872 1.04679 1.64834 1.20273 1.9921 0.541459 0.930354 0.574287 1.92035 0.430072 0.830568 0.395771 2.99843 1.28853 0.367246 0.503169 0.445611 0.280193
internal_count=7176 5194 4777 4551 4328 1982 880 1102 417 4287 274 769 111 67 1048 223 768 143 1042 44 226 54 4280 136 41 176 44 138
is_linear=0
shrinkage=0.05


Tree=162
num_leaves=33
num_cat=0
split_feature=5 3 39 3 38 35 34 8 29 40 38 59 36 48 8 36 36 38 45 8 36 36 36 36 38 35 45 8 35 36 57 36
split_gain=0.506796 0.5394 0.344382 0.300343 0.212311 0.396495 0.235193 0.183102 0.132767 0.103388 0.115006 0.0853558 0.0875393 0.0769488 0.0707748 0.0575712 0.0503063 0.0496956 0.0466468 0.0457058 0.0220161 0.0194691 0.0132513 0.0105892 0.00473687 0.00423346 0.00338871 0.00212907 0.000560586 0.000234736 0.000173921 1.55668e-05
threshold=0.70381036400794994 0.72776681184768688 6.2203564643859872 0.9635254740715028 0.41728855669498449 0.89848890900611889 0.63068181276321422 0.63392856717109691 17.166666984558109 2.8716531991958623 0.053342817351222045 1.0000000180025095e-35 0.2788888961076737 1.0000000180025095e-35 0.16228070110082629 0.30368906259536749 0.93142634630203258 1.0000000180025095e-35 18.168300628662113 0.48333333432674414 0.23582887649536136 0.4803846031427384 0.41763564944267279 0.88047617673873912 0.31455026566982275 0.8737836778163911 8.030555725097658 0.61250001192092907 0.48910629749298101 0.26876173913478857 0.03152930177748204 0.91458967328071605
decision_type=2 2 2 2 2 2 2 2 2 2 2 2 2 2 2 2 2 2 2 2 2 2 2 2 2 2 2 2 2 2 2 2
left_child=1 4 3 7 8 6 18 11 9 10 -1 -3 29 -7 -4 -12 21 -14 19 -6 -16 28 24 -17 -11 27 -24 -23 -5 -13 -9 -25
right_child=-2 2 14 16 5 13 -8 30 -10 22 15 12 17 -15 20 23 -18 -19 -20 -21 -22 25 26 31 -26 -27 -28 -29 -30 -31 -32 -33
leaf_value=0 0.023928987418198322 0 -0.002334332989047149 0 -0.025470295745174273 0 0.004949488097118003 0.00069546814807556524 -0.0028334999759909085 0 0 -0.00068769886867731296 0 0.018666985652820222 0 0.026636367350047291 0.0087250148081579881 -0.033031625505516506 0 0 0.014256339935062815 -0.0080566516498325105 -0.0047457827564135512 0 0.0046471846843208304 0 0 0 0.0010938211691177251 0.00018435871536427311 0 0.0001773356608450442
leaf_weight=0.13155835424549822 1.3588860493036925 0.18106253002770278 0.15304532069421828 0.044508576756925211 1.072058099874994 0.28090276749571763 0.3804952568898442 0.11581682076212008 0.16512864797550708 0.11958346540632181 0.0606757148925684 0.16134614615293807 0.076672327646520322 0.80139363190392032 0.03463590145111084 1.8018288949388082 0.41555659964797087 2.1824067980924156 0.040785829536616691 0.17256131497560989 0.59537135825667065 0.29790336806036066 0.2160937688749982 0.057803799034445436 0.20634901605080813 0.022469126648502424 0.062479139087372459 0.023589786957018077 0.17135772488836665 0.10640178409812506 0.13259360945085064 0.23750912638206501
leaf_count=26 786 193 269 29 888 57 31 18 299 91 44 92 13 115 1 313 87 2425 4 42 306 347 387 26 27 12 44 6 66 11 47 74
internal_value=0.00283045 -0.00130076 -0.0128699 -0.0186152 0.00786828 -0.000934177 -0.0144827 -0.0249264 0.0152901 0.0180704 0.0215668 -0.0280425 -0.0297868 0.0144591 0.00743457 0.0239906 0.000917294 -0.0320515 -0.0220715 -0.0234085 0.0128514 -0.00355087 0 0.0251654 0.00327374 -0.0071309 -0.00384655 -0.00772808 0 0 0.000289862 0
internal_weight=11.8808 10.5219 4.71474 3.93169 5.80721 2.7482 1.6659 2.9563 3.05901 2.89388 2.28938 2.70789 2.52683 1.0823 0.783053 2.15782 0.975385 2.25908 1.28541 1.24462 0.630007 0.559829 0.604505 2.09714 0.325932 0.343962 0.278573 0.321493 0.215866 0.267748 0.24841 0.295313
internal_count=7176 6390 3922 3346 2468 1137 965 2799 1331 1032 483 2734 2541 172 576 457 547 2438 934 930 307 460 549 413 118 365 431 353 95 103 65 100
is_linear=0
shrinkage=0.05


Tree=163
num_leaves=28
num_cat=0
split_feature=49 3 6 36 9 53 48 14 5 5 3 36 57 35 57 57 46 2 29 8 3 6 34 2 5 57 57
split_gain=0.50428 0.48198 0.504021 0.233406 0.22854 0.156917 0.161288 0.118781 0.174303 0.0982793 0.0897111 0.082651 0.0802326 0.0799586 0.0459881 0.0782801 0.0451935 0.0397388 0.0308651 0.0172652 0.0109482 0.0108086 0.00942173 0.00332723 0.00180332 0.00162327 0.00528751
threshold=0.18333333730697635 0.57669684290885936 6.7326085567474374 0.93405798077583324 7.5000000000000009 1.0000000180025095e-35 1.0000000180025095e-35 1.0000000180025095e-35 0.70381036400794994 0.78474903106689464 0.67474776506423961 0.70074626803398143 0.047879064455628402 0.38585758209228521 0.026327067054808143 0.060378933325409896 0.86607143282890331 0.10912698507308961 14.583333492279055 0.70714285969734203 0.86124861240386974 3.8662848472595219 0.32051283121109014 0.19523809850215915 0.12778327614068988 0.032154673710465438 0.046987103298306472
decision_type=2 2 2 2 2 2 2 2 2 2 2 2 2 2 2 2 2 2 2 2 2 2 2 2 2 2 2
left_child=1 5 3 9 13 6 12 23 10 16 -9 22 -1 -2 -13 25 19 24 21 -3 -19 -15 -8 -4 -5 -16 -27
right_child=4 2 7 17 -6 -7 11 8 -10 -11 -12 14 -14 18 15 -17 -18 20 -20 -21 -22 -23 -24 -25 -26 26 -28
leaf_value=-0.010942657422122085 0 -0.032186428158335001 0 0 -0.0048713098619609929 -0.0071084613223084854 -0.0039093191442264438 0.0013102830432703688 0.010259026706773625 0 -0.017024523393643184 0.028135150365272827 0.0052132284917113499 0 -0.0024959093539423565 0.012350151961905219 0 0 0 0 0.0077984774439606112 0.026211974315208553 0.0021099862253476302 0.015126089648737904 -0.0060640585589554243 0.0022768995688826495 -0.0020349663952998935
leaf_weight=0.39706075184221745 0.16266222600825297 2.0016690663760546 0.12303052609786358 0.014823946854448766 0.21659164008451615 0.29514579482201941 0.19203857716638628 0.14437385939527303 0.36295810382580385 0.064822435961104818 0.82061756280018017 0.68981625034939531 0.40461989922914654 0.20191231888020489 0.15689610905246787 0.717515624826774 0.29775843443348993 0.078480918484274298 0.058589337393641361 0.012400742387398966 0.40482805640203878 2.099953654629644 0.19870040085515939 0.53960615984397009 0.24519605646491982 0.42611299107375089 0.40673554217210039
leaf_count=378 12 3894 15 14 46 73 222 14 122 11 80 93 25 8 173 56 17 69 2 4 89 1007 62 106 427 132 25
internal_value=0.00283272 -0.00282155 -0.0122986 -0.0227069 0.0185246 0.00858804 0.0122358 0.00448083 -0.00236821 -0.0283181 -0.0124661 0.0169282 -0.00164566 0.0227647 0.0195026 0.00506362 -0.029863 0 0.0245521 -0.0318964 0.00625669 0.0252363 0 0.0143828 -0.00572383 -0.00125798 0
internal_weight=11.7349 8.99521 5.11057 3.11998 2.73971 3.88464 3.5895 1.99059 1.32795 2.37665 0.964991 2.78782 0.801681 2.52312 2.39708 1.70726 2.31183 0.743329 2.36046 2.01407 0.483309 2.30187 0.390739 0.662637 0.26002 0.989745 0.832849
internal_count=7176 6101 4862 4525 1075 1239 1166 337 216 3926 94 763 403 1029 479 386 3915 599 1017 3898 158 1015 284 121 441 330 157
is_linear=0
shrinkage=0.05


Tree=164
num_leaves=27
num_cat=0
split_feature=42 35 9 6 5 35 6 35 5 58 5 47 35 48 47 57 57 8 38 35 38 38 57 57 38 38
split_gain=0.488473 0.506403 0.440366 0.178655 0.321729 0.244986 0.156928 0.141211 0.124139 0.0925752 0.0894948 0.0854862 0.0684777 0.0567909 0.0425697 0.0448909 0.0422476 0.0393138 0.0361211 0.0456571 0.0344125 0.0255891 0.0170588 0.0163167 0.0163653 0.00261315
threshold=0.042572464793920524 0.44773148000240331 4.5000000000000009 3.8662848472595219 1.0000000180025095e-35 0.7399691939353944 5.3610379695892343 0.39164614677429205 0.77664399147033703 1.0000000180025095e-35 0.53158244490623485 0.58571431040763866 0.50933328270912182 2.5000000000000004 0.86607143282890331 0.062834918498992934 0.065070353448390975 0.68333333730697643 0.4695423692464829 0.9011763632297517 0.2522727251052857 0.11269841343164445 0.061719344928860671 0.04538575932383538 0.87652438879013073 0.063508063554763808
decision_type=2 2 2 2 2 2 2 2 2 2 2 2 2 2 2 2 2 2 2 2 2 2 2 2 2 2
left_child=1 7 6 4 11 22 14 17 23 25 16 -2 -8 20 15 -3 -6 -1 -13 -20 -7 -14 -5 24 -4 -9
right_child=3 2 8 5 10 13 12 9 -10 -11 -12 18 21 -15 -16 -17 -18 -19 19 -21 -22 -23 -24 -25 -26 -27
leaf_value=-0.0084157254401499293 0 -0.016281375793925572 -0.030357154219105273 0 -0.019304750936812359 0 -0.0015625366729932991 0 0 0 0.0014043503265151148 0.022863601866482522 0 0 0 0 0 0.002634630832670402 -0.0036759588409694881 0.0084601399724852176 0.029478357063361341 0.013145588963250427 -0.0063188008043359462 0 0 0.021505382277586381
leaf_weight=0.39922705243225243 0.31812083680415559 0.61426638645934906 1.8252433574234599 0.18449700683413572 0.76547865183965746 0.067996849655173608 0.2747651983227114 0.19716899478225958 0.08355133922304947 0.27215894219989412 0.11405324935913086 0.49857977929059394 0.045018297620117553 0.068124887999147066 0.22197724552825093 0.07175235659815371 0.12558571621775627 0.16020517679862678 0.48561410466209054 0.31795636774040759 1.7443459408968918 1.4021722179604692 0.19959800643846393 0.050409846269758307 0.034981502365553641 1.0525998290831919
leaf_count=123 37 490 3957 47 766 11 19 27 11 138 1 13 2 6 10 3 2 20 11 50 1031 239 7 38 8 109
internal_value=0.00281221 -0.00524288 -0.0140528 0.0137217 0.00129542 0.0217866 0 0.0109158 -0.0271776 0.0167944 -0.0128441 0.0135293 0.00820072 0.0273633 -0.0104727 -0.0136835 -0.0170901 -0.00238471 0.0173542 0.000382042 0.0285897 0.0119786 -0.00194753 -0.0294355 -0.029933 0.0204706
internal_weight=11.5954 6.7055 4.62414 4.88995 2.62539 2.26456 2.62995 2.08136 1.99419 1.52193 1.00512 1.62027 1.72196 1.88047 0.907996 0.686019 0.891064 0.559432 1.30215 0.80357 1.81234 1.44719 0.384095 1.91063 1.86022 1.24977
internal_count=7176 5194 4777 1982 880 1102 763 417 4014 274 769 111 260 1048 503 493 768 143 74 61 1042 241 54 4003 3965 136
is_linear=0
shrinkage=0.05


Tree=165
num_leaves=30
num_cat=0
split_feature=6 13 9 47 57 38 35 8 8 36 53 35 6 20 38 38 36 39 3 29 57 57 36 6 39 38 3 36 39
split_gain=0.472326 0.495894 0.286939 0.239853 0.329769 0.182459 0.201385 0.134537 0.120012 0.101346 0.0826821 0.0536724 0.0422382 0.0420223 0.0464145 0.0400199 0.0348641 0.0341444 0.0392142 0.0315746 0.0279675 0.0231194 0.0218875 0.0111122 0.00684768 0.00473596 0.00345179 0.000256055 1.8797e-05
threshold=6.7326085567474374 1.0000000180025095e-35 9.5000000000000018 0.77500000596046459 0.013793759513646366 0.4695423692464829 0.91139987111091625 0.39230769872665411 0.61250001192092907 0.2788888961076737 7.2474184036254892 0.91139987111091625 6.4953796863555917 1.0000000180025095e-35 0.12060606107115747 0.78817018866539013 0.23582887649536136 6.3038835525512704 0.72776681184768688 4.1666667461395273 0.064801942557096495 0.045553633943200118 0.48957881331443792 6.071730613708497 6.1432809829711923 0.39827586710453039 0.25233972072601324 0.90661337971687328 6.4953796863555917
decision_type=2 2 2 2 2 2 2 2 2 2 2 2 2 2 2 2 2 2 2 2 2 2 2 2 2 2 2 2 2
left_child=1 3 5 4 12 9 15 21 11 -3 16 -6 -1 14 -11 20 -9 18 -15 -5 22 -2 -7 -24 -8 -10 -16 -17 -19
right_child=7 2 -4 19 8 6 24 10 25 13 -12 -13 -14 17 26 27 -18 28 -20 -21 -22 -23 23 -25 -26 -27 -28 -29 -30
leaf_value=-0.0011715259089138787 -0.0062162973997260717 -0.00029596446093696922 -0.013256017585794847 0.0077051779594422458 -0.032158313251710251 0 0 0 -0.0022631477695746142 0.0079537977058216618 0 0 0.010531402535329248 0.027338424809029201 0 0.00075905267797862145 0.022163091092980539 0 0 -0.0016474061322174324 0 0.0025243859805629465 -0.017982922462394697 0 0.012170169263686054 0.0022191953491517962 -0.0056248903464225517 0 0.00020074736814368411
leaf_weight=0.12544235597306297 0.30578431583126198 0.12400782229087814 0.49525984787032928 0.46734877640847106 1.8671717557735976 0.02747617769637134 0.39299435657449044 0.10144342767307613 0.18401214492041607 0.35269826295552786 0.12299606762826432 0.095194064429961034 0.23350800690241158 1.209996338249766 0.037507299159187824 0.11103819293202832 2.6554756881087087 0.079515376288327499 0.14099366159643967 0.18922565435059369 0.037936879612971097 0.15606881014537066 0.65236001551966183 0.026487897819606587 0.61160606303019449 0.17274588509462774 0.23549194441875443 0.06911266602401156 0.16607845417456701
leaf_count=160 64 64 1235 96 2697 2 35 12 42 32 26 14 3 242 8 17 1048 43 262 98 4 19 523 17 116 29 140 50 78
internal_value=0.00276439 -0.00348423 0.00587632 -0.0162953 -0.0217454 0.0111332 0 0.0163834 -0.0276137 0.018213 0.0196735 -0.0309133 0.00490973 0.0205689 0 -0.0121028 0.0213246 0.0237799 0.0257073 0.00262412 -0.0147975 -0.000135978 -0.016273 -0.0173705 0.0105136 0 -0.00489166 0 0
internal_weight=11.447 8.10521 4.77056 3.33465 2.67807 4.2753 1.92901 3.34177 2.31912 2.34629 2.87992 1.96237 0.35895 2.22228 0.625698 0.924412 2.75692 1.59658 1.35099 0.656574 0.744261 0.461853 0.706324 0.678848 1.0046 0.356758 0.272999 0.180151 0.245594
internal_count=7176 6007 2868 3139 2945 1633 764 1169 2782 869 1086 2711 163 805 180 613 1060 625 504 194 546 83 542 540 151 71 148 67 121
is_linear=0
shrinkage=0.05


Tree=166
num_leaves=22
num_cat=0
split_feature=34 31 58 35 40 6 2 53 8 38 36 2 31 48 5 6 40 5 45 2 42
split_gain=0.464485 0.438573 0.397088 0.335795 0.299434 0.231342 0.2266 0.20606 0.196686 0.0889539 0.0731349 0.0679696 0.0582355 0.0467844 0.0404461 0.0276955 0.0268648 0.018048 0.0107873 0.00113108 0.00086973
threshold=0.47222222387790685 1.0000000180025095e-35 1.0000000180025095e-35 0.8514743745326997 2.8194408416748051 6.8764495849609384 0.4083333313465119 7.2474184036254892 0.240384615957737 0.070197045803070082 0.96609193086624157 0.47213622927665716 6.5000000000000009 2.5000000000000004 0.53158244490623485 6.6069514751434335 5.3854017257690439 0.70381036400794994 6.2203564643859872 0.31414473056793218 0.39791667461395269
decision_type=2 2 2 2 2 2 2 2 2 2 2 2 2 2 2 2 2 2 2 2 2
left_child=1 2 8 6 15 11 17 12 14 -10 -11 -4 13 -6 -1 -2 19 20 -18 -5 -3
right_child=4 3 5 16 7 -7 -8 -9 9 10 -12 -13 -14 -15 -16 -17 18 -19 -20 -21 -22
leaf_value=-0.0094674341662885405 -0.010231779792316072 -0.03061234603957096 -0.02282120761834289 -0.0016541392251003411 0.025282919044481347 0.0054816477959528124 0.0021569279896928462 -0.0028632964452685781 0 0.02316031659180437 0 0 0 0 0.0016972714570021861 0 0 0 0.0089318121083367969 0 0
leaf_weight=0.35534131036547512 0.37463901931187171 1.737948021895136 0.95195974507078041 0.15269643667852495 2.9789000753953601 0.50100641755852837 0.17882609285879869 0.27513963289675292 0.40947772661456872 2.0893653504754188 0.25145854841684911 0.064137243898585439 0.11304826952982683 0.067054811297566519 0.12759020572411828 0.072418308351188898 0.11465737206162885 0.012417764286510535 0.44665111695940141 0.025691211922094226 0.01699277467560012
leaf_count=450 562 3495 601 116 1147 65 43 41 50 304 20 14 20 7 7 15 57 6 107 24 25
internal_value=0.00268366 -0.00418375 0.00426326 -0.0175834 0.0150272 -0.0111587 -0.0257761 0.0200142 0.0136073 0.0182707 0.0210071 -0.0204928 0.0234183 0.0244893 -0.00399059 -0.00718346 0.00352411 -0.0301673 0.00752634 -0.000526192 -0.0305049
internal_weight=11.3174 7.43622 4.75034 2.68588 3.8812 1.5171 1.94618 3.43414 3.23323 2.7503 2.34082 1.0161 3.159 3.04595 0.482932 0.447057 0.739696 1.76736 0.561308 0.178388 1.75494
internal_count=7176 5384 1511 3873 1792 680 3569 1215 831 374 324 615 1174 1154 457 577 304 3526 164 140 3520
is_linear=0
shrinkage=0.05


Tree=167
num_leaves=26
num_cat=0
split_feature=49 3 6 36 9 53 48 40 2 36 5 21 3 47 2 36 2 3 39 34 42 5 5 40 40
split_gain=0.452637 0.433524 0.433336 0.21198 0.206962 0.142642 0.154549 0.0934841 0.0779563 0.0730768 0.0611118 0.119382 0.0670239 0.0569948 0.0358133 0.0350488 0.0349523 0.00993492 0.0088368 0.00757422 0.00340918 0.00314421 0.00166371 0.000376804 0.000112236
threshold=0.18333333730697635 0.57669684290885936 6.7326085567474374 0.93405798077583324 7.5000000000000009 1.0000000180025095e-35 1.0000000180025095e-35 6.0383479595184335 0.47213622927665716 0.70074626803398143 0.70381036400794994 1.0000000180025095e-35 0.67474776506423961 0.41428571939468389 0.10912698507308961 0.51887464523315441 0.10435571894049646 0.86124861240386974 6.8764495849609384 0.32051283121109014 0.66312056779861461 0.48507130146026617 0.12778327614068988 6.0970611572265634 3.0617754459381108
decision_type=2 2 2 2 2 2 2 2 2 2 2 2 2 2 2 2 2 2 2 2 2 2 2 2 2
left_child=1 5 3 7 16 6 15 8 18 19 11 -4 -13 -14 22 -1 -2 -16 -3 -8 -17 23 -5 -9 -15
right_child=4 2 10 14 -6 -7 9 21 -10 -11 -12 12 13 24 17 20 -18 -19 -20 -21 -22 -23 -24 -25 -26
leaf_value=0.0025283126676809015 0 -0.031687202689242876 0.0091385700136501595 0 -0.0044766531569117541 -0.0068164486701135889 -0.0035382650919204618 0 0 0.018714229944163861 0.01163863732043926 0.0013006101235574631 -0.016693351586011457 0 0 -0.0080341783830184862 0.023915307250532872 0.0074613529721136509 0 0.0018623883990587665 0 0.0018441552652979521 -0.0057672200810435529 -0.0020800463729050145 0.00050272509335323018
leaf_weight=0.2337868261965913 0.38131297862855884 1.8728508262356633 0.45208755845669624 0.014159235346596577 0.20620487342239346 0.28711002621275827 0.18260148260742459 0.010945954709313699 0.047846662579104193 2.3244404117576778 0.41416263266000886 0.14488214626908302 0.74238531372975558 0.050640689441934228 0.074589127791114151 0.46807159132731613 1.9872856891015542 0.39013015480304603 0.015308570800698251 0.19077412715705577 0.068880686652846634 0.12991042202338576 0.23685707744152751 0.14635280598304234 0.11022103141294792
leaf_count=71 25 3571 39 14 46 73 222 4 7 479 157 20 59 10 69 323 1004 89 13 62 9 11 427 320 52
internal_value=0.00251532 -0.00289866 -0.0121186 -0.0219854 0.017763 0.00800745 0.0116043 -0.0274792 -0.0301426 0.0162928 0.00365962 -0.000317334 -0.00930772 -0.0134257 0 -0.00191636 0.0219376 0.00598997 -0.0314819 0 -0.00749065 0 -0.00543688 -0.00186325 0
internal_weight=11.1838 8.609 4.85333 2.93895 2.5748 3.75567 3.46856 2.22322 1.93601 2.69782 1.91438 1.50022 1.04813 0.903247 0.715736 0.770739 2.3686 0.464719 1.88816 0.373376 0.536952 0.287209 0.251016 0.157299 0.160862
internal_count=7176 6101 4862 4525 1075 1239 1166 3926 3591 763 337 180 141 121 599 403 1029 158 3584 284 332 335 441 324 62
is_linear=0
shrinkage=0.05


Tree=168
num_leaves=34
num_cat=0
split_feature=39 8 3 38 37 42 29 34 58 40 47 38 59 31 35 2 38 37 2 57 29 2 40 29 29 51 40 37 38 2 40 29 38
split_gain=0.443304 0.316543 0.404067 0.492275 0.220672 0.147349 0.133783 0.132656 0.12827 0.123868 0.114643 0.110582 0.063395 0.057733 0.0478916 0.0374481 0.0354472 0.0334812 0.0276066 0.0200537 0.0178629 0.016501 0.0160585 0.0154348 0.0148343 0.0140767 0.0129072 0.0110974 0.00769761 0.00675492 0.00456714 0.00258243 0.00209613
threshold=6.2203564643859872 0.61250001192092907 0.72776681184768688 0.4695423692464829 0.44543650746345526 0.36055555939674383 17.166666984558109 0.41428571939468389 1.0000000180025095e-35 3.838558673858643 0.81666666269302379 0.053342817351222045 1.0000000180025095e-35 6.5000000000000009 0.94883266091346752 0.4083333313465119 0.92940199375152599 0.30368906259536749 0.21980676054954532 0.060378933325409896 2.1666666269302373 0.10912698507308961 3.241702795028687 1.8333333134651186 4.8333332538604745 0.80000001192092907 5.5890803337097177 0.88047617673873912 0.11269841343164445 0.23904761672019961 1.2973884344100954 2.8333333730697636 0.043560607358813293
decision_type=2 2 2 2 2 2 2 2 2 2 2 2 2 2 2 2 2 2 2 2 2 2 2 2 2 2 2 2 2 2 2 2 2
left_child=1 2 3 6 18 12 8 19 9 11 14 -1 -6 22 30 -3 20 -13 31 29 -14 -7 -9 -19 -11 -22 -21 -25 -20 -2 -5 -4 -17
right_child=7 15 4 10 5 21 -8 13 -10 24 -12 17 16 -15 -16 32 -18 23 28 26 25 -23 -24 27 -26 -27 -28 -29 -30 -31 -32 -33 -34
leaf_value=0 -0.0060855662669846225 0 0 0 0 -0.0028644337906125472 -0.0031829884576409411 0 -0.001790522727876056 0.0026961593480292517 0.00030194593851990532 0 0 0 0 0 0 0 0 0 -0.029334369405011509 0.0051120463610457405 0.025625295341109324 0.029948999624233925 -0.0048477227336347784 0 0.0062647003510873586 0 0.0071079174008473788 0 -0.022067133470078489 -0.0041176153592720971 0.017043778771943043
leaf_weight=0.086800855700857826 0.24879080420942168 0.37067216195282504 0.033579156210180705 0.012252518223249131 0.1595390140282692 0.15834324729803473 0.17380668208352279 0.052342479873914161 0.13990997907239933 0.17070219147717569 0.32307325041620061 0.024941204581409582 0.047255576384487852 0.10955021489644412 0.046106088324449956 0.017363033257424831 0.024786724010482319 0.26039747431059357 0.1304687435622327 0.085985428537242115 2.0950833877795962 0.21486955566797405 1.4731640030804554 1.3811284203402463 0.21596572229464073 0.036571557982824632 0.35150371975032613 0.23375516761734605 0.47378208303416613 0.029363467707298696 0.90324654308642494 0.19737034681020305 0.78234063647687435
leaf_count=11 399 68 10 16 211 78 334 64 146 20 26 32 28 19 4 2 3 24 26 16 2499 54 794 281 375 4 103 95 66 11 709 339 309
internal_value=0.00244037 -0.0027265 -0.00721437 0.00278167 -0.0176016 -0.0229501 0.0143563 0.0181837 0.0175529 0.0203679 -0.0149286 0.0239212 -0.0263568 0.0233731 -0.0201399 0.0138926 -0.027906 0.0261662 0.000154411 0 -0.0285078 0 0.025043 0.0268276 0 -0.0289693 0.00380149 0.0283928 0.00586669 -0.00479281 -0.0218605 -0.00335372 0.0168753
internal_weight=11.0648 8.71411 7.54374 3.97209 3.57165 2.73645 2.68741 2.3507 2.5136 2.37369 1.28468 1.98702 2.36324 1.63506 0.961605 1.17038 2.2037 1.90022 0.8352 0.715643 2.17891 0.373213 1.52551 1.87528 0.386668 2.13165 0.437489 1.61488 0.604251 0.278154 0.915499 0.23095 0.799704
internal_count=7176 5770 5391 2073 3318 2877 1318 1406 984 838 755 443 2745 877 729 379 2534 432 441 529 2531 132 858 400 395 2503 119 376 92 410 725 349 311
is_linear=0
shrinkage=0.05


Tree=169
num_leaves=29
num_cat=0
split_feature=2 3 5 20 36 38 35 34 36 42 5 29 6 39 36 45 38 6 8 3 6 29 36 29 3 36 36 57
split_gain=0.428199 0.424512 0.57061 0.359818 0.176928 0.144836 0.305472 0.204821 0.123853 0.109758 0.111957 0.0727879 0.0652198 0.0594761 0.0473024 0.0422074 0.033943 0.0276838 0.0253145 0.0189238 0.0167641 0.0160568 0.015918 0.00488043 0.00123909 7.10417e-05 0.00120863 5.41801e-05
threshold=0.4083333313465119 0.57669684290885936 0.45495130121707922 1.0000000180025095e-35 0.44543650746345526 0.37089946866035467 0.89848890900611889 0.63068181276321422 0.73942822217941295 0.45307917892932897 0.11215933039784433 12.833333492279055 4.1066589355468759 6.8764495849609384 0.26876173913478857 18.168300628662113 0.28165064752101904 6.4953796863555917 0.5634920895099641 0.98360547423362743 4.4345078468322763 5.8333332538604745 0.88047617673873912 11.416666507720949 0.63811445236206066 0.92792207002639782 0.96459901332855236 0.047634864225983627
decision_type=2 2 2 2 2 2 2 2 2 2 2 2 2 2 2 2 2 2 2 2 2 2 2 2 2 2 2 2
left_child=1 5 9 4 14 8 7 12 16 10 -3 -5 15 18 -4 -7 -1 -2 -12 24 -11 -18 -10 -19 -6 -24 -27 -14
right_child=17 2 3 11 19 6 -8 -9 22 20 13 -13 27 -15 -16 -17 21 23 -20 -21 -22 -23 25 -25 -26 26 -28 -29
leaf_value=-0.0065575364851936215 0 0 -0.0018098207546686038 0.022959162902927981 0 -0.02356065609668876 0.015333942127729039 0.0055158929978097616 0.02432133190626368 -0.0037828272044436242 -0.029594961976112152 0 0 0 0.010286891810588433 0 0.0073700608017349505 0.023170920166179602 0 0 0.0045702091529261106 0 0 0 -0.018771519782924316 0.0016477581006338728 0 0.00034991444262115652
leaf_weight=0.28021430411899739 0.25370966672198925 0.14672854953823922 0.13822257798165083 0.92605490934511181 0.014983600936830044 0.9391412358672826 0.81265608791727562 0.36939607688691456 0.83609860295837257 0.18097773681802198 2.2306693707796521 0.095750664302613586 0.077137329470133409 0.099234737805090734 0.44817388235242106 0.036682102829217911 0.28776414290769026 1.2116038899403063 0.02836755514726963 0.11015820053580683 0.19743683037813753 0.072812968632206321 0.058045920421136543 0.02975444821640838 0.71380311096436344 0.17829304911720101 0.056786517394357361 0.10625657375203446
leaf_count=231 59 115 42 265 15 512 101 23 115 53 3895 7 53 66 60 2 19 887 21 26 39 115 36 4 322 41 43 9
internal_value=0.00240869 -0.0017984 -0.0106681 0.00492573 -0.00786125 0.00856072 0 -0.0115525 0.0163078 -0.0230505 -0.0258259 0.0203016 -0.0193428 -0.0279188 0.00494027 -0.0221674 0 0.0210539 -0.0291345 -0.0173488 0 0.00468052 0.0221676 0.022898 -0.018642 0 0.00037921 0
internal_weight=10.9369 9.44185 5.33056 2.44715 1.42534 4.11128 2.34127 1.52861 1.77002 2.88341 2.505 1.02181 1.15922 2.35827 0.586396 0.975823 0.640791 1.49507 2.25904 0.838945 0.378415 0.360577 1.12922 1.24136 0.728787 0.293125 0.23508 0.183394
internal_count=7176 6226 4926 737 465 1300 700 599 600 4189 4097 272 576 3982 102 514 365 950 3916 363 92 134 235 891 337 120 84 62
is_linear=0
shrinkage=0.05


Tree=170
num_leaves=34
num_cat=0
split_feature=42 35 9 6 38 35 39 6 35 48 36 42 35 38 29 48 47 57 38 38 36 57 3 36 57 38 36 38 38 57 9 42 38
split_gain=0.419525 0.441101 0.34215 0.166741 0.226972 0.202609 0.170873 0.125058 0.117315 0.0662338 0.065348 0.0651593 0.0646781 0.0495261 0.0475876 0.0467793 0.0356424 0.0391245 0.0299952 0.0279133 0.0252891 0.0191213 0.016366 0.0151331 0.0118942 0.0115587 0.0113298 0.00750349 0.00561564 0.00156823 0.000142124 8.90077e-05 2.29241e-05
threshold=0.042572464793920524 0.45421318709850317 4.5000000000000009 3.8662848472595219 0.32200460135936743 0.7399691939353944 6.2203564643859872 5.3610379695892343 0.39164614677429205 1.0000000180025095e-35 0.96824595332145702 0.21103239059448245 0.50933328270912182 0.043560607358813293 8.166666507720949 2.5000000000000004 0.86607143282890331 0.062834918498992934 0.2522727251052857 0.11269841343164445 0.86512476205825817 0.04451007395982743 0.25233972072601324 0.41763564944267279 0.061719344928860671 0.87652438879013073 0.29061582684516912 0.6209508776664735 0.14854215830564502 0.063824784010648741 4.5000000000000009 0.49285714328289038 0.41240409016609197
decision_type=2 2 2 2 2 2 2 2 2 2 2 2 2 2 2 2 2 2 2 2 2 2 2 2 2 2 2 2 2 2 2 2 2
left_child=1 8 7 4 11 24 10 16 20 -8 23 -2 -9 -10 19 18 17 -3 -7 -14 30 25 -15 -6 -5 -4 -24 -11 -28 -25 -1 -12 -30
right_child=3 2 21 5 6 15 9 12 13 27 31 -13 14 22 -16 -17 -18 -19 -20 -21 -22 -23 26 29 -26 -27 28 -29 32 -31 -32 -33 -34
leaf_value=0 0 -0.015373233266563039 -0.026789669683339259 0 0 0 -0.0031651901268201811 -0.0021492438646089798 0 0 0.00043241993445571086 0.02089266223025376 0 0 0 0 0 0 0.028120238681830952 0.01468909520613519 0.0011694521498203752 0 0 -0.019871300934120029 -0.0051708891477277429 0 0.019467868016509838 0.012439062514265672 0 0 -0.0073390510110234383 0 0.00022884493733638445
leaf_weight=0.065957487619016653 0.070856512873433863 0.57358620113518588 1.6911059297708559 0.17060518535436164 0.028605621380848101 0.064007405337178969 0.17332612206519105 0.23496688128216181 0.14125753694679577 0.18564566326676868 0.19002554830512963 0.42001478665042669 0.043329975102096685 0.019527049269527086 0.11829553697316431 0.061752581037580856 0.21526580277713947 0.067476428346708417 1.5788985131075604 1.189422439667396 0.18559819034999236 0.067767529893899225 0.056317507012863532 0.75972545683907811 0.18311478296527639 0.033601909221033455 1.087400539559894 0.4387565785436891 0.078617752864374668 0.099224749603308737 0.27238377233152278 0.12942563538672403 0.094332549866521731
leaf_count=11 103 489 3899 47 24 11 42 17 19 33 38 38 2 5 10 6 10 3 1031 229 37 83 26 541 7 8 197 43 52 7 95 11 2
internal_value=0.00248815 -0.00517594 -0.0138164 0.0129258 0.000774709 0.0209529 -0.00612119 0 0.00995285 0.00527542 -0.0148963 0.017507 0.00702628 0.0153537 0.0109842 0.0261346 -0.00998235 -0.0129235 0.0272621 0.0134286 -0.00207732 -0.0257714 0.0174066 -0.0186013 -0.00118429 -0.026424 0.0179779 0.0112026 0.0185415 -0.0192791 -0.00713735 0 0
internal_weight=10.7902 6.23621 4.23482 4.55399 2.49561 2.05838 2.00474 2.44234 2.00139 0.797728 1.20701 0.490871 1.58601 1.47745 1.35105 1.70466 0.856328 0.641063 1.64291 1.23275 0.523939 1.79248 1.3362 0.887556 0.35372 1.72471 1.31667 0.624402 1.26035 0.85895 0.338341 0.319451 0.17295
internal_count=7176 5194 4750 1982 880 1102 739 760 444 118 621 141 258 301 241 1048 502 492 1042 231 143 3990 282 572 54 3907 277 76 251 548 106 49 54
is_linear=0
shrinkage=0.05


Tree=171
num_leaves=24
num_cat=0
split_feature=49 34 57 35 2 38 39 9 40 36 29 35 8 35 8 46 31 2 29 31 2 29 40
split_gain=0.405921 0.383631 0.272635 0.300013 0.32729 0.253252 0.234689 0.186735 0.112346 0.0977844 0.0816136 0.0662742 0.0513063 0.0448069 0.0431244 0.0355399 0.0299723 0.0298613 0.024349 0.0109467 0.00540928 0.00478246 0.00132719
threshold=0.18333333730697635 0.47222222387790685 0.013793759513646366 0.8514743745326997 0.21980676054954532 0.4695423692464829 6.2203564643859872 7.5000000000000009 4.0983333587646493 0.39504285156726843 4.8333332538604745 0.38585758209228521 0.48333333432674414 0.42550456523895269 0.55050507187843334 0.38750000298023229 6.5000000000000009 0.47213622927665716 14.583333492279055 2.5000000000000004 0.26491229236125952 4.8333332538604745 3.4408386945724492
decision_type=2 2 2 2 2 2 2 2 2 2 2 2 2 2 2 2 2 2 2 2 2 2 2
left_child=1 2 13 4 -4 -3 8 11 12 20 14 -2 -7 -1 -11 -5 22 -12 -13 -10 -6 -17 -8
right_child=7 5 3 15 9 6 16 -9 19 10 17 18 -14 -15 -16 21 -18 -19 -20 -21 -22 -23 -24
leaf_value=0.013485154078053369 0 0.023549398778212247 -0.030412717861938679 0.0097090150474563198 0.0083612728243709702 -0.01979782866269858 0 -0.0040166761159960464 0.0048212479149321238 -0.0047709033807643957 -0.016533588842656106 0.02358880846608661 0 0 0.0071234670499570043 0 0 0 0 0 0 -0.0031800211668520789 0.01447791157397051
leaf_weight=0.36283194005954822 0.1499119347427057 0.73719820116821244 1.9851686616893855 0.45185517601203162 0.38529131718678433 0.85016110331343975 0.083370986583758966 0.19431449711555604 0.2474295667198021 0.36164065182674654 0.6283250275082537 2.0285352109349337 0.057150810840539634 0.086858632013900205 0.51384072753717192 0.1337136221700348 0.093539168708957732 0.040799809619784355 0.050586247816681751 0.17728726608038414 0.20363471761811525 0.18230947249685414 0.65685566663159989
leaf_count=16 12 147 4018 104 44 586 35 46 35 38 389 1015 19 225 42 25 7 6 2 24 24 109 208
internal_value=0.0024111 -0.0027829 -0.0105134 -0.0145496 -0.0195088 0.00919899 -2.02151e-06 0.0171854 -0.0116715 -0.00129976 -0.00808736 0.0212537 -0.0176907 0.00967905 0 0.00521119 0.0121127 -0.014898 0.0229678 0.00106928 0.00724157 0 0.0140592
internal_weight=10.6626 8.23926 5.33627 4.88658 4.1187 2.90299 2.16579 2.42335 1.33203 2.13353 1.54461 2.22903 0.907312 0.449691 0.875481 0.767878 0.833766 0.669125 2.07912 0.424717 0.588926 0.316023 0.740227
internal_count=7176 6101 5040 4799 4561 1061 914 1075 664 543 475 1029 605 241 80 238 250 395 1017 59 68 134 243
is_linear=0
shrinkage=0.05


Tree=172
num_leaves=30
num_cat=0
split_feature=42 9 5 57 2 21 5 5 53 2 2 34 4 5 38 48 57 29 5 47 34 36 39 38 38 45 42 29 57
split_gain=0.392867 0.391679 0.199145 0.264252 0.131475 0.182427 0.131358 0.339428 0.174345 0.0930492 0.0794284 0.0599999 0.0509068 0.0693084 0.048275 0.0471242 0.0284383 0.0229475 0.0198578 0.019734 0.012688 0.0121889 0.00705584 0.00555671 0.00510156 0.00499315 0.00379442 0.00292334 0.0015847
threshold=0.042572464793920524 4.5000000000000009 0.61986863613128673 0.013793759513646366 0.059714796021580703 1.0000000180025095e-35 0.34435337781906133 0.18394199758768084 7.2474184036254892 0.17752101272344592 0.4083333313465119 0.38750000298023229 0.80658715963363659 0.77664399147033703 0.2522727251052857 2.5000000000000004 0.013606071937829258 2.1666666269302373 0.24336075037717822 0.86607143282890331 0.23611111193895343 0.39504285156726843 6.8764495849609384 0.14854215830564502 0.36899313330650335 10.82026529312134 0.23904761672019961 10.833333492279055 0.056287419050931937
decision_type=2 2 2 2 2 2 2 2 2 2 2 2 2 2 2 2 2 2 2 2 2 2 2 2 2 2 2 2 2
left_child=1 4 3 16 19 18 7 8 11 21 28 20 17 -14 -8 27 -3 -7 -6 -1 24 -9 -23 -4 -2 -22 -13 -16 -5
right_child=6 2 23 10 5 12 14 9 -10 -11 -12 26 13 -15 15 -17 -18 -19 -20 -21 25 22 -24 -25 -26 -27 -28 -29 -30
leaf_value=-0.0091219228106085674 0 -0.00076455719854336298 0.0045095583033369375 -0.028088628796486454 0 0 0 0 -0.0048818910583665756 0.0015994907629479215 0 0 -0.012948405273386433 0.002197582090483716 0.025215813399208576 0 0.0082507088290634384 0.0077118801404230638 0.021421400130131774 0 -0.0039253949781811381 -0.018268333615614512 0 0 0.0054140293781286698 0 0.024553186825114533 0 0
leaf_weight=0.33949575466977 0.055980230608838943 0.11632020687102418 0.23500287026399735 2.0029262896932787 0.20122890731727239 0.23210906179156154 0.092630211831419618 0.05073988619551506 0.20915145138860669 0.13972151401685551 0.099365449685137608 0.25285329743928719 0.5622169949056115 0.15009022364392877 1.2273863570007959 0.05128037417307485 0.24632504439796321 0.52056010320666246 0.95697747244412312 0.20736874401336536 0.21088517630414572 0.77579321474331664 0.07272841312806122 0.21005576109746471 0.30659657504293136 0.075399925262900069 0.87136895064031705 0.046477733572828472 0.0097283675568177186
leaf_count=400 66 183 25 4001 41 33 24 49 24 80 14 33 91 102 900 3 52 53 135 9 72 527 13 48 56 7 102 26 7
internal_value=0.00243109 -0.00504379 -0.0162403 -0.0209185 0.00549115 0.0104056 0.012647 0.00263355 0.0137233 -0.0124258 -0.0263862 0.01869 -3.58372e-05 -0.00741736 0.0220023 0.0235647 0.00325072 0.00434335 0.0198265 -0.00633727 0 -0.0169324 -0.0176369 0.00278689 0.00432982 -0.0021911 0.0229485 0.0248923 -0.0280198
internal_weight=10.5288 6.08977 2.91972 2.47467 3.17005 2.62318 4.43899 3.02122 1.98224 1.03898 2.11202 1.77308 1.46498 0.712307 1.41777 1.32514 0.362645 0.752669 1.15821 0.546864 0.648862 0.899262 0.848522 0.445059 0.362577 0.286285 1.12422 1.27386 2.01265
internal_count=7176 5194 4330 4257 864 455 1982 1029 360 669 4022 336 279 193 953 929 235 86 176 409 201 589 540 73 122 79 135 926 4008
is_linear=0
shrinkage=0.05


Tree=173
num_leaves=23
num_cat=0
split_feature=2 3 36 35 53 39 9 31 39 17 36 9 58 36 38 3 53 8 36 29 3 36
split_gain=0.369937 0.39954 0.374758 0.28912 0.135428 0.107443 0.105926 0.102336 0.125026 0.104008 0.0906103 0.0868752 0.0510282 0.0337056 0.0262798 0.0252442 0.0153747 0.0197423 0.0103341 0.00304057 0.00221124 0.00126889
threshold=0.4083333313465119 0.57669684290885936 0.46770833432674414 0.90395656228065502 1.0000000180025095e-35 6.8764495849609384 13.500000000000002 2.5000000000000004 6.2203564643859872 1.0000000180025095e-35 0.26876173913478857 7.5000000000000009 1.0000000180025095e-35 0.98095065355300914 0.053342817351222045 0.80658715963363659 7.2474184036254892 0.61250001192092907 0.32037734985351568 2.8333333730697636 0.71033561229705822 0.97014260292053234
decision_type=2 2 2 2 2 2 2 2 2 2 2 2 2 2 2 2 2 2 2 2 2 2
left_child=1 4 10 5 6 -4 7 9 13 -1 19 -12 14 -9 -11 20 17 -2 -16 -3 -5 -20
right_child=16 2 3 15 -6 -7 -8 8 -10 12 11 -13 -14 -15 18 -17 -18 -19 21 -21 -22 -23
leaf_value=-0.00054457555246844886 0 0 -0.02537469506213591 0 -0.0061611751287323994 0 -0.0030922179019662369 -0.01211229951906629 0.0110364399888217 0 0.016389489466062997 -0.0014084263961279199 0 0 0 0.0073238761578451458 0 0.022610365966155972 0.023483343003416868 -0.0046901024441501965 -0.0021666731291881676 0
leaf_weight=0.11152646022674328 0.28430167888291258 0.030686539539601543 2.8284754312771847 0.074394684343133011 0.27170840685721476 0.14295950575615268 0.17158923760871392 0.54080848954617955 0.40210595520329662 0.042852132581173374 0.96300375808641525 0.13167515128589002 0.15544127812609065 0.080405830565723591 0.072375166768324894 0.41891752550145611 0.051535845850594231 1.0701004367438143 1.9899393857922407 0.21761986624915153 0.23619149980368093 0.11541837541153643
leaf_count=226 105 5 3850 39 73 74 279 176 68 5 224 368 58 21 15 173 24 821 348 145 48 31
internal_value=0.00245958 -0.00152753 -0.0104106 -0.0177849 0.00860855 -0.0235173 0.0118492 0.0142115 0 0.0182917 0.00669458 0.0122113 0.0205563 -0.00935178 0.0219674 0.00277041 0.0200843 0.020701 0.0225776 -0.00392007 -0.00045822 0.0230206
internal_weight=10.404 8.99809 5.04392 3.70094 3.95417 2.97143 3.68246 3.51087 1.02332 2.48755 1.34299 1.09468 2.37603 0.621214 2.22059 0.729504 1.40594 1.3544 2.17773 0.248306 0.310586 2.10536
internal_count=7176 6226 4926 4184 1300 3924 1227 948 265 683 742 592 457 197 399 260 950 926 394 150 87 379
is_linear=0
shrinkage=0.05


Tree=174
num_leaves=24
num_cat=0
split_feature=6 3 5 6 38 53 42 2 42 36 53 38 3 36 34 35 34 39 36 39 57 8 29
split_gain=0.385538 0.399061 0.298323 0.314868 0.225487 0.142995 0.120478 0.11211 0.110835 0.0866093 0.0674885 0.0614835 0.0498999 0.0462935 0.0419707 0.0502772 0.0245928 0.0235359 0.022892 0.0227734 0.0194249 0.0104479 0.00696948
threshold=6.7326085567474374 0.26764950156211859 0.45999288558959966 5.9423835277557382 0.22611077129840854 1.0000000180025095e-35 0.7587878704071046 0.19523809850215915 0.19848485291004184 0.77032968401908886 7.2474184036254892 0.11269841343164445 0.3298212736845017 0.93405798077583324 0.63068181276321422 0.51883593201637279 0.38750000298023229 7.5028312206268319 0.20204082131385806 6.1432809829711923 0.046804908663034446 0.63392856717109691 9.8333334922790545
decision_type=2 2 2 2 2 2 2 2 2 2 2 2 2 2 2 2 2 2 2 2 2 2 2
left_child=1 5 3 6 13 8 12 20 14 19 18 -11 -3 21 15 -1 -10 -14 -9 -5 -2 -4 -6
right_child=7 2 4 9 22 -7 -8 10 16 11 -12 -13 17 -15 -16 -17 -18 -19 -20 -21 -22 -23 -24
leaf_value=0.0015046468648922296 -0.0059356320959737356 0 -0.01349102407864038 -0.0097791365157082061 0.016734891495836565 -0.0051057867905780841 0 0 0 -0.00071218185342804784 0 0.013695262292460392 -0.030139409195077013 0 0.0066405034801039894 -0.011063851621301839 0.024315435625133885 0 0.020548811404516924 0 0.0020293842828025773 0 0
leaf_weight=0.17308017006144005 0.24466176814166862 0.2233253521990276 0.48780820249521617 0.33875406678998821 0.74539541482226923 0.24312539218226437 0.19170539104379702 0.071195881406311723 0.44657421234296613 0.16174634118215181 0.10962618346093211 0.59437298317061504 2.0009009334025909 0.13767348475812469 0.27880180039210245 0.40164347676909529 0.71411092055495828 0.021866104099899419 2.4085426310775802 0.061700983438640833 0.14452162547968328 0.040726295323111117 0.059499026960111223
leaf_count=19 63 82 246 120 269 36 15 8 31 18 26 97 4637 24 11 234 58 5 1054 10 18 11 84
internal_value=0.00242866 -0.00342196 -0.011085 -0.0177928 0.00384893 0.0103629 -0.0255328 0.015314 0.0149633 0.000477532 0.0183856 0.00911554 -0.0279859 -0.00879686 0 -0.00555177 0.0209902 -0.0297043 0.0199291 -0.00712493 -4.69198e-05 -0.0126519 0.0161608
internal_weight=10.3014 7.32281 5.06547 3.59437 1.4711 2.25734 2.4378 2.97855 2.01421 1.15657 2.58936 0.756119 2.24609 0.666208 0.853525 0.574724 1.16069 2.02277 2.47974 0.400455 0.389183 0.528534 0.804894
internal_count=7176 6007 5618 4984 634 389 4739 1169 353 245 1088 115 4724 281 264 253 89 4642 1062 130 81 257 353
is_linear=0
shrinkage=0.05


Tree=175
num_leaves=26
num_cat=0
split_feature=49 34 35 35 38 40 9 36 38 38 35 5 3 46 9 48 29 8 8 8 48 29 5 35 3
split_gain=0.366505 0.348833 0.253012 0.324308 0.224692 0.203931 0.170239 0.128574 0.0885196 0.0838427 0.0607318 0.04602 0.0379479 0.0337 0.0266676 0.0239879 0.020951 0.0193294 0.0177384 0.0136166 0.00575672 0.00461563 0.00363881 0.00285908 0.000184683
threshold=0.18333333730697635 0.47222222387790685 0.44773148000240331 0.8514743745326997 0.4695423692464829 3.838558673858643 7.5000000000000009 0.39504285156726843 0.090097405016422286 0.89699381589889537 0.38585758209228521 0.74388790130615245 0.80447274446487438 0.38750000298023229 4.5000000000000009 1.0000000180025095e-35 14.583333492279055 0.39230769872665411 0.61250001192092907 0.36602871119976049 1.5000000000000002 4.8333332538604745 0.29740898311138159 0.91656225919723522 0.79908257722854625
decision_type=2 2 2 2 2 2 2 2 2 2 2 2 2 2 2 2 2 2 2 2 2 2 2 2 2
left_child=1 2 8 7 -3 9 10 17 14 19 -2 18 -10 -5 -1 22 20 -4 -9 23 -12 -15 -7 -6 -11
right_child=6 4 3 13 5 15 -8 11 12 24 16 -13 -14 21 -16 -17 -18 -19 -20 -21 -22 -23 -24 -25 -26
leaf_value=5.6509914497740091e-05 0 0.022443105757885464 -0.0050487228512976108 0.0093130659607553838 -0.018513868666222663 -0.0023059477610541811 -0.003621722337681859 -0.02814465151436777 0.01435424002179006 0.00063959763790572173 0.023165491394052846 0 0 0 -0.0081852294959437813 0.012067487390092987 0 0.0034562760951142441 0 0 0 -0.0031265530064530848 0.0015559102257750449 0 0
leaf_weight=0.18313592817867153 0.14290632423944849 0.71350997508852776 0.22160175046156005 0.43644673185190175 0.64744416523171855 0.19377020602405515 0.1843107963213696 2.1226612166938148 0.63165759711409919 0.13816908022272401 1.8844949394115245 0.060592829482629784 0.12231681281991769 0.12837849248899147 0.32679856383765582 0.75729898226563819 0.049307439476251491 0.4385968671849696 0.24286607222165901 0.023770659361616708 0.044314027822110691 0.18042822161805816 0.13566057087155059 0.047681891010142863 0.12247021205257624
leaf_count=25 12 147 420 104 578 32 46 3936 66 18 1002 11 85 25 163 125 2 59 37 25 13 109 93 10 33
internal_value=0.00239753 -0.00262717 -0.0101824 -0.0159052 0.00892905 0 0.0166769 -0.0220828 0.00432013 -0.0125924 0.0206381 -0.0259892 0.0117297 0.00480757 -0.00383678 0.00968999 0.0223013 0 -0.026866 -0.0174514 0.0228825 0 0 -0.0181357 5.56301e-05
internal_weight=10.1806 7.87526 5.09548 3.83157 2.77978 2.06627 2.30533 3.08632 1.26391 0.979536 2.12102 2.42612 0.753974 0.745253 0.509934 1.08673 1.97812 0.660199 2.36553 0.718897 1.92881 0.308807 0.329431 0.695126 0.260639
internal_count=7176 6101 5040 4701 1061 914 1075 4463 339 664 1029 3984 151 238 188 250 1017 479 3973 613 1015 134 125 588 51
is_linear=0
shrinkage=0.05


Tree=176
num_leaves=34
num_cat=0
split_feature=39 13 2 5 3 57 38 36 38 9 8 2 57 45 31 40 45 36 9 8 36 36 57 5 9 53 42 3 36 8 5 38 3
split_gain=0.350424 0.273322 0.249088 0.230777 0.23758 0.214549 0.168833 0.124618 0.106567 0.0926499 0.0803947 0.0682904 0.072111 0.0570927 0.0439857 0.0369777 0.0350968 0.0510812 0.0292282 0.0225015 0.0184905 0.0202762 0.0182125 0.016111 0.0123435 0.00902808 0.00369431 0.00333418 0.00170165 0.00148359 0.00237496 0.000654295 0.000100731
threshold=6.3950443267822275 1.0000000180025095e-35 0.4083333313465119 0.36464461684226995 0.31725417077541357 0.013793759513646366 0.37089946866035467 0.44543650746345526 0.90399384498596203 7.5000000000000009 0.94590643048286449 0.26491229236125952 0.065070353448390975 7.0044846534729013 6.5000000000000009 6.2586476802825937 11.12900495529175 0.96824595332145702 13.500000000000002 0.61250001192092907 0.99137932062149059 0.29061582684516912 0.045088367536664016 0.72564834356307995 1.5000000000000002 7.5028312206268319 0.51925924420356762 0.54457995295524608 0.41763564944267279 0.39230769872665411 0.60158732533454906 0.40967366099357611 0.94312667846679699
decision_type=2 2 2 2 2 2 2 2 2 2 2 2 2 2 2 2 2 2 2 2 2 2 2 2 2 2 2 2 2 2 2 2 2
left_child=1 2 5 4 6 18 -3 29 10 20 23 12 15 -2 22 25 17 24 -1 -4 21 -5 -15 26 -8 -6 -9 -23 -21 31 -31 -7 -22
right_child=13 3 19 9 11 7 16 8 -10 -11 -12 -13 -14 14 -16 -17 -18 -19 -20 28 32 27 -24 -25 -26 -27 -28 -29 -30 30 -32 -33 -34
leaf_value=0.0087946606852408217 0 0.017556292706136813 0 0 -0.021959375825809903 -0.0012941248802474205 0 -0.028315932771755804 0 -0.0006305680056469809 0 0 0 0 0 0 0.0015191289941218324 0.00058306294220318827 -0.00030531181005704982 0 0 0 0.02219802336008489 0 -0.013625990007346234 0 0 0.021454368019952579 0.0096780286324225084 0.0027755898744512217 0 0 0.00047823355029837523
leaf_weight=0.244149280450073 0.14286840854038096 0.70444064530602213 0.18523465661564831 0.10800838653813105 0.98702295060502343 0.12819449602102428 0.1092529873130843 2.0670366139020206 0.084546909958589711 0.11379112842405437 0.057048178743570932 0.096316752664279082 0.075804619351401814 0.036630540445912518 0.10052895976696152 0.051221705434727371 0.15604098537005484 0.1142537918058224 0.10596268513472751 0.059131569694727659 0.15387742361053813 0.045608647866174468 1.4401669997459974 0.018053304229397216 0.4485181063064374 0.027936301186855417 0.090238461474655085 1.255300979624735 0.4121150195132941 0.21920703425712418 0.10549468584940769 0.02502288550749654 0.10109392943559214
leaf_count=34 204 95 27 29 2000 260 5 2409 17 158 3 33 3 60 19 52 10 7 132 14 49 11 868 8 105 44 11 243 185 52 14 4 11
internal_value=0.00239059 -0.001939 -0.010863 0.00523176 -0.00268348 -0.01642 0.00713572 -0.0207293 -0.024198 0.0158936 -0.0261397 -0.0148283 -0.0175917 0.0182316 0.0201543 -0.0202009 -0.00374845 -0.00813898 0.00415092 0.0065817 0.0187131 0.0201602 0.0216121 -0.0275473 -0.0123627 -0.0215483 -0.0278559 0.0211552 0.00932782 0 0.00161503 -0.00046905 0
internal_weight=10.0701 8.34993 3.80144 4.54849 2.77081 3.14495 1.53251 2.79484 2.31692 1.77768 2.23238 1.2383 1.14199 1.72019 1.57733 1.06618 0.828066 0.672025 0.350112 0.656481 1.66389 1.40892 1.4768 2.17533 0.557771 1.01496 2.15728 1.30091 0.471247 0.477919 0.324702 0.153217 0.254971
internal_count=7176 6025 3170 2855 2354 2944 222 2778 2448 501 2431 2132 2099 1151 947 2096 127 117 166 226 343 283 928 2428 110 2044 2420 254 199 330 66 264 60
is_linear=0
shrinkage=0.05


Tree=177
num_leaves=23
num_cat=0
split_feature=6 4 5 20 36 8 36 36 25 58 34 46 35 29 35 35 38 47 36 35 8 38
split_gain=0.351515 0.473924 0.328561 0.234894 0.145194 0.127852 0.0802785 0.0962973 0.0763505 0.0640347 0.0593981 0.0428622 0.0372236 0.0349495 0.0281018 0.0155196 0.0154887 0.0105862 0.00556455 0.00522755 0.00133641 0.000598445
threshold=6.4953796863555917 0.26764950156211859 0.45999288558959966 1.0000000180025095e-35 0.99137932062149059 0.39230769872665411 0.90661337971687328 0.96824595332145702 1.0000000180025095e-35 1.0000000180025095e-35 0.41428571939468389 0.26785714924335485 0.39164614677429205 4.8333332538604745 0.86224648356437694 0.40094001591205602 0.043560607358813293 0.86607143282890331 0.18677325546741488 0.92661488056182872 0.63392856717109691 0.21380952745676043
decision_type=2 2 2 2 2 2 2 2 2 2 2 2 2 2 2 2 2 2 2 2 2 2
left_child=1 6 4 15 8 14 10 -8 20 12 11 -1 -7 18 -2 -4 -14 -13 -11 -6 -3 -15
right_child=5 2 3 -5 19 9 7 -9 -10 13 -12 17 16 21 -16 -17 -18 -19 -20 -21 -22 -23
leaf_value=0.0068536222730051447 -0.0070531439501938329 -0.028257600265666313 0 0.016993549409446092 -0.0012362481318991549 0 -0.010621844190764482 0.008016081229157878 0 0 0.020027140524535407 -0.0072599005470220194 0 -0.003900101118105011 0.0021218709653435825 -0.011436905334516561 0.021838862720875176 0 0.0070789581031298482 0.0029410875755920361 0 0
leaf_weight=0.40819217462558322 0.37681046614307012 1.9287922653529692 0.083473217237042263 0.60683984104252864 0.12690849951468397 0.16394231724552843 0.36501877428963769 0.34983124004793353 0.2585172004328341 0.069250143831596001 0.71329036253155209 0.28021816302498337 0.083401811309159135 0.23881074882228859 0.14707539544906467 0.43126452558499295 1.9642336879624052 0.073264997452497482 0.68695936625590548 0.31174667028244585 0.086655022983904817 0.19752366212196648
leaf_count=82 108 4635 50 77 176 13 64 54 33 6 61 124 3 24 26 358 774 3 409 24 28 44
internal_value=0.00245211 -0.00443875 -0.0142759 0.00344662 -0.0219049 0.0127909 0.0102936 0 -0.0255927 0.0159647 0.014753 0 0.0199793 0.000522383 -0.00149414 -0.0098985 0.021241 -0.00550449 0.00634148 0 -0.0278287 -0.00347525
internal_weight=9.95202 6.02401 3.8342 1.12158 2.71262 3.92801 2.18982 0.71485 2.27396 3.40412 1.47497 0.761675 2.21158 1.19254 0.523886 0.514738 2.04764 0.353483 0.75621 0.438655 2.01545 0.436334
internal_count=7176 5769 5381 485 4896 1407 388 118 4696 1273 270 209 790 483 134 408 777 127 415 200 4663 68
is_linear=0
shrinkage=0.05


Tree=178
num_leaves=30
num_cat=0
split_feature=42 35 9 6 5 35 35 5 6 34 5 35 38 48 46 38 5 5 36 45 36 38 34 48 36 38 38 5 42
split_gain=0.337735 0.369651 0.268548 0.139101 0.228341 0.170194 0.0966163 0.0938677 0.0921026 0.0638856 0.0633804 0.0547012 0.0408845 0.0365198 0.0323442 0.023524 0.0222694 0.0218149 0.0200868 0.0168206 0.0156875 0.0104556 0.0122565 0.00833805 0.00796175 0.00265347 0.00212052 0.00131173 0.000733362
threshold=0.042572464793920524 0.45421318709850317 4.5000000000000009 3.8662848472595219 1.0000000180025095e-35 0.7399691939353944 0.39164614677429205 0.77664399147033703 5.3610379695892343 0.38750000298023229 0.53158244490623485 0.50933328270912182 0.043560607358813293 2.5000000000000004 0.86607143282890331 0.2522727251052857 0.24336075037717822 0.680425524711609 0.86512476205825817 20.332776069641117 0.91010102629661571 0.87652438879013073 0.61250001192092907 1.0000000180025095e-35 0.29061582684516912 0.14854215830564502 0.41728855669498449 0.70381036400794994 0.35092592239379888
decision_type=2 2 2 2 2 2 2 2 2 2 2 2 2 2 2 2 2 2 2 2 2 2 2 2 2 2 2 2 2
left_child=1 6 8 4 9 23 18 21 14 28 19 -10 -8 15 -3 -7 -14 26 -1 -6 -11 22 -4 -5 -18 -26 -13 -19 -2
right_child=3 2 7 5 10 13 12 -9 11 20 -12 17 16 -15 -16 -17 24 27 -20 -21 -22 -23 -24 -25 25 -27 -28 -29 -30
leaf_value=-0.0063452448407910703 -0.0012353020603078702 -0.01181224117910548 -0.026927313081491239 0 -0.016623914196195643 0 0 0 -0.0019916496379843588 0.018296532891380678 0.00025203165482090209 0.012720954751131587 0 0 0 0.026477884959793242 0 -0.0015601444352158873 0.00088781082977841162 0 0 0 0 -0.0042696723103340982 0.018433170060381695 0 0 0.00065178585825358354 0
leaf_weight=0.31098384301003523 0.20146697957534376 0.58799158454348877 1.4598829861570264 0.14311054153949943 0.63174655487819098 0.059809447819134109 0.12996641796780739 0.073086658376268931 0.22398597130086262 0.55333434639032908 0.094382680952548981 0.73821362064336404 0.051681950280908384 0.054966333089396247 0.19641369814053178 1.401061516095069 0.049932122245081589 0.15279457945143804 0.17359893984394148 0.12976968288421631 0.52642379864118993 0.030824733767076284 0.018359682886511908 0.18313506412960123 0.97964337299345039 0.15237030520074768 0.24492470073164441 0.11424247885588557 0.17979082092642784
leaf_count=106 33 496 3950 37 766 11 19 11 17 29 1 58 29 6 6 1031 21 10 37 2 40 8 21 17 188 44 66 107 9
internal_value=0.0024277 -0.00468539 -0.0130215 0.0121488 0.000466598 0.0197489 0.00937212 -0.024039 0 0.0114219 -0.0116181 0.00601602 0.0143722 0.0246866 -0.00888007 0.0256932 0.0162585 0.00992027 -0.00153348 -0.0152356 0.0152043 -0.0262343 -0.0265959 -0.000738625 0.017208 0.0176745 0.0117968 0 0
internal_weight=9.8479 5.6889 3.84072 4.159 2.31691 1.84208 1.84818 1.58215 2.25857 1.46102 0.855899 1.47416 1.36359 1.51584 0.784405 1.46087 1.23363 1.25018 0.484583 0.761516 1.07976 1.50907 1.47824 0.326246 1.18195 1.13201 0.983138 0.267037 0.381258
internal_count=7176 5194 4750 1982 880 1102 444 3990 760 111 769 258 301 1048 502 1042 282 241 143 768 69 3979 3971 54 253 232 124 117 42
is_linear=0
shrinkage=0.05


Tree=179
num_leaves=29
num_cat=0
split_feature=49 3 6 36 9 38 35 34 14 5 36 57 40 35 5 3 57 57 6 29 3 6 5 39 39 5 5 35
split_gain=0.322873 0.321849 0.325469 0.162967 0.155239 0.105148 0.229677 0.169477 0.0912108 0.122779 0.0816956 0.0803328 0.06983 0.0550662 0.0475049 0.0443808 0.0331835 0.0307373 0.0237061 0.0189863 0.0125909 0.0100388 0.00508823 0.00480139 0.00308829 0.000729048 0.000171186 3.83316e-05
threshold=0.18333333730697635 0.57669684290885936 6.7326085567474374 0.93405798077583324 7.5000000000000009 0.37089946866035467 0.89848890900611889 0.63068181276321422 1.0000000180025095e-35 0.70381036400794994 0.73942822217941295 0.026327067054808143 6.0383479595184335 0.38585758209228521 0.78474903106689464 0.71834936738014232 0.047879064455628402 0.064289715141057982 4.1066589355468759 14.583333492279055 0.86899313330650341 3.8662848472595219 0.27801932394504553 7.2474184036254892 6.7326085567474374 0.48507130146026617 0.49429978430271154 0.41118326783180242
decision_type=2 2 2 2 2 2 2 2 2 2 2 2 2 2 2 2 2 2 2 2 2 2 2 2 2 2 2 2
left_child=1 5 3 12 13 10 7 17 -4 15 16 -12 14 -2 23 -10 -1 18 -7 21 24 -15 -22 -3 26 -14 -5 -13
right_child=4 2 8 20 -6 6 -8 -9 9 -11 11 27 25 19 -16 -17 -18 -19 -20 -21 22 -23 -24 -25 -26 -27 -28 -29
leaf_value=-0.0064671132483387272 0 -0.028804395837013403 0.012321156482794866 -0.0038614951229532578 -0.0032944681715920128 -0.021191854824803041 0.013247546025514463 0.004611489587418801 0 0.0078843584632416839 0.02330444943769314 0 -0.00086250775216765757 0 0 -0.014543603764702243 0.0049233854583057915 0 0 0 0 0.023008994201256336 0.0051342872815671589 0 0 0.00093891051322586919 0 -0.0002936749347252061
leaf_weight=0.25998510690988064 0.13952569244429547 1.5673598324647176 0.55461566738085788 0.1906143591259023 0.17613470982178103 0.80249191708571721 0.68810875352937717 0.32821419095853344 0.16921959788305685 0.29310269531561062 0.64452408693614416 0.15214296150952578 0.13208271384792158 0.17088874330511306 0.032552434597164281 0.67504926380934194 0.24843629091628827 0.033007464371621609 0.12825158922350965 0.046606130897998699 0.066954762529348955 1.6534422605764119 0.31229064555373043 0.0093318709405137978 0.033509354048874229 0.11217615171335638 0.011313167749904096 0.11112484024488367
leaf_count=349 12 3582 121 345 46 507 78 19 24 122 68 16 324 8 5 70 9 2 55 2 139 1007 90 4 12 11 13 136
internal_value=0.00238394 -0.00239376 -0.0110358 -0.0202157 0.0160337 0.0071571 0 -0.011012 0.00303309 -0.00280233 0.0142125 0.0190495 -0.0252881 0.0199197 -0.0276814 -0.0114869 0 -0.0185177 -0.0197121 0.0215414 0 0.0221019 0.00398226 -0.0286711 -0.00278825 0 -0.00379667 0
internal_weight=9.74306 7.55646 4.16017 2.46819 2.1866 3.39629 1.98007 1.29197 1.69199 1.13737 1.41621 0.907792 1.8535 2.01046 1.60924 0.844269 0.508421 0.963751 0.930744 1.87094 0.614682 1.82433 0.379245 1.57669 0.235437 0.244259 0.201928 0.263268
internal_count=7176 6101 4862 4525 1075 1239 661 583 337 216 578 220 3926 1029 3591 94 358 564 562 1017 599 1015 229 3586 370 335 358 152
is_linear=0
shrinkage=0.05


Tree=180
num_leaves=26
num_cat=0
split_feature=42 35 57 36 2 6 35 39 39 35 58 48 36 48 57 6 36 36 6 57 49 49 34 6 31
split_gain=0.319922 0.345743 0.265602 0.159941 0.140182 0.124373 0.160176 0.147784 0.118758 0.0902137 0.0699345 0.0542871 0.0477895 0.0343043 0.0290096 0.0239467 0.0190898 0.0188265 0.0145751 0.00769306 0.00743186 0.00573555 0.00314172 0.00171901 0.00032718
threshold=0.042572464793920524 0.45421318709850317 0.046804908663034446 0.32037734985351568 0.4083333313465119 3.8662848472595219 0.7399691939353944 4.7845165729522714 6.2203564643859872 0.39164614677429205 1.0000000180025095e-35 1.0000000180025095e-35 0.96824595332145702 2.5000000000000004 0.063824784010648741 7.0446858406066903 0.86512476205825817 0.20204082131385806 4.1066589355468759 0.061719344928860671 0.18333333730697635 0.90000000596046459 0.63068181276321422 6.6069514751434335 1.0000000180025095e-35
decision_type=2 2 2 2 2 2 2 2 2 2 2 2 2 2 2 2 2 2 2 2 2 2 2 2 2
left_child=1 9 3 15 20 7 19 -2 12 16 -11 -10 14 17 -9 -3 -1 -8 22 -7 -5 -22 -4 -12 -6
right_child=5 2 18 4 24 6 13 8 11 10 23 -13 -14 -15 -16 -17 -18 -19 -20 -21 21 -23 -24 -25 -26
leaf_value=-0.006170591431955157 0.014617499289465267 -0.0021783155067602949 -0.0024329781578520289 -0.027994329716012446 0 0 0 -0.017513488426121281 -0.002795536339301147 0.017295786515114785 -0.0019209922051877043 0.010077811935971967 0 0 0 0.0066277542069689893 0.00085481756414235415 0.025798589721044991 0.0080475857263129363 -0.0041095497463788065 0 -0.0038160585292656398 0.00095670482103155877 0 0.0008449168231810186
leaf_weight=0.30597042322915502 0.42002134317590423 0.17492110681632844 0.15292383775522456 1.7342334955101257 0.1512366635724901 0.15439121306553705 0.054060220893006661 0.70414723809517432 0.16476018518733315 1.1014915310806825 0.16457761137280602 0.57494494684215169 0.28781603099196218 0.053696406190283485 0.12671187496744096 0.24340687599033117 0.17275783320656046 1.3543953174521446 0.39731189502344932 0.16602967417566106 0.24183267803164188 0.3863576059229672 0.12500525964424014 0.071358462795615196 0.1457727923989296
leaf_count=106 131 206 47 4207 22 47 8 565 54 150 129 82 40 6 8 7 37 1034 176 7 27 36 3 22 19
internal_value=0.0024045 -0.00456492 -0.012729 -0.0183966 -0.0220522 0.0119637 0.0192788 0.000580536 -0.00484678 0.00905955 0.0139338 0.00437768 -0.0124936 0.0241349 -0.0156806 0.000480598 -0.00139046 0.0251214 0.00568052 -0.000590053 -0.0251691 -0.00189545 0 0 0
internal_weight=9.63013 5.56916 3.753 3.07776 2.65943 4.06097 1.78257 2.2784 1.85838 1.81616 1.33743 0.739705 1.11868 1.46215 0.830859 0.418328 0.478728 1.40846 0.675241 0.320421 2.36242 0.62819 0.277929 0.235936 0.297009
internal_count=7176 5194 4750 4524 4311 1982 1102 880 749 444 301 136 613 1048 573 213 143 1042 226 54 4270 63 50 151 41
is_linear=0
shrinkage=0.05


Tree=181
num_leaves=29
num_cat=0
split_feature=6 12 9 57 47 38 35 2 2 36 45 53 9 35 8 6 57 36 29 57 35 36 3 3 38 3 40 38
split_gain=0.310352 0.347833 0.188419 0.167765 0.231657 0.128342 0.158739 0.117629 0.099388 0.0775707 0.0691477 0.0583299 0.0403753 0.0365014 0.0348101 0.0258146 0.0227882 0.020855 0.0181348 0.0155778 0.0122553 0.00264079 0.00174049 0.00456136 0.00163551 0.00108543 0.000499447 0.000328297
threshold=6.7326085567474374 1.0000000180025095e-35 9.5000000000000018 0.013793759513646366 0.77500000596046459 0.4236596822738648 0.89848890900611889 0.4083333313465119 0.19523809850215915 0.2788888961076737 11.12900495529175 7.2474184036254892 1.5000000000000002 0.91139987111091625 0.39230769872665411 6.4953796863555917 0.014815627597272398 0.20204082131385806 4.1666667461395273 0.046804908663034446 0.39164614677429205 0.86996778845787059 0.72377106547355663 0.80658715963363659 0.39827586710453039 0.78065484762191784 6.2621200084686288 0.6209508776664735
decision_type=2 2 2 2 2 2 2 2 2 2 2 2 2 2 2 2 2 2 2 2 2 2 2 2 2 2 2 2
left_child=1 2 5 15 7 9 10 13 19 -1 14 17 21 -5 -7 -3 -14 -10 25 -2 -18 -11 -8 -24 -9 -6 -22 -12
right_child=8 3 -4 4 18 6 22 24 11 12 27 -13 16 -15 -16 -17 20 -19 -20 -21 26 -23 23 -25 -26 -27 -28 -29
leaf_value=0 -0.005441861411144641 -0.00031354244459577663 -0.010510113915145107 -0.029357787658293128 0.0063405290187871907 -0.017052628040767445 0.011091140033395272 -0.00019339971824313068 0 -0.0015583956545731925 0 0 0 0 0 0.0081070925325646501 0 0.019410484809726354 -0.00078486032560467871 0.0014818432320739131 0.02268808427192763 0.0018313527033709859 -0.0014452398550109987 0.0027391271129698206 0.0018825475723657451 0 0 0.00094074472774037868
leaf_weight=0.1042697141747343 0.23115856648655642 0.10619762208079953 0.39159180127899151 1.5141929761957729 0.25914480573555909 0.58871918750810415 0.61706035333918408 0.12933293700916682 0.069957706320565971 0.13306473610282399 0.093334614299237728 0.10091794945765276 0.021644396423653123 0.079407222336158045 0.11028288857778534 0.21144624269800261 0.011308686836855375 2.2199405102583114 0.15938408147485461 0.13192205876111984 1.2535171357958459 0.14799725386546925 0.14950228965608403 0.19987099239369854 0.14180330693488941 0.13331195147475228 0.078238125497591571 0.13811906105547678
leaf_count=64 63 160 1235 2721 45 637 79 23 8 36 35 26 39 14 27 3 6 1054 98 18 503 13 11 79 24 51 81 23
internal_value=0.0024051 -0.00300173 0.00523515 -0.0146507 -0.0187859 0.0098997 0 -0.0249381 0.0142916 0.0168011 -0.0102364 0.0173031 0.0191494 -0.0282897 -0.0148558 0.00339581 0.0212831 0.0187858 0.00145477 -1.64798e-05 0.0219424 0 0.00994711 0 0 0.00586555 0.0222922 0.000389155
internal_weight=9.52664 6.77274 4.03852 2.73422 2.41658 3.64693 1.89689 1.86474 2.7539 1.75004 0.930456 2.39082 1.64577 1.5936 0.699002 0.317644 1.36471 2.2899 0.551841 0.363081 1.34306 0.281062 0.966434 0.349373 0.271136 0.392457 1.33176 0.231454
internal_count=7176 6007 2868 3139 2976 1633 891 2782 1169 742 722 1088 678 2735 664 163 629 1062 194 81 590 49 169 90 47 96 584 58
is_linear=0
shrinkage=0.05


Tree=182
num_leaves=26
num_cat=0
split_feature=39 21 5 8 48 3 40 35 58 57 38 49 38 29 57 31 37 38 6 57 6 49 57 3 2
split_gain=0.297829 0.237567 0.307885 0.302718 0.229265 0.183415 0.114724 0.0836454 0.0752086 0.0625233 0.111272 0.0541574 0.0492963 0.0488179 0.0385786 0.0378096 0.0284986 0.023619 0.0183886 0.0133603 0.0095794 0.00720647 0.00637799 0.00140274 0.000939073
threshold=6.2203564643859872 1.0000000180025095e-35 0.70381036400794994 0.240384615957737 1.5000000000000002 0.71834936738014232 5.5356180667877206 0.69501906633377086 1.0000000180025095e-35 0.032154673710465438 0.4695423692464829 0.26785714924335485 1.0000000180025095e-35 16.833333015441898 0.063595164567232146 6.5000000000000009 0.26876173913478857 0.059714796021580703 6.7326085567474374 0.04538575932383538 6.4953796863555917 0.26785714924335485 0.046397872269153602 0.86061230301857006 0.22474747896194461
decision_type=2 2 2 2 2 2 2 2 2 2 2 2 2 2 2 2 2 2 2 2 2 2 2 2 2
left_child=1 3 5 4 6 9 -1 24 17 21 -11 12 -7 -6 -12 16 -9 -5 -10 -18 -4 -3 -8 -13 -2
right_child=7 2 20 8 13 11 22 15 18 10 14 23 -14 -15 -16 -17 19 -19 -20 -21 -22 -23 -24 -25 -26
leaf_value=-0.02081639003117626 -0.0014401900904652714 -0.010264161533705187 0 0 0 0 0 0 -0.0047792387470137919 0.011873551503376259 -0.0098730433750724243 -0.0014648431950663838 -0.026872937462650827 0.014065717787304644 0.00076393113265677437 0 0 0.021461343937832281 0.003904538267452488 0.021214290754916383 0.0116403309759635 0 0.0037226879360470577 0.00095515114254880848 0
leaf_weight=0.92841097861673938 0.13187855159776507 0.37894711116678115 0.10316309018526215 0.084656458406243362 0.091726786595245247 0.048524784535402321 0.075328780847485177 0.044251226179767289 0.22363830291578768 0.84916913424967766 0.4600876363037969 0.15891271049622435 1.4799319646990623 0.26876943207753357 0.11582630206248723 0.0945380987250245 0.030596055912610498 1.2980339366331461 0.18214506877120584 1.5995772945461793 0.42660202767001465 0.023667486384510994 0.17065772786736488 0.11813208408420905 0.042403315543197095
leaf_count=2520 318 361 21 14 231 6 474 10 244 104 74 27 1065 75 31 19 82 220 23 958 232 3 3 42 19
internal_value=0.00231736 -0.00214199 -0.00957521 0.0060737 -0.00643303 -0.0152232 -0.0158911 0.0160866 0.017058 0 0.00346096 -0.0233701 -0.0256818 0.0097365 -0.00543373 0.0187239 0.019958 0.0204803 0 0.0207873 0.0105216 -0.00952526 0.000472757 0 0
internal_weight=9.42958 7.48633 4.16296 3.32337 1.53489 3.6332 1.1744 1.94324 1.78847 1.8277 1.42508 1.8055 1.52846 0.360496 0.575914 1.76896 1.67442 1.38269 0.405783 1.63017 0.529765 0.402615 0.245987 0.277045 0.174282
internal_count=7176 5770 1966 3804 3303 1713 2997 1406 501 573 209 1140 1071 306 105 1069 1050 234 267 1040 253 364 477 69 337
is_linear=0
shrinkage=0.05


Tree=183
num_leaves=24
num_cat=0
split_feature=34 31 58 40 6 42 2 53 9 57 38 36 49 2 31 33 48 6 36 39 38 9 2
split_gain=0.305825 0.281378 0.271063 0.193306 0.165968 0.157049 0.159936 0.148437 0.111735 0.0749797 0.0677137 0.0561666 0.049564 0.0481425 0.0422143 0.0353658 0.029434 0.0166495 0.0125336 0.00724975 0.00662417 0.00588889 0.000718205
threshold=0.47222222387790685 1.0000000180025095e-35 1.0000000180025095e-35 2.8194408416748051 6.8764495849609384 0.34941859543323522 0.4083333313465119 7.2474184036254892 13.500000000000002 0.064080443233251586 0.070197045803070082 0.96459901332855236 0.90000000596046459 0.47213622927665716 6.5000000000000009 1.0000000180025095e-35 2.5000000000000004 6.6069514751434335 0.29061582684516912 6.3950443267822275 0.76568627357482921 1.0000000180025095e-35 0.29705883562564855
decision_type=2 2 2 2 2 2 2 2 2 2 2 2 2 2 2 2 2 2 2 2 2 2 2
left_child=1 2 8 17 13 6 9 14 10 12 22 18 20 -4 15 16 -5 -2 -12 -7 -3 -20 -1
right_child=3 5 4 7 -6 19 -8 -9 -10 -11 11 -13 -14 -15 -16 -17 -18 -19 21 -21 -22 -23 -24
leaf_value=-0.0012185477747146617 -0.0077358535956582822 -0.027761251113554816 -0.020086117396613475 0.023229084311141578 0.0043870108738199931 0 0.0017138426479920154 -0.0019211197874006135 -0.0032533608155519474 0 0 0 0 0 0 0 0 0 0 0.0041549190105078298 0 0.020729272124441225 0
leaf_weight=0.20921440314850848 0.29567120152933091 1.4101289470127087 0.79079882657242728 2.3386083735604206 0.42495260064606555 0.16496821339387668 0.16606302751461033 0.23739103809930373 0.17554003261466267 0.066039695142535382 0.067082187015330752 0.22334935684921209 0.068375104572623857 0.052726374502526596 0.095374281867407151 0.11293360523995932 0.051382412784732767 0.060246744018513709 0.22841369672096323 0.25203845894429833 0.016450439499749225 1.6602577603116513 0.15498270734678954
leaf_count=37 562 3552 601 1070 65 131 67 41 221 15 44 29 14 14 20 77 7 15 35 62 32 441 24
internal_value=0.00227668 -0.00370706 0.00339426 0.0131068 -0.00972742 -0.0153829 -0.0203841 0.0174458 0.0118302 -0.0244386 0.0149068 0.017347 -0.0262332 -0.0180728 0.020647 0.0216341 0.0225767 -0.00514651 0.0192656 0.00156938 -0.0275434 0.0197643 0
internal_weight=9.32299 6.13138 3.98732 3.19161 1.26848 2.14406 1.72706 2.83569 2.71884 1.56099 2.5433 2.1791 1.49495 0.843525 2.5983 2.50292 2.38999 0.355918 1.95575 0.417007 1.42658 1.88867 0.364197
internal_count=7176 5384 1511 1792 680 3873 3680 1215 831 3613 610 549 3598 615 1174 1154 1077 577 520 193 3584 476 61
is_linear=0
shrinkage=0.05


Tree=184
num_leaves=22
num_cat=0
split_feature=6 3 5 14 5 20 3 37 2 2 37 37 38 34 46 38 5 6 37 47 42
split_gain=0.290975 0.421509 0.285408 0.200764 0.266804 0.194785 0.150803 0.122527 0.0821595 0.071664 0.0688147 0.0807258 0.0506533 0.0490405 0.033088 0.0246292 0.024201 0.0129348 0.011977 0.00895175 0.00143439
threshold=6.4953796863555917 0.26764950156211859 0.45999288558959966 1.0000000180025095e-35 0.70381036400794994 1.0000000180025095e-35 0.67474776506423961 0.99137932062149059 0.10912698507308961 0.26201373338699346 0.90661337971687328 0.96824595332145702 0.070197045803070082 0.41428571939468389 0.26785714924335485 0.063508063554763808 0.11215933039784433 7.0446858406066903 0.93405798077583324 0.86607143282890331 0.45307917892932897
decision_type=2 2 2 2 2 2 2 2 2 2 2 2 2 2 2 2 2 2 2 2 2
left_child=1 10 7 8 6 18 17 9 -2 16 13 -12 -10 14 -1 -8 -3 -5 -4 -16 -9
right_child=3 2 5 4 -6 -7 15 20 12 -11 11 -13 -14 -15 19 -17 -18 -19 -20 -21 -22
leaf_value=0.0060858074351040937 0 0 -0.010412749479448914 0 0.015697515679137058 0.015697950665605604 0 -0.00018674491933514395 0 0 -0.0098213880433724032 0.0073761970662693625 0.025322055075644036 0.018693446889517126 -0.0065434395418264187 -0.018973855442457797 -0.027142918397877538 0.0064275369021552569 0 0 0.0016471175941150146
leaf_weight=0.38127217731380392 0.14728392304095916 0.07264618708723114 0.39564302236249205 0.1204548829991835 0.59592020750278618 0.55723373612272531 0.083530936157330649 0.10529407945432456 0.19911634176969517 0.1275667368172434 0.34326721049728792 0.32780103833647445 1.3193047386594114 0.68116995232412592 0.25981700010015629 0.92544672155054286 1.8817286066769154 0.24651052837725729 0.07770084920048248 0.070670373737812042 0.30756865706644021
leaf_count=82 26 113 365 38 560 77 6 175 18 65 64 54 557 61 124 172 4518 30 43 3 25
internal_value=0.0021341 -0.00428171 -0.0139586 0.0118681 0 0.0029905 -0.010734 -0.0212431 0.0208165 -0.0247207 0.00977619 0 0.0232428 0.0139381 0 -0.017731 -0.0264224 0.00374389 -0.00907658 -0.00487051 0
internal_weight=9.22695 5.58938 3.52538 3.63757 1.97186 1.03058 1.37594 2.4948 1.66571 2.08194 2.064 0.671068 1.51842 1.39293 0.71176 1.00898 1.95437 0.366965 0.473344 0.330487 0.412863
internal_count=7176 5769 5381 1407 806 485 246 4896 601 4696 388 118 575 270 209 178 4631 68 408 127 200
is_linear=0
shrinkage=0.05


Tree=185
num_leaves=24
num_cat=0
split_feature=34 6 14 6 38 35 49 56 40 8 8 36 3 39 46 35 48 31 29 8 57 57 35
split_gain=0.277375 0.255822 0.202236 0.195265 0.191444 0.186022 0.195385 0.156608 0.124983 0.111237 0.0853259 0.0716051 0.0449447 0.0447768 0.0365131 0.035001 0.0290468 0.0128312 0.00331587 0.00163423 0.00126245 0.000124914 2.23048e-05
threshold=0.47222222387790685 6.4953796863555917 1.0000000180025095e-35 3.8662848472595219 0.4695423692464829 0.8514743745326997 0.26785714924335485 1.0000000180025095e-35 4.0983333587646493 0.63392856717109691 0.39230769872665411 0.31180556118488317 0.46709956228733068 6.3038835525512704 0.38750000298023229 0.38585758209228521 2.5000000000000004 2.5000000000000004 2.8333333730697636 0.36602871119976049 0.047634864225983627 0.063824784010648741 0.60620787739753734
decision_type=2 2 2 2 2 2 2 2 2 2 2 2 2 2 2 2 2 2 2 2 2 2 2
left_child=1 5 10 4 17 6 7 -1 13 11 22 -4 -13 -6 -7 -12 -5 -2 -16 -8 -10 -22 -3
right_child=3 2 9 16 8 14 19 -9 20 -11 15 12 -14 -15 18 -17 -18 -19 -20 -21 21 -23 -24
leaf_value=0.0011746609636953151 0.016253176444194772 -0.00022093418306144455 0.00044838138490566997 0.023782929932055011 -0.018019197449041506 0.0086460425616390352 0.0017891473068466794 -0.027011867488816274 0.0035666067836709553 0.0065589514270968088 0 0 -0.016808084681546681 0 0 0.021406933045558508 0 0 -0.0030674245424314049 0 -0.00025378560932967832 0.00043684738467160243 0
leaf_weight=0.11018519848585206 0.34761819821142159 0.1423872028826737 0.23897140804911021 1.1474102088468496 0.74716265712049768 0.4057276237363111 0.29962962260469783 1.6700056120243969 0.17602699434792157 0.35251223540399235 0.11881424626335479 0.087032320327125268 0.96090491114591714 0.1091082315397216 0.040269518736749887 0.89773094956763089 0.050604683841811382 0.082736277836374938 0.19501119060441852 0.33811916690319777 0.2556043058866635 0.21263601793907583 0.12759957333037164
leaf_count=1 12 25 16 1003 567 85 28 4607 14 165 7 7 143 31 4 148 7 101 113 14 24 33 21
internal_value=0.00219027 -0.00355148 0.00520073 0.0125841 0 -0.0123738 -0.0176914 -0.0236738 -0.00786536 -0.00403373 0.0157726 -0.0107209 -0.0146847 -0.0156621 0.00319538 0.0196943 0.022794 0.0150486 -0.00154648 0.000213417 0.00267931 0 0
internal_weight=9.11381 5.9849 2.92595 3.12891 1.93089 3.05895 2.41794 1.78019 1.50054 1.63942 1.28653 1.28691 1.04794 0.856271 0.641008 1.01655 1.19801 0.430354 0.235281 0.637749 0.644267 0.46824 0.269987
internal_count=7176 5384 532 1792 782 4852 4650 4608 669 331 201 166 150 598 202 155 1010 113 117 42 71 57 46
is_linear=0
shrinkage=0.05


Tree=186
num_leaves=31
num_cat=0
split_feature=42 35 9 6 5 35 5 35 6 47 5 35 38 48 46 56 8 5 38 5 38 35 45 2 45 38 36 48 38 5
split_gain=0.272799 0.300641 0.224848 0.109648 0.196283 0.135108 0.0802763 0.0792424 0.0709845 0.0573473 0.0548094 0.0461501 0.0330007 0.0290259 0.0265906 0.0222987 0.0213849 0.0200935 0.0189895 0.0177102 0.0165962 0.0233511 0.0134113 0.0094437 0.00882807 0.00824976 0.00667538 0.00508952 0.00265344 0.000433799
threshold=0.042572464793920524 0.45421318709850317 4.5000000000000009 3.8662848472595219 1.0000000180025095e-35 0.7399691939353944 0.77664399147033703 0.39164614677429205 5.3610379695892343 0.58571431040763866 0.53158244490623485 0.50933328270912182 0.043560607358813293 2.5000000000000004 0.86607143282890331 3.5000000000000004 0.68333333730697643 0.24336075037717822 0.2522727251052857 0.680425524711609 0.4695423692464829 0.9011763632297517 20.332776069641117 0.43650794029235845 12.375614166259767 0.87652438879013073 0.29061582684516912 1.0000000180025095e-35 0.14854215830564502 0.70381036400794994
decision_type=2 2 2 2 2 2 2 2 2 2 2 2 2 2 2 2 2 2 2 2 2 2 2 2 2 2 2 2 2 2
left_child=1 7 8 4 9 27 23 16 14 -2 22 -10 -9 18 15 -3 -1 -14 -7 -13 -11 -22 -6 24 25 -4 -19 -5 -28 -21
right_child=3 2 6 5 10 13 -8 12 11 20 -12 19 17 -15 -16 -17 -18 26 -20 29 21 -23 -24 -25 -26 -27 28 -29 -30 -31
leaf_value=-0.0063318228014593303 0 -0.012472315281810295 -0.025581641596483698 0 -0.015583425330602274 0 0 0 -0.0015195830925543888 0.01782409195168452 0 0.011003803435069983 0 0 0 0 0.0014767483299498157 0 0.024611603203833189 -0.00096692581347535282 -0.0027460544836228353 0.0061790369988676576 0 0 0 0 0.016998733398375973 -0.003305412218233494 0 0.0001312683081320205
leaf_weight=0.32093487540259946 0.27112805686192665 0.45593608336639668 1.2900261706236045 0.1317694368699448 0.58406272382126179 0.056077308865496778 0.067320547765120753 0.12415360347949889 0.20755952346371476 0.45360101026017197 0.088014185428619385 0.90003483246255178 0.04979746822209552 0.050398433115333208 0.18553449492901564 0.079080262381467037 0.1327983676455915 0.045695702676311956 1.2309565912000833 0.1396351921139285 0.40530752949416637 0.25143655086867511 0.12204299122095108 0.0075756274745800703 0.018853003028198256 0.028205039867316262 0.90005462892440824 0.16568449532496743 0.14099079833977157 0.10266055367537774
leaf_count=123 37 487 3941 37 766 11 11 19 17 13 1 124 29 6 6 9 20 21 1031 10 11 50 2 2 28 8 188 17 44 107
internal_value=0.00229198 -0.00430336 -0.0122216 0.011351 0.000340513 0.0184154 -0.0225973 0.0085156 0 0.0107839 -0.0109247 0.00558129 0.0131845 0.0229518 -0.0077844 -0.0105465 -0.00116326 0.014918 0.0238772 0.00931248 0.0141127 0 -0.0143464 -0.0247162 -0.0249595 -0.02525 0.0158723 -9.68735e-05 0.0163017 0
internal_weight=9.00733 5.19685 3.48242 3.81048 2.17559 1.63489 1.41198 1.71443 2.07044 1.38147 0.79412 1.34989 1.26069 1.33743 0.720551 0.535016 0.453733 1.13654 1.28703 1.14233 1.11035 0.656744 0.706106 1.34466 1.33708 1.31823 1.08674 0.297454 1.04105 0.242296
internal_count=7176 5194 4750 1982 880 1102 3990 444 760 111 769 258 301 1048 502 496 143 282 1042 241 74 61 768 3979 3977 3949 253 54 232 117
is_linear=0
shrinkage=0.05


Tree=187
num_leaves=28
num_cat=0
split_feature=42 35 2 6 5 35 36 46 38 5 47 5 56 6 58 48 39 38 38 35 6 45 8 6 48 36 36
split_gain=0.260661 0.287075 0.131689 0.102825 0.189342 0.131282 0.0994223 0.115849 0.0765554 0.0666059 0.0563662 0.0538723 0.0535306 0.0416091 0.0387165 0.0283899 0.0240868 0.0184991 0.0156519 0.022872 0.0137794 0.0130941 0.0119505 0.0116955 0.00502072 0.00348114 0.00273943
threshold=0.042572464793920524 0.45421318709850317 0.4083333313465119 3.8662848472595219 1.0000000180025095e-35 0.7399691939353944 0.31180556118488317 0.81666666269302379 0.09175084158778192 0.70381036400794994 0.58571431040763866 0.53158244490623485 3.5000000000000004 6.7326085567474374 1.0000000180025095e-35 2.5000000000000004 7.0446858406066903 0.2522727251052857 0.4695423692464829 0.9011763632297517 7.0446858406066903 20.332776069641117 0.70714285969734203 6.6069514751434335 1.0000000180025095e-35 0.42967033386230474 0.76339712738990795
decision_type=2 2 2 2 2 2 2 2 2 2 2 2 2 2 2 2 2 2 2 2 2 2 2 2 2 2 2
left_child=1 8 6 4 10 24 20 9 13 12 -2 21 16 22 -10 17 -8 -7 -12 -20 -3 -6 -1 -4 -5 -25 -15
right_child=3 2 23 5 11 15 7 -9 14 -11 18 -13 -14 26 -16 -17 -18 -19 19 -21 -22 -23 -24 25 -26 -27 -28
leaf_value=-0.0089839710644296911 0 -0.0014327893183041192 0 0 -0.015383268757223368 0 -0.024092363165894762 7.4567689952461204e-05 0.016427272792949487 0 0.017580642411779455 0 0 0 0 0 0 0.024239672083858126 -0.002706846803010695 0.0061245410294133839 0.0051605070357417541 0 0 0 -0.0032828516093345592 0.0062154604195991288 0.0051417703931116452
leaf_weight=0.33203220552240942 0.27112805686192665 0.13045659288764078 0.092229085945291334 0.1317694368699448 0.57531250148895186 0.056077308865496778 2.2014009319609631 0.24209334969054896 0.75808116428379435 0.073096098407404386 0.45080661948304601 0.088014185428619385 0.095908724382752442 0.13378553290385753 0.14908767041197279 0.050398433115333208 0.07679521822137747 1.2033983035507843 0.40510903624817729 0.24992621527053416 0.20640907064080238 0.12204299122095108 0.074698604759760201 0.075799606274813414 0.1653622173689655 0.24784879622166045 0.25716964941238984
leaf_count=185 37 190 21 37 766 11 4281 33 95 11 13 1 29 8 94 6 26 1031 11 50 3 2 13 12 17 144 49
internal_value=0.00224518 -0.00421295 -0.0120083 0.0111462 0.000350431 0.0180483 -0.0154375 -0.0180955 0.00829801 -0.0208437 0.0106256 -0.0107253 -0.0222086 0 0.0140716 0.0225772 -0.0234196 0.0235055 0.0139412 0 0 -0.0141543 -0.00742885 0.00269258 -7.58075e-05 0.00546304 0.00435561
internal_weight=8.91624 5.14689 3.44204 3.76935 2.16234 1.60701 3.02616 2.68929 1.70485 2.4472 1.37697 0.78537 2.3741 0.797686 0.907169 1.30987 2.2782 1.25948 1.10584 0.655035 0.336866 0.697355 0.406731 0.415877 0.297132 0.323648 0.390955
internal_count=7176 5194 4750 1982 880 1102 4573 4380 444 4347 111 769 4336 255 189 1048 4307 1042 74 61 193 768 198 177 54 156 57
is_linear=0
shrinkage=0.05


Tree=188
num_leaves=27
num_cat=0
split_feature=6 12 57 47 6 4 29 8 8 5 57 36 29 40 57 34 36 6 38 29 42 57 29 42 4 38
split_gain=0.256261 0.300229 0.142783 0.195619 0.106987 0.178869 0.0958391 0.0846863 0.0615175 0.0593871 0.0544172 0.050812 0.0478061 0.0474126 0.0574941 0.100077 0.0235304 0.0201524 0.0193092 0.0145388 0.0123094 0.00951874 0.00863642 0.00795983 0.00157227 0.000773059
threshold=6.7326085567474374 1.0000000180025095e-35 0.013793759513646366 0.77500000596046459 3.877779603004456 1.0000000180025095e-35 9.5833334922790545 0.39230769872665411 0.61250001192092907 0.53158244490623485 0.065070353448390975 0.39173060655593878 14.833333492279055 2.8194408416748051 0.063372347503900542 0.47222222387790685 0.23582887649536136 6.4953796863555917 0.86285266280174266 4.1666667461395273 0.55363985896110546 0.045553633943200118 1.0000000180025095e-35 0.40682870149612432 0.78065484762191784 0.39827586710453039
decision_type=2 2 2 2 2 2 2 2 2 2 2 2 2 2 2 2 2 2 2 2 2 2 2 2 2 2
left_child=1 4 17 8 5 13 11 21 18 10 -7 -6 16 -1 15 23 -9 -3 20 24 -4 -2 -13 -15 -5 -10
right_child=7 2 3 19 6 9 -8 12 25 -11 -12 22 -14 14 -16 -17 -18 -19 -20 -21 -22 -23 -24 -25 -26 -27
leaf_value=-0.00082251932775183985 -0.0043043230516321973 0 -0.02733338437890925 0.0057560294180665841 0 -0.018644501465775731 -0.0017678730861692392 0 -0.0010800861415503225 0 0 0 0 -0.0040828951067794885 0 0.020251935236408995 0.018433796144222369 0.007083021326014763 0 -0.00061423819927917088 0 0.00082320767526514551 0.018942310107899756 8.1638361118429925e-05 0 0.00072453061951709586
leaf_weight=0.11473656899761486 0.24356952324160408 0.09793372083368046 1.3416962666378824 0.24303550113108929 0.094318212111829669 0.74288975627132448 0.18868994842341624 0.087221457739361408 0.14684616598242417 0.097599372093100101 0.062835164368152618 0.20213709211384401 0.056911125779151805 0.19329639003262833 0.28040995867922902 0.56040752353146672 2.032084481412312 0.19989682047162205 0.056545567393186391 0.15193967554660048 0.015216148400213458 0.11703808617312461 1.1508507594553519 0.09142245352268219 0.12332253213389777 0.13298173737712204
leaf_count=35 64 160 2690 45 47 2082 263 12 42 7 1 25 1 84 23 17 1073 3 12 98 9 19 283 1 51 29
internal_value=0.00232461 -0.00270894 -0.0139386 -0.0178995 0.00505711 -0.000883921 0.0121205 0.0134546 -0.0237304 -0.0129937 -0.0161301 0.0159568 0.0163779 0.00756714 0.0107593 0.0145347 0.0176478 0.00275027 -0.0263087 0.000939845 -0.0270043 0 0.0178553 0 0.00522157 0
internal_weight=8.82583 6.28901 2.50941 2.21158 3.77959 2.1436 1.636 2.53682 1.69329 0.903324 0.805725 1.44731 2.17622 1.24027 1.12554 0.845126 2.11931 0.297831 1.41346 0.518298 1.35691 0.360608 1.35299 0.284719 0.366358 0.279828
internal_count=7176 6007 3139 2976 2868 2250 618 1169 2782 2090 2083 355 1086 160 125 102 1085 163 2711 194 2699 83 308 85 96 71
is_linear=0
shrinkage=0.05


Tree=189
num_leaves=20
num_cat=0
split_feature=34 34 58 35 40 6 8 8 35 36 5 45 5 48 40 6 5 45 29
split_gain=0.245298 0.235365 0.234141 0.183201 0.165925 0.142615 0.123319 0.120431 0.0577171 0.0537676 0.0430024 0.0257438 0.0208485 0.01994 0.0141621 0.0138973 0.0101586 0.00638073 0.000157953
threshold=0.47222222387790685 1.0000000180025095e-35 1.0000000180025095e-35 0.8514743745326997 2.8194408416748051 6.8764495849609384 0.61250001192092907 0.240384615957737 0.39164614677429205 0.99137932062149059 0.79008570313453685 29.148195266723636 0.53158244490623485 2.5000000000000004 5.3854017257690439 6.6069514751434335 0.70381036400794994 6.2203564643859872 5.1666667461395273
decision_type=2 2 2 2 2 2 2 2 2 2 2 2 2 2 2 2 2 2 2
left_child=1 2 7 6 15 10 16 12 -9 -10 -4 13 -1 -6 18 -2 -3 -16 -5
right_child=4 3 5 14 11 -7 -8 8 9 -11 -12 -13 -14 -15 17 -17 -18 -19 -20
leaf_value=-0.0069222717925074249 -0.0070689451365963142 -0.025175748349513812 -0.018948859513127761 0 0.017626504731452972 0.0039092496541895047 0 0 0.019127411786430248 0 0 0 0.00026804769815208317 0 0 0 0 0.0064404757569158921 -0.00059383294672568621
leaf_weight=0.27568182690447463 0.2758641306209032 1.1992475618535534 0.73188020469388015 0.024830695881973841 2.5136903095190073 0.40314796337042935 0.1755886805767658 0.19604274463199578 1.8114058187420599 0.19962922696140584 0.050488422391936183 0.097949555551167466 0.10024829710891936 0.047700611583422758 0.093013166057062335 0.055533705599373206 0.0087954112677833818 0.35433542329701595 0.11979957866424229
leaf_count=450 562 3504 601 25 1181 65 60 31 328 15 14 28 7 6 57 15 5 107 115
internal_value=0.00223962 -0.00323094 0.00329477 -0.0142831 0.0121763 -0.00905624 -0.0210902 0.0113044 0.015291 0.0172325 -0.0169874 0.0163437 -0.00256968 0.0171037 0.00174008 -0.00466801 -0.0248956 0.00527187 0
internal_weight=8.73487 5.74414 3.76852 1.97561 2.99074 1.18552 1.38363 2.58301 2.20708 2.01104 0.782369 2.65934 0.37593 2.56139 0.591979 0.331398 1.20804 0.447349 0.14463
internal_count=7176 5384 1511 3873 1792 680 3569 831 374 343 615 1215 457 1187 304 577 3509 164 140
is_linear=0
shrinkage=0.05


Tree=190
num_leaves=25
num_cat=0
split_feature=49 3 6 9 36 53 48 5 9 35 57 40 5 21 3 36 35 29 2 8 3 48 39 5
split_gain=0.242473 0.267635 0.246082 0.127021 0.126989 0.0955829 0.100089 0.0540432 0.0454325 0.0436958 0.0363832 0.0358579 0.0314581 0.0730551 0.04273 0.0262733 0.0248031 0.0151859 0.0143649 0.0115936 0.00475024 0.00339738 0.00329139 0.000742467
threshold=0.18333333730697635 0.57669684290885936 6.7326085567474374 7.5000000000000009 0.93405798077583324 1.0000000180025095e-35 1.0000000180025095e-35 0.78474903106689464 13.500000000000002 0.38585758209228521 0.047879064455628402 6.0383479595184335 0.70381036400794994 1.0000000180025095e-35 0.67474776506423961 0.70074626803398143 0.65217155218124401 14.583333492279055 0.10912698507308961 0.70714285969734203 0.86124861240386974 1.5000000000000002 7.2474184036254892 0.12778327614068988
decision_type=2 2 2 2 2 2 2 2 2 2 2 2 2 2 2 2 2 2 2 2 2 2 2 2
left_child=1 5 4 9 7 6 10 11 15 -2 -1 19 13 -4 -15 -8 -16 21 23 22 -20 -11 -3 -6
right_child=3 2 12 -5 18 -7 8 -9 -10 17 -12 -13 -14 14 16 -17 -18 -19 20 -21 -22 -23 -24 -25
leaf_value=-0.0079637373916347318 0 -0.02699475751643431 0.0068088890371585309 -0.0026957916655486001 0 -0.0051208830806655538 0 0 0 0.020560059118173948 0.0027873498405926837 0 0.0082571604600988838 0 -0.013461226063073723 0.016784348096061399 0 0 0 0 0.0051984307945435737 0 0 -0.003504074723981235
leaf_weight=0.30130495506455268 0.12856522784568358 1.3441440051610705 0.35862954007461645 0.16144430229905982 0.010130129587196168 0.24198152098688286 0.2649285338775379 0.044608574826270231 0.067159651312976965 1.542850828845985 0.31464571185642853 0.19435540915583249 0.30759898817632336 0.11281832569511607 0.59298476204276085 1.8988057844399007 0.1392342431936413 0.040462112985551246 0.054215757292695343 0.010315053747035452 0.30164316244918155 0.037735256541054585 0.0082590151869225137 0.17837401400174713
leaf_count=378 12 3577 39 46 14 73 209 11 160 1002 25 329 157 20 54 394 67 2 69 5 89 13 4 427
internal_value=0.00207621 -0.00220658 -0.0106097 0.0144768 -0.0189418 0.00668171 0.0100551 -0.0235773 0.0140454 0.018284 -0.00105132 -0.0248682 0.00206234 -0.000280427 -0.00805877 0.0154066 -0.0114387 0.0198086 0 -0.026594 0.0041454 0.0203284 -0.0268823 -0.00325762
internal_weight=8.65719 6.74614 3.65731 1.91106 2.14605 3.08883 2.84684 1.60168 2.23089 1.74961 0.615951 1.55707 1.51127 1.20367 0.845037 2.16373 0.732219 1.62105 0.544363 1.36272 0.355859 1.58059 1.3524 0.188504
internal_count=7176 6101 4862 1075 4525 1239 1166 3926 763 1029 403 3915 337 180 141 603 121 1017 599 3586 158 1015 3581 441
is_linear=0
shrinkage=0.05


Tree=191
num_leaves=29
num_cat=0
split_feature=5 4 2 39 38 34 9 37 58 39 40 38 29 42 37 59 2 58 37 9 29 57 37 39 38 4 37 37
split_gain=0.238791 0.283239 0.170601 0.146357 0.118758 0.138612 0.0995872 0.0968981 0.0890376 0.0877058 0.0747465 0.0703173 0.0685669 0.0610475 0.0589422 0.033297 0.0302135 0.0224605 0.019978 0.0091461 0.0050975 0.00455463 0.00207614 0.00202309 0.00192448 0.000471288 6.86756e-05 0.00033176
threshold=0.70381036400794994 0.72776681184768688 0.4083333313465119 6.2203564643859872 0.41728855669498449 0.63068181276321422 13.500000000000002 0.44058823585510259 1.0000000180025095e-35 6.3950443267822275 2.8716531991958623 0.053342817351222045 4.1666667461395273 0.45307917892932897 0.96824595332145702 1.0000000180025095e-35 0.13188406080007556 1.0000000180025095e-35 0.88047617673873912 1.0000000180025095e-35 5.1666667461395273 0.046987103298306472 0.89871793985366832 6.4953796863555917 0.63019943237304699 0.94466316699981701 0.26876173913478857 0.31180556118488317
decision_type=2 2 2 2 2 2 2 2 2 2 2 2 2 2 2 2 2 2 2 2 2 2 2 2 2 2 2 2
left_child=1 4 3 7 6 9 8 26 10 14 11 -1 -7 15 16 -9 -6 -4 19 -13 -12 -5 -10 -22 -11 -15 -3 -28
right_child=-2 2 17 21 5 12 -8 13 22 24 20 18 -14 25 -16 -17 -18 -19 -20 -21 23 -23 -24 -25 -26 -27 27 -29
leaf_value=0 0.018213766742168166 0 0.0081405739387636327 0 -0.019465866632949479 0.014001197799973587 -0.0024700680466435564 0 -0.002121608173883377 0 0.0020330699271989901 0 -0.0010369359474188542 -0.00058944965938865904 0 -0.02618225106070346 0 0 0 0.025528296500053234 -0.0032966183128743543 0.0031588467198977906 0 0 0.002754067334059123 0.00083918671211199308 0.00092920905821309348 0
leaf_weight=0.079184226982761952 0.87609372672159214 0.12983253192214883 0.32460974043351587 0.097383695079770294 0.7501140453387054 0.50335871125571419 0.15643740055384103 0.10497423028573494 0.15309667856490694 0.10659018950536836 0.21423665872134723 0.18422499109874468 0.24433494417462498 0.12589194985048369 0.15290276358427946 1.5731904138992818 0.14858955363888526 0.14352629435597919 0.13740632681583509 1.1281949312469803 0.17619899353303481 0.33503051147272345 0.081423423172964249 0.039437711959180888 0.15628877642302541 0.11756404626794392 0.15943210686236853 0.18105054285842925
leaf_count=11 786 102 208 263 750 124 384 208 126 40 53 16 31 41 92 2557 78 46 62 185 429 170 27 38 22 15 51 261
internal_value=0.00197662 -0.00117566 -0.0110804 -0.015526 0.00597354 -0.000999131 0.0120568 -0.0194702 0.0151077 -0.0098588 0.0179321 0.0212158 0.00844457 -0.0228698 -0.0146491 -0.0250511 -0.0175922 0.00464152 0.0231606 0.0242876 0 0.0011622 0 -0.00252083 0.00177059 0 0 0.000357883
internal_weight=8.5806 7.70451 3.29249 2.82435 4.41202 2.06218 2.34984 2.39194 2.1934 1.31449 1.95888 1.52901 0.747694 1.92162 1.05161 1.67816 0.898704 0.468136 1.44983 1.31242 0.429873 0.432414 0.23452 0.215637 0.262879 0.243456 0.470315 0.340483
internal_count=7176 6390 3922 3668 2468 1137 1331 3235 947 982 794 274 155 2821 920 2765 828 254 263 201 520 433 153 467 62 56 414 312
is_linear=0
shrinkage=0.05


Tree=192
num_leaves=23
num_cat=0
split_feature=6 4 5 14 5 4 36 12 35 36 47 36 8 38 5 35 46 39 8 6 4 35
split_gain=0.234444 0.349499 0.266991 0.167185 0.215754 0.124616 0.107933 0.087917 0.0733134 0.0511964 0.063492 0.0608407 0.0507161 0.0305522 0.0248805 0.023295 0.0176489 0.0151844 0.011167 0.0106307 0.00193508 0.00163344
threshold=6.4953796863555917 0.31725417077541357 0.45999288558959966 1.0000000180025095e-35 0.70381036400794994 0.67474776506423961 0.99137932062149059 1.0000000180025095e-35 0.38585758209228521 0.88047617673873912 0.63333335518836986 0.96824595332145702 0.240384615957737 1.0000000180025095e-35 0.11215933039784433 0.78642225265502941 0.26785714924335485 7.5028312206268319 0.63392856717109691 7.0446858406066903 0.3298212736845017 0.92661488056182872
decision_type=2 2 2 2 2 2 2 2 2 2 2 2 2 2 2 2 2 2 2 2 2 2
left_child=1 9 6 8 5 19 14 -4 -2 10 16 -11 -10 -7 -3 -9 -1 18 20 -5 -16 -8
right_child=3 2 7 4 -6 13 21 15 12 11 -12 -13 -14 -15 17 -17 -18 -19 -20 -21 -22 -23
leaf_value=0.0033324265404454188 0 0 0.011381228796867806 0 0.014242836371046085 0 -0.00063063761648849933 -0.0084465663607028712 0 -0.0081011561705380177 0.016777295709335022 0.0066998425519530103 0.023988938442658675 -0.017863527719378981 0 0 -0.0048433159907221319 0 0 0.0056645639070618762 -0.02657641986259306 0.0016940325873476042
leaf_weight=0.41055515533662423 0.15435819793492567 0.05879946633649602 0.5552929490659152 0.11352694264496654 0.53300517212483112 0.045470307115465403 0.11321669020253455 0.30857884954457404 0.18279190902831022 0.42216633175848972 0.78413042980537284 0.30918914036010392 1.1871228271629659 0.89127367745095398 0.010191114044573513 0.081126701697940007 0.21316340837802272 0.017580460087628924 0.055269096366828196 0.22734841209603474 1.5556997543353643 0.26870338263688609
leaf_count=97 11 111 119 38 560 2 175 336 35 91 92 58 555 176 19 30 113 5 23 30 4478 22
internal_value=0.00199673 -0.0038926 -0.0136666 0.0110634 0 -0.010014 -0.0213399 0.00293817 0.0193848 0.00828487 0.0119433 0 0.0218537 -0.0164978 -0.0248977 -0.00502726 0 -0.0256375 -0.0260033 0.00309034 -0.026488 0
internal_weight=8.49856 5.16366 3.02446 3.3349 1.81062 1.27762 2.07946 0.944999 1.52427 2.1392 1.40785 0.731355 1.36991 0.936744 1.69754 0.389706 0.623719 1.63874 1.62116 0.340875 1.56589 0.38192
internal_count=7176 5769 5318 1407 806 246 4833 485 601 451 302 149 590 178 4636 366 210 4525 4520 68 4497 197
is_linear=0
shrinkage=0.05


Tree=193
num_leaves=26
num_cat=0
split_feature=42 9 35 8 21 9 5 46 38 3 5 8 5 35 5 48 38 31 8 5 57 2 38 58 35
split_gain=0.229235 0.258051 0.161514 0.108629 0.0934837 0.0781636 0.0700552 0.0500588 0.0474827 0.0273067 0.0348284 0.025538 0.139636 0.0938946 0.0410665 0.0225641 0.0169238 0.0161092 0.0139743 0.0126295 0.0117466 0.00771129 0.00676892 0.00494284 0.0028888
threshold=0.042572464793920524 4.5000000000000009 0.44773148000240331 0.27922078967094427 1.0000000180025095e-35 9.5000000000000018 0.77664399147033703 0.84523808956146251 0.09175084158778192 0.81352940201759349 0.77664399147033703 0.16228070110082629 0.16463142633438113 0.7399691939353944 0.53158244490623485 2.5000000000000004 0.2522727251052857 1.5000000000000002 0.68333333730697643 0.31605799496173864 0.04538575932383538 0.44722221791744238 0.87652438879013073 1.0000000180025095e-35 0.69127148389816295
decision_type=2 2 2 2 2 2 2 2 2 2 2 2 2 2 2 2 2 2 2 2 2 2 2 2 2
left_child=1 3 8 7 -5 11 20 -1 18 23 -11 12 17 24 -14 16 -15 -2 -3 -10 21 22 -4 -6 -13
right_child=5 2 6 4 9 -7 -8 -9 19 10 -12 13 14 15 -16 -17 -18 -19 -20 -21 -22 -23 -24 -25 -26
leaf_value=-0.010756794753252447 0 -0.0074879633565993753 -0.024541981375070437 0.017590757168267978 0.0053513282787602725 -0.0020613306704251283 0 0.0015412031227374935 0 -0.0094089705288540691 0.00056615206191469266 0 -0.012040694062309275 0 0 0 0.022516896528283255 0.011740416630281431 0 0.0086545126968877641 0 0 0 0 -0.0025245876799016545
leaf_weight=0.39569008439139031 0.20097546744364159 0.3641270238294968 1.1683317642928153 0.77637301807408188 0.45221053864224814 0.14692944339913072 0.062335789378266671 0.26016395539045334 0.058275590519770049 0.4204649735474959 0.11231915772077627 0.12853119048668293 0.43328774604742637 0.054724250570870825 0.083992980420589447 0.046399849117733427 1.1307686936270327 1.203046828319202 0.092771430150605738 0.45165937978890724 0.036640399252064415 0.0064040804281831889 0.026567839944618865 0.15852232355973683 0.13312214991310611
leaf_count=496 65 170 3956 116 40 385 11 7 35 67 101 44 310 12 1 6 1057 99 18 93 38 1 8 37 3
internal_value=0.00203495 -0.00413947 -0.0142295 0.00483898 0.0104024 0.0105933 -0.0215202 -0.00487421 0 0 -0.00504661 0.0126139 0.00257884 0.0173066 -0.00832394 0.0209716 0.0217935 0.0104672 -0.00534038 0.00714837 -0.0235431 -0.0240175 -0.0242344 0.00425989 0
internal_weight=8.40464 4.84286 2.26711 2.57574 1.91989 3.56178 1.30028 0.655854 0.966833 1.14352 0.532784 3.41485 1.9213 1.49355 0.517281 1.23189 1.18549 1.40402 0.456898 0.509935 1.23794 1.2013 1.1949 0.610733 0.261653
internal_count=7176 5194 4330 864 361 1982 4014 503 316 245 168 1597 475 1122 311 1075 1069 164 188 128 4003 3965 3964 77 47
is_linear=0
shrinkage=0.05


Tree=194
num_leaves=26
num_cat=0
split_feature=6 12 57 45 6 4 20 53 8 40 34 5 57 53 8 35 36 6 4 5 57 36 57 42 4
split_gain=0.225643 0.253588 0.125238 0.160967 0.0942914 0.146514 0.121522 0.0924496 0.0762046 0.0735075 0.0780764 0.0528871 0.0483998 0.0424297 0.0379385 0.0244346 0.020596 0.0164059 0.0089413 0.00936555 0.00814003 0.00789142 0.00544585 0.00223354 0.000315259
threshold=6.7326085567474374 1.0000000180025095e-35 0.013793759513646366 10.161285400390627 3.877779603004456 1.0000000180025095e-35 1.0000000180025095e-35 7.0446858406066903 0.39230769872665411 2.8194408416748051 0.41428571939468389 0.53158244490623485 0.065070353448390975 7.2474184036254892 0.61250001192092907 0.43191786110401159 0.23582887649536136 6.4953796863555917 0.34078422188758856 0.52762517333030712 0.045553633943200118 0.86996778845787059 0.032663283869624145 0.40682870149612432 0.92885261774063121
decision_type=2 2 2 2 2 2 2 2 2 2 2 2 2 2 2 2 2 2 2 2 2 2 2 2 2
left_child=1 4 17 14 5 7 15 9 20 -1 23 12 -7 16 -4 21 -10 -3 -5 -20 -2 -6 -17 -11 -16
right_child=8 2 3 18 6 11 -8 -9 13 10 -12 -13 -14 -15 24 22 -18 -19 19 -21 -22 -23 -24 -25 -26
leaf_value=-0.0007037979703052677 -0.0040247233279455362 0 -0.025328634149927372 0.0040329111758308856 0 -0.017701591266118519 0.018137008638765811 -0.0045800796460659134 0 -0.0021429055418577202 0.020470074416518366 0 0 0 -0.00083183171080970873 -0.0073213785339497524 0.017665233164999097 0.0063222291062223481 -0.004452839997091191 0 0.00058085251349166897 0.0045898520731648433 0 0 0
leaf_weight=0.11194390754099071 0.23314733197912607 0.091879861181951461 1.1871060567464158 0.28822149644838635 0.1289203551132232 0.69334883413830528 0.89962146395555442 0.17296001681825135 0.082420653488953 0.21598194289254025 0.61679246672429144 0.093200909584993497 0.059547007083892822 0.084236032736953237 0.13903303751430929 0.29632354565546848 1.864018290012609 0.19047939457232133 0.2515275628065865 0.083620421937666833 0.11167228792328387 0.20396607066504657 0.01913077831704868 0.089300148189067841 0.11590436560800299
leaf_count=33 64 160 2627 37 55 2082 215 9 12 80 37 7 1 26 49 331 1048 3 186 59 19 12 5 1 18
internal_value=0.00197418 -0.00280762 -0.0133799 -0.0171903 0.00440844 -0.00109321 0.0112329 0.00647564 0.0127144 0.0121257 0.0158404 -0.0122579 -0.0152864 0.0155856 -0.0231458 -0.000504997 0.0169073 0.00226339 0 -0.00102442 0 0.00205615 -0.00651715 0 0
internal_weight=8.3243 5.94881 2.34777 2.06541 3.60104 2.05308 1.54796 1.20698 2.37549 1.03402 0.922075 0.846097 0.752896 2.03067 1.44204 0.648341 1.94644 0.282359 0.623369 0.335148 0.34482 0.332886 0.315454 0.305282 0.254937
internal_count=7176 6007 3139 2976 2868 2250 618 160 1169 151 118 2090 2083 1086 2694 403 1060 163 282 245 83 67 336 81 67
is_linear=0
shrinkage=0.05


Tree=195
num_leaves=26
num_cat=0
split_feature=49 3 5 21 6 57 38 35 34 39 37 57 57 40 38 8 2 46 57 3 57 6 8 37 6
split_gain=0.219607 0.227532 0.215859 0.137298 0.111406 0.0944391 0.0776001 0.17251 0.12822 0.0562741 0.054595 0.0564805 0.0513135 0.0410923 0.0420707 0.0321261 0.0293872 0.0281034 0.0277376 0.0225393 0.0181529 0.00210325 0.00143788 0.000235091 0.00020718
threshold=0.18333333730697635 0.57669684290885936 0.70381036400794994 1.0000000180025095e-35 5.7751989364624032 0.015038444194942715 0.37089946866035467 0.89848890900611889 0.63068181276321422 6.8764495849609384 0.73942822217941295 0.026327067054808143 0.015504807699471714 6.0360043048858651 1.0000000180025095e-35 0.48333333432674414 0.10912698507308961 0.86607143282890331 0.064289715141057982 0.66807910799980175 0.047879064455628402 4.9058899879455575 0.48333333432674414 0.31180556118488317 6.6069514751434335
decision_type=2 2 2 2 2 2 2 2 2 2 2 2 2 2 2 2 2 2 2 2 2 2 2 2 2
left_child=1 6 3 4 17 22 10 8 15 13 20 -12 -6 14 -5 18 -7 -3 -8 23 -1 -18 -2 -16 -4
right_child=5 2 24 9 12 16 7 -9 -10 -11 11 -13 -14 -15 19 -17 21 -19 -20 -21 -22 -23 -24 -25 -26
leaf_value=-0.0049864944485696581 -0.0017764014570890352 -0.01226731596484136 0 0 -0.00023989697481714787 0 -0.019782468605163799 0.011408888206713923 0.0034326300721429248 0 0.019640432666507047 0 0.0130660823893313 0 0 0 0 0 0 -0.026052913588756124 0.0035225849178150562 0.019969321982389196 0 -0.00071887396125577688 0.0079067292608394225
leaf_weight=0.219250635156641 0.13914920116076235 0.4556244447594513 0.10324518140987482 0.048192603018833213 0.10460997898189817 0.29403984524833493 0.73442746762157163 0.59450816025491793 0.28813458401418757 0.069514911447186134 0.59279145480832085 0.22805115566734457 0.5108814940758748 0.084694880337337852 0.079862582002533489 0.087907130742678419 0.024288020082167239 0.096073659835383296 0.029720184858888388 1.460031149574206 0.21411789991543628 1.1575590355787424 0.1844999206950888 0.13728767180145951 0.3030057139985729
leaf_count=349 35 3020 27 8 97 31 530 78 19 42 68 152 44 81 7 32 11 6 2 1206 9 982 16 157 167
internal_value=0.00189809 -0.00222248 -0.0101953 -0.0150907 0 0.0139597 0.00598167 0 -0.0102244 -0.0209579 0.0122219 0.016121 0.00896093 -0.0223644 -0.0235245 -0.0169022 0.0177681 -0.00979241 -0.0185862 -0.024549 0 0.0197971 0 0 0.00758671
internal_weight=8.24147 6.44193 3.45302 3.04677 1.16719 1.79954 2.98891 1.7347 1.14019 1.87958 1.25421 0.820843 0.615491 1.81007 1.72537 0.852055 1.47589 0.551698 0.764148 1.67718 0.433369 1.18185 0.323649 0.21715 0.406251
internal_count=7176 6101 4862 4668 3167 1075 1239 661 583 1501 578 220 141 1459 1378 564 1024 3026 532 1370 358 993 51 164 194
is_linear=0
shrinkage=0.05


Tree=196
num_leaves=26
num_cat=0
split_feature=42 6 46 8 57 56 58 49 36 40 35 47 2 40 35 40 48 31 38 35 35 8 35 45 45
split_gain=0.215369 0.313932 0.154068 0.125509 0.113655 0.121385 0.101449 0.0812265 0.0710219 0.0403592 0.148075 0.085454 0.0451459 0.0366057 0.0349551 0.028072 0.0259939 0.0271996 0.0106819 0.00801654 0.0164723 0.00299552 0.00196856 0.000788764 0.000679549
threshold=0.20991431921720508 6.4953796863555917 0.81666666269302379 0.39230769872665411 0.047378849238157279 1.0000000180025095e-35 1.0000000180025095e-35 0.26785714924335485 0.99137932062149059 2.901002168655396 0.89848890900611889 0.77500000596046459 0.19523809850215915 6.1498413085937509 0.39164614677429205 3.407672762870789 1.5000000000000002 6.5000000000000009 0.043560607358813293 0.51483678817749035 0.71297150850296032 0.42261904478073126 0.38585758209228521 17.150262832641605 6.1738436222076425
decision_type=2 2 2 2 2 2 2 2 2 2 2 2 2 2 2 2 2 2 2 2 2 2 2 2 2
left_child=1 2 4 -3 5 -1 8 -7 14 -2 11 12 13 -11 -5 -12 17 24 -16 22 -21 23 -8 -6 -17
right_child=9 3 -4 6 21 7 19 -9 -10 10 15 -13 -14 -15 18 16 -18 -19 -20 20 -22 -23 -24 -25 -26
leaf_value=0.00063032118722427914 0.019094399401086447 -0.0059345096488156264 0.003266520460793398 0 -0.0013066515270325383 -0.027562322291759936 0 0 0 -0.017109214717341472 0 0.0037449578862426714 0 0 0 0 0 0 0.022167422407424257 -0.0066300162771784875 0 0.0025354433178520061 0.0024572025031139619 0 0.016598329623102901
leaf_weight=0.10091021656990173 0.58925967116374556 0.32297667343664249 0.33892681618453924 0.14529508433770422 0.15496181473281456 1.4293267523753455 0.13478294690139581 0.52953905786853273 0.14317209177534085 0.62870001822011568 0.10070733432075929 0.25725718893227167 0.073287042934680358 0.13078326580580324 0.075438282452523597 0.013823409797623532 0.10783915955107659 0.077801330160582438 1.0033382847614118 0.33212725361227058 0.10013473741128109 0.16494096477981657 0.25658206676598638 0.049682973069138825 0.89453973289346322
leaf_count=1 117 107 25 13 80 4943 8 46 50 378 39 114 42 49 3 13 21 14 202 50 88 7 42 2 722
internal_value=0.0019539 -0.00337488 -0.0134767 0.00699595 -0.017542 -0.0209225 0.0117316 -0.0235604 0.0171071 0.0113814 0.00266251 -0.00604525 -0.0121909 -0.0147971 0.019782 0.01202 0.0135994 0.0150898 0.0214643 0 -0.00348305 0 0.00138414 0 0.0165112
internal_weight=8.15613 5.28214 2.76829 2.51385 2.42936 2.05978 2.19087 1.95887 1.36724 2.874 2.28474 1.09003 0.83277 0.759483 1.22407 1.19471 1.094 0.986164 1.07878 0.823627 0.432262 0.369586 0.391365 0.204645 0.908363
internal_count=7176 5667 5104 563 5079 4990 456 4989 268 1509 1392 583 469 427 218 809 770 749 205 188 138 89 50 82 735
is_linear=0
shrinkage=0.05


Tree=197
num_leaves=35
num_cat=0
split_feature=39 21 5 31 3 9 34 35 40 37 6 37 2 31 38 38 3 57 58 2 37 40 37 34 6 35 6 6 57 39 38 57 38 37
split_gain=0.212225 0.183464 0.228094 0.225167 0.109076 0.104649 0.0609804 0.0548229 0.0626039 0.0489057 0.0481926 0.0641916 0.0381914 0.0315756 0.0294031 0.0268159 0.0266803 0.0228741 0.0144553 0.014168 0.0109878 0.0104068 0.00919051 0.00760575 0.00541825 0.00490603 0.0109795 0.00345477 0.0020155 0.00177279 0.00242852 0.000989921 0.000315389 0.000261882
threshold=6.2203564643859872 1.0000000180025095e-35 0.70381036400794994 2.5000000000000004 0.71834936738014232 13.500000000000002 0.41428571939468389 0.38585758209228521 2.9236420392990117 0.52255764603614818 6.7326085567474374 0.96824595332145702 0.47213622927665716 6.5000000000000009 1.0000000180025095e-35 0.043560607358813293 0.97315317392349254 0.032154673710465438 1.0000000180025095e-35 0.21980676054954532 0.72613638639450084 3.241702795028687 0.42967033386230474 0.63068181276321422 6.4953796863555917 0.8737836778163911 6.071730613708497 7.2474184036254892 0.063595164567232146 5.8278791904449472 0.41240409016609197 0.062357790768146522 0.76568627357482921 0.63714733719825756
decision_type=2 2 2 2 2 2 2 2 2 2 2 2 2 2 2 2 2 2 2 2 2 2 2 2 2 2 2 2 2 2 2 2 2 2
left_child=1 3 4 5 9 7 25 -1 15 17 11 23 14 21 -6 -9 27 -3 20 22 33 -8 -5 -11 -4 26 28 -16 -2 32 -31 -13 -10 -17
right_child=6 2 24 19 12 -7 13 8 29 10 -12 31 -14 -15 16 18 -18 -19 -20 -21 -22 -23 -24 -25 -26 -27 -28 -29 -30 30 -32 -33 -34 -35
leaf_value=0 -0.005649067284988602 0 0 0 0 -0.0025575737052917946 0 0 -0.0018435786735535341 -0.014761935793187518 0.0014141967585207071 0 0 0 -0.024587840252595073 0.00071672494121055846 0 0.0084766421502568412 0 0 0.024139200434464023 0.019997896878739554 -0.012288374371332272 0 0.0095130870015349353 0.0021089925676414777 0 0 0 0 0.0025005540498568195 0.0015252429751868078 0 0
leaf_weight=0.15219838189659762 0.23554574583249621 0.077232108822500645 0.08649821369908739 0.01708507283910865 0.060935830668313318 0.15863433791673731 0.035674389102495985 0.037903499905951654 0.16202315613554663 0.74299283258005722 0.17350080102914933 0.077321929988102056 0.036724335397593566 0.081959807110251748 1.2258641213629742 0.27450142603265693 0.17318941970734147 0.35492362341756234 0.23368559415030166 0.031542445569357369 1.0608364019972212 0.98834132168849465 0.44519363430299563 0.057641258725197986 0.35502492834348232 0.19697070418624207 0.070610270457109436 0.03293853107606981 0.021834512008354068 0.033910066173120867 0.17424662296252791 0.12927004223456606 0.0081833976291818544 0.066557651858602185
leaf_count=30 412 68 21 2 7 665 64 13 927 373 41 38 40 19 964 229 114 32 204 22 352 794 965 6 232 58 56 15 3 216 86 15 8 85
internal_value=0.00198683 -0.00196094 -0.00895689 0.00556681 -0.0141456 0.0124664 0.0142968 0.015569 0.0173029 -0.000312222 -0.00614506 -0.00999402 -0.0208657 0.0181036 -0.0219109 0.0200076 -0.0228548 0.00529615 0.0207725 -0.0103439 0.0221026 0.0194939 -0.0115554 -0.0141555 0.00869895 0 -0.00228622 -0.0243295 -0.00522977 0 0.00102567 0.000355272 -0.00164354 0
internal_weight=8.0715 6.44056 3.58406 2.8565 3.14253 2.36268 1.63094 2.20405 2.05185 1.61288 1.18073 1.00723 1.52965 1.10598 1.49293 1.67348 1.43199 0.432156 1.63558 0.493821 1.4019 1.02402 0.462279 0.800634 0.441523 0.524961 0.327991 1.2588 0.25738 0.378363 0.208157 0.206592 0.170207 0.341059
internal_count=7176 5770 1966 3804 1713 2815 1406 2150 2120 573 473 432 1140 877 1100 883 1093 100 870 989 666 858 967 379 253 529 471 979 415 1237 302 53 935 314
is_linear=0
shrinkage=0.05


Tree=198
num_leaves=28
num_cat=0
split_feature=42 9 35 6 21 6 5 35 5 8 5 47 58 35 8 35 35 46 36 45 35 45 2 8 35 29 6
split_gain=0.204034 0.23334 0.141044 0.10212 0.109774 0.0868155 0.139406 0.0964119 0.0649391 0.0465278 0.0445231 0.0427142 0.034418 0.0319538 0.0287826 0.0158741 0.0591984 0.0140132 0.0108857 0.0104473 0.00766789 0.00764734 0.00773194 0.00253199 0.00179782 0.00176451 0.000336876
threshold=0.042572464793920524 4.5000000000000009 0.44773148000240331 3.9130500555038457 1.0000000180025095e-35 3.8662848472595219 1.0000000180025095e-35 0.7399691939353944 0.77664399147033703 0.48333333432674414 0.53158244490623485 0.58571431040763866 1.0000000180025095e-35 0.3985219299793244 0.39230769872665411 0.8737836778163911 0.89108416438102733 0.86607143282890331 0.20204082131385806 20.332776069641117 0.42550456523895269 12.375614166259767 0.43650794029235845 0.63392856717109691 0.69127148389816295 10.833333492279055 6.2203564643859872
decision_type=2 2 2 2 2 2 2 2 2 2 2 2 2 2 2 2 2 2 2 2 2 2 2 2 2 2 2
left_child=1 3 13 17 -5 6 11 24 21 -6 19 -2 -11 23 -15 -13 -17 -1 -9 -8 -14 22 -4 -3 -7 -20 -16
right_child=5 2 8 4 9 7 10 18 -10 12 -12 15 20 14 26 16 -18 -19 25 -21 -22 -23 -24 -25 -26 -27 -28
leaf_value=-0.0078268702545314806 0 -0.0055378950538916213 -0.023178238387876499 0.017425849840822405 -0.0080844755241861049 0 -0.013934423290910778 0 0 0.0089856976767863726 0 0.015245061711474498 0 0 0 -0.0067193257375969765 0.0083291932532395686 0 0.021464783668177806 0 -0.003857697735244775 0 0 0 -0.0019992421903100004 0 0.0092533395030022555
leaf_weight=0.29988231575407587 0.2537812028313059 0.22711136794532683 1.1370288579673793 0.84661434643203359 0.30040746233134996 0.13717604356497748 0.5141434449906227 0.047285618871683144 0.060560939949937054 0.45189305063104257 0.08212173730134964 0.4560950899031011 0.095384858199395239 0.093958509853109717 0.13546159016550519 0.26341046951711178 0.31103616405744106 0.16870092321187258 1.0576134689326862 0.10994110256433487 0.29763862272375263 0.017027465568389633 0.0067796134389938026 0.050111912714783102 0.12448865338228643 0.03453035998973053 0.41758449579356238
leaf_count=445 37 133 3973 140 79 51 766 8 11 89 1 14 19 81 65 5 55 5 1027 2 87 28 2 14 3 13 23
internal_value=0.001977 -0.00393774 -0.0137494 0.00467417 0.00978228 0.0102158 0 0.0167712 -0.0206503 0 -0.00957948 0.00916659 0.00412066 0 0.00543107 0.0121292 0 -0.0055107 0.0206963 -0.012843 -0.00031873 -0.0226609 -0.0229459 -0.00495065 0 0.0212373 0.00880986
internal_weight=7.99777 4.60615 2.14562 2.46052 1.99194 3.39162 1.99053 1.40109 1.2214 1.14532 0.706206 1.28432 0.844917 0.924228 0.647005 1.03054 0.574447 0.468583 1.13943 0.624085 0.393023 1.16084 1.14381 0.277223 0.261665 1.09214 0.553046
internal_count=7176 5194 4330 864 414 1982 880 1102 4014 274 769 111 195 316 169 74 60 450 1048 768 106 4003 3975 147 54 1040 88
is_linear=0
shrinkage=0.05


Tree=199
num_leaves=24
num_cat=0
split_feature=6 3 5 6 38 53 2 42 42 53 3 36 38 47 36 34 35 39 36 57 5 29 2
split_gain=0.198896 0.233514 0.182144 0.177244 0.124682 0.0938844 0.0757235 0.0737503 0.063367 0.0388525 0.0356469 0.0343588 0.0352005 0.0288362 0.0251262 0.0214529 0.0281674 0.0138702 0.0132299 0.00979644 0.0084438 0.00203593 0.00104957
threshold=6.7326085567474374 0.26764950156211859 0.45999288558959966 5.9423835277557382 0.22611077129840854 1.0000000180025095e-35 0.19523809850215915 0.7587878704071046 0.19848485291004184 7.2474184036254892 0.3298212736845017 0.77032968401908886 0.11269841343164445 0.58571431040763866 0.93405798077583324 0.63068181276321422 0.51883593201637279 7.5028312206268319 0.20204082131385806 0.046804908663034446 0.21458087116479876 9.8333334922790545 0.44722221791744238
decision_type=2 2 2 2 2 2 2 2 2 2 2 2 2 2 2 2 2 2 2 2 2 2 2
left_child=1 5 3 7 14 8 19 10 15 18 -3 20 -13 -10 22 16 -1 -12 -8 -2 -5 -6 -4
right_child=6 2 4 11 21 -7 9 -9 13 -11 17 12 -14 -15 -16 -17 -18 -19 -20 -21 -22 -23 -24
leaf_value=7.2845533561437489e-05 -0.0044768367935825596 0 -0.0097046195063273544 0 0.013176110224248331 -0.0037811611955735416 0 0 0 0 -0.025895707049239061 0 0.0099929845718325135 0.019608358532139131 0 0.0047018927754201682 -0.0085694381501907006 0 0.016931338882946467 0.00054204088967386023 -0.0062219711799503304 0 0
leaf_weight=0.14252222991490249 0.2057006238610487 0.18186894687096433 0.35677487448992884 0.055618653204874025 0.56316170484933536 0.20697399282653339 0.060488921066280343 0.1538960178149863 0.30757301260018721 0.079946310666855314 1.4294998858495089 0.13137862522125943 0.46892402769299224 0.66067034914158285 0.10481523849011865 0.22576983802719042 0.32015005982248113 0.016306431498378404 1.803216954169329 0.11084500834112987 0.24819324770214735 0.040562235910329036 0.044385658868122846
leaf_count=19 63 82 247 17 269 36 8 15 28 26 4637 18 97 61 24 11 234 5 1054 18 113 84 10
internal_value=0.00192601 -0.00263523 -0.00957324 -0.0154336 0.00283261 0.00815714 0.0121854 -0.0217927 0.0123925 0.0151248 -0.0239354 0 0.00605569 0.016964 -0.00643396 0 -0.00425913 -0.0255331 0.0164032 0 -0.00456847 0.0128858 -0.00945111
internal_weight=7.91924 5.65905 3.79539 2.68569 1.1097 1.86366 2.2602 1.78157 1.65669 1.94365 1.62768 0.904115 0.600303 0.968243 0.505976 0.688442 0.462672 1.44581 1.86371 0.316546 0.303812 0.603724 0.401161
internal_count=7176 6007 5618 4984 634 389 1169 4739 353 1088 4724 245 115 89 281 264 253 4642 1062 81 130 353 257
is_linear=0
shrinkage=0.05


Tree=200
num_leaves=30
num_cat=0
split_feature=39 21 5 31 49 9 3 34 35 36 36 38 36 31 6 6 38 58 2 39 42 39 6 57 34 35 6 57 57
split_gain=0.197914 0.170759 0.214719 0.207618 0.12843 0.0969253 0.0674004 0.0548672 0.0529529 0.0431108 0.0425175 0.0409483 0.0340605 0.0297273 0.0275342 0.0225983 0.0180979 0.0135905 0.0133829 0.0120867 0.00873681 0.00763529 0.00509872 0.00496361 0.00493767 0.00444732 0.0101553 0.00210469 0.00185399
threshold=6.2203564643859872 1.0000000180025095e-35 0.70381036400794994 2.5000000000000004 0.18333333730697635 13.500000000000002 0.66807910799980175 0.41428571939468389 0.38585758209228521 0.52679425477981578 0.94028520584106456 1.0000000180025095e-35 0.72613638639450084 6.5000000000000009 6.7326085567474374 6.7326085567474374 0.043560607358813293 1.0000000180025095e-35 0.21980676054954532 6.1432809829711923 0.40990260243415838 4.6593434810638437 6.4953796863555917 0.03240706957876683 0.63068181276321422 0.8737836778163911 6.071730613708497 0.061252705752849586 0.063595164567232146
decision_type=2 2 2 2 2 2 2 2 2 2 2 2 2 2 2 2 2 2 2 2 2 2 2 2 2 2 2 2 2
left_child=1 3 4 5 6 8 9 25 -1 -3 14 -8 15 -9 24 19 -14 21 20 -10 -5 -18 -4 -6 -11 26 28 -12 -2
right_child=7 2 22 18 23 -7 11 13 12 10 27 -13 16 -15 -16 -17 17 -19 -20 -21 -22 -23 -24 -25 -26 -27 -28 -29 -30
leaf_value=0 -0.0054193286938995899 0.0037263724589613276 0 -0.011847711900309492 0 -0.0023085658158694903 0 0.018923500706326361 -0.005645034605407182 -0.013264792090726086 0 -0.024436934557235765 0 0 0 0.0058535327554116029 0.022410772838513497 0 0 0 0 0 0.0091680657310222249 0.0035747207014814927 0 0.0020545415916165054 0 0.0021450784912911223 0
leaf_weight=0.14981909609923727 0.22929886130077637 0.29893982375506434 0.084414627926889696 0.42928851836404636 0.20535011119500257 0.15264052968268504 0.046633265883428865 0.98269370703201253 0.27080081446547399 0.61858179442060623 0.13639518404670525 1.2841670878915463 0.028579659927345236 0.079818735102890059 0.07306224072817713 0.34884152439190075 1.0592161306813066 0.062953191012638743 0.031113292519876268 0.084086933926300844 0.016801001504063606 0.14438664517001587 0.34399366640718654 0.20243141474202275 0.053393148264149204 0.19355981456465088 0.068642830359749496 0.14351416798308492 0.021128508960828185
leaf_count=30 412 74 21 966 18 665 7 858 1051 259 51 1185 10 19 11 39 441 108 22 48 1 423 232 92 5 58 56 11 3
internal_value=0.00188316 -0.00194978 -0.00877802 0.0053585 -0.0138797 0.0120858 -0.0173547 0.0139136 0.0151048 -0.00180646 -0.0069327 -0.0232658 0.0168433 0.0175558 -0.010802 0 0.0201936 0.0208059 -0.00991868 -0.00275441 -0.011119 0.0214633 0.0083763 0.00144915 -0.0127653 0 -0.00214695 0 -0.00501659
internal_weight=7.84455 6.2694 3.49088 2.77853 3.06247 2.30132 2.65469 1.57514 2.14868 1.32389 1.02495 1.3308 1.99886 1.06251 0.745037 0.703729 1.29514 1.26656 0.477203 0.354888 0.44609 1.2036 0.428408 0.407782 0.671975 0.51263 0.31907 0.279909 0.250427
internal_count=7176 5770 1966 3804 1713 2815 1603 1406 2150 411 337 1192 2120 877 275 1138 982 972 989 1099 967 864 253 110 264 529 471 62 415
is_linear=0
shrinkage=0.05


Tree=201
num_leaves=21
num_cat=0
split_feature=42 9 35 6 21 53 9 5 8 35 8 31 36 48 46 4 57 8 53 8
split_gain=0.192096 0.217474 0.129016 0.0931279 0.101483 0.0806922 0.0797672 0.0616469 0.0435526 0.0293098 0.0270498 0.0236885 0.015336 0.0137966 0.0135324 0.0124598 0.010611 0.00671244 0.00411415 0.0024628
threshold=0.042572464793920524 4.5000000000000009 0.44773148000240331 3.9130500555038457 1.0000000180025095e-35 7.2474184036254892 9.5000000000000018 0.77664399147033703 0.48333333432674414 0.3985219299793244 0.39230769872665411 6.5000000000000009 0.26876173913478857 2.5000000000000004 0.86607143282890331 0.9004950523376466 0.04538575932383538 0.89181286096572887 7.5028312206268319 0.63392856717109691
decision_type=2 2 2 2 2 2 2 2 2 2 2 2 2 2 2 2 2 2 2 2
left_child=1 3 9 14 -5 6 11 16 -6 19 -11 12 -2 -14 -1 -10 17 -4 -7 -3
right_child=5 2 7 4 8 18 -8 -9 15 10 -12 -13 13 -15 -16 -17 -18 -19 -20 -21
leaf_value=-0.0075210796051141436 0 -0.0054067745697971275 -0.022783178170216828 0.016827799275420576 -0.0078576952032641482 -0.0036468168521872272 -0.0013192055739505281 0 0.0061975453733799498 0 0.0085001970483728952 0 0.015975772559659162 0 0 0 0 0 0 0
leaf_weight=0.29078282546106526 0.074348604248372641 0.22368538612499866 1.0788611284297072 0.81894559790816823 0.29376237090764334 0.16138756927102793 0.12949103762002767 0.059245669224765041 0.56601160106947646 0.092241821119387168 0.54018770249240333 0.077405821037245803 2.7390925471481755 0.04556081729242567 0.16564011154696345 0.26191293797455728 0.033949217387998831 0.0060021402314306407 0.067248926723550539 0.048775837232824415
leaf_count=445 32 133 3964 140 79 14 374 11 92 81 88 16 1475 13 5 103 38 1 58 14
internal_value=0.00188454 -0.0038957 -0.0134669 0.00446542 0.00942779 0.00998581 0.0123964 -0.0201194 0 0 0.00517155 0.0144529 0.0151136 0.0155897 -0.00518694 0.0039831 -0.0221099 -0.0225728 -0.00204938 -0.00482431
internal_weight=7.77454 4.48 2.08295 2.39706 1.94063 3.29454 3.0659 1.17806 1.12169 0.904891 0.63243 2.93641 2.859 2.78465 0.456423 0.827925 1.11881 1.08486 0.228636 0.272461
internal_count=7176 5194 4330 864 414 1982 1910 4014 274 316 169 1536 1520 1488 450 195 4003 3965 72 147
is_linear=0
shrinkage=0.05


Tree=202
num_leaves=27
num_cat=0
split_feature=6 12 9 45 38 35 9 2 2 40 20 45 53 6 36 35 35 35 6 6 42 45 29 3 38 38
split_gain=0.188683 0.217925 0.109779 0.0962045 0.0943104 0.0796706 0.0755253 0.0714404 0.0565235 0.0563433 0.0459165 0.0424357 0.0365806 0.0209883 0.0122193 0.00976595 0.00885507 0.00657575 0.00636935 0.00425335 0.00417909 0.00348086 0.0029515 0.00156711 6.93987e-06 5.89219e-06
threshold=6.7326085567474374 1.0000000180025095e-35 9.5000000000000018 11.357592582702638 0.4695423692464829 0.91139987111091625 12.500000000000002 0.19523809850215915 0.4083333313465119 3.838558673858643 1.0000000180025095e-35 11.12900495529175 7.2474184036254892 6.4953796863555917 0.20204082131385806 0.92269384860992443 0.43191786110401159 0.79849672317504894 3.9130500555038457 6.0049650669097909 0.037386443465948112 10.82026529312134 1.5833333134651186 0.26764950156211859 0.31455026566982275 0.6209508776664735
decision_type=2 2 2 2 2 2 2 2 2 2 2 2 2 2 2 2 2 2 2 2 2 2 2 2 2 2
left_child=1 2 4 6 9 11 8 17 15 10 16 19 14 -8 -9 -3 -1 -2 21 -6 -5 -11 -22 -18 -10 -13
right_child=7 3 -4 20 5 -7 13 12 24 18 -12 25 -14 -15 -16 -17 23 -19 -20 -21 22 -23 -24 -25 -26 -27
leaf_value=0.0034150675212269912 -0.0036777288873682933 -0.023220347550476202 -0.0078181221694159277 0 -0.013118584755754534 0.0063586852886401814 -0.0039232215346309178 0 0 -0.0040155164009620719 0.020764242597139729 0 0 0.0053760527953383361 0.016488756292916931 0 0 0 0.0021047186958631911 0 0 0 0.0037386069054989139 -0.0030917369359674614 0.00012540496913501241 0.00011470701600849197
leaf_weight=0.26715399231761694 0.2154183576058134 1.0732210947717251 0.30301471827260673 0.14425519698124833 0.43692956556333207 0.69682430123793893 0.19302443010747072 0.059478572744410374 0.10003695296472859 0.19249926682823559 0.75802488688350489 0.086390858632512391 0.078273562830872723 0.18013632452493766 1.7501288104103876 0.046320231165736803 0.023171928914962336 0.094518339668866247 0.21837661126482999 0.016884705779375508 0.050656764826271683 0.056209887959994376 0.27539850294851931 0.17975020944140851 0.10321869750623591 0.11953304057533387
leaf_count=41 64 2027 1235 39 541 151 899 8 23 434 192 31 26 7 1054 6 6 17 34 16 16 25 99 137 23 25
internal_value=0.00169778 -0.00276173 0.00405908 -0.0128497 0.00811094 0 -0.0168265 0.0118243 -0.0202461 0.0136521 0.0169903 -0.00886952 0.0147195 0 0.0159766 -0.022713 0 0 0 -0.0127587 0 -0.00290338 0.00280692 -0.00247342 0 0
internal_weight=7.71885 5.52103 3.35476 2.16627 3.05175 1.35656 1.69596 2.19782 1.3228 1.69519 1.2281 0.659738 1.88788 0.373161 1.80961 1.11954 0.470076 0.309937 0.467086 0.453814 0.47031 0.248709 0.326055 0.202922 0.203256 0.205924
internal_count=7176 6007 2868 3139 1633 764 2985 1169 2079 869 376 613 1088 906 1062 2033 184 81 493 557 154 459 115 143 46 56
is_linear=0
shrinkage=0.05


Tree=203
num_leaves=21
num_cat=0
split_feature=49 3 5 21 6 57 53 48 57 40 37 2 46 35 37 3 6 8 34 37
split_gain=0.184203 0.197757 0.18808 0.112273 0.0842946 0.0834198 0.0724112 0.0779811 0.0432115 0.0424316 0.0312195 0.0257583 0.0237046 0.018333 0.0124481 0.0118494 0.0012867 0.000926872 0.00072056 0.000105892
threshold=0.18333333730697635 0.57669684290885936 0.70381036400794994 1.0000000180025095e-35 5.7751989364624032 0.015038444194942715 1.0000000180025095e-35 1.0000000180025095e-35 0.015504807699471714 6.0360043048858651 0.70074626803398143 0.10912698507308961 0.86607143282890331 0.95235049724578869 0.51887464523315441 0.66807910799980175 4.9058899879455575 0.48333333432674414 0.32051283121109014 0.31180556118488317
decision_type=2 2 2 2 2 2 2 2 2 2 2 2 2 2 2 2 2 2 2 2
left_child=1 6 3 4 12 17 7 14 -6 13 18 -7 -3 15 -1 19 -13 -2 -9 -5
right_child=5 2 -4 9 8 11 -8 10 -10 -11 -12 16 -14 -15 -16 -17 -18 -19 -20 -21
leaf_value=0.00033442009527115125 -0.0014312148155577839 -0.011123394893832433 0.0067916359200385704 0 -4.5879450536432589e-05 0 -0.0043534419305202984 -0.001252526395518062 0.011772032365013091 0 0.014043379578485017 0 0 0 -0.0047949641520862209 -0.023448027362480878 0.018766540072288215 0 0.00016918697749308397 -0.00048410302240055699
leaf_weight=0.16226880075555605 0.13122747244779009 0.41302344403447977 0.37376065616263066 0.074835515290032961 0.10036443748685997 0.27669367929047428 0.22240254098869616 0.12754717844654839 0.46622890951402951 0.097842953742656502 1.7672731973143525 0.022267643114901037 0.091540311928838491 0.10902674286626268 0.39516544660000363 1.3319639807741621 1.0573023977922273 0.17442705604480579 0.13463514456816483 0.12960986859980039
leaf_count=71 35 3020 194 8 97 31 73 222 44 99 479 11 6 39 332 1199 982 16 62 156
internal_value=0.00161357 -0.00222586 -0.0099313 -0.0146612 0 0.0129786 0.00551777 0.00873751 0.00779399 -0.02003 0.0124252 0.0166974 -0.00876437 -0.0213574 -0.000835401 -0.0222219 0.0186243 0 0 0
internal_weight=7.65941 5.99749 3.1882 2.81444 1.07116 1.66192 2.80929 2.58689 0.566593 1.74328 2.02946 1.35626 0.504564 1.64544 0.557434 1.53641 1.07957 0.305655 0.262182 0.204445
internal_count=7176 6101 4862 4668 3167 1075 1239 1166 141 1501 763 1024 3026 1402 403 1363 993 51 284 164
is_linear=0
shrinkage=0.05


Tree=204
num_leaves=25
num_cat=0
split_feature=6 3 49 6 53 12 2 35 42 36 53 47 35 56 2 36 3 46 35 3 35 40 9 40
split_gain=0.178684 0.205019 0.144556 0.116008 0.082812 0.0764244 0.0682932 0.0601363 0.0580581 0.0369023 0.0346765 0.0293828 0.019614 0.0155611 0.0134736 0.0113608 0.0113524 0.00968712 0.0199324 0.00880055 0.00635206 0.0049182 0.000403715 5.13856e-06
threshold=6.7326085567474374 0.26764950156211859 0.26785714924335485 5.7751989364624032 1.0000000180025095e-35 1.0000000180025095e-35 0.19523809850215915 0.9981481432914735 0.19848485291004184 0.77032968401908886 7.2474184036254892 0.58571431040763866 0.41741962730884558 2.5000000000000004 0.47213622927665716 0.20204082131385806 0.56872931122779857 0.81666666269302379 0.40618114173412329 0.55376964807510387 0.79849672317504894 6.1759362220764169 2.5000000000000004 6.1813242435455331
decision_type=2 2 2 2 2 2 2 2 2 2 2 2 2 2 2 2 2 2 2 2 2 2 2 2
left_child=1 4 3 7 8 -4 20 14 17 19 15 -10 -11 -7 21 -8 -14 18 -1 -5 -2 -3 -18 -23
right_child=6 2 5 9 -6 13 10 -9 11 12 -12 -13 16 -15 -16 -17 22 -19 -20 -21 -22 23 -24 -25
leaf_value=0 -0.0036172908107088468 -0.023332544354608808 0.010621002570251762 0 -0.0035637785088053348 -0.0073108254190306851 0 0 0 0 0 0.018533188673247634 0 0 0 0.016095692969340037 0 0.0030895137634618891 -0.0066863255428828931 -0.007372564893470099 0 0 0.009066639890403896 -0.00010683508111440425
leaf_weight=0.098261201521381514 0.21363380042021196 1.2912474649710937 0.52240469303796988 0.094460334919858502 0.20228255617257662 0.30318637989694253 0.058476405451074132 0.14926736755296577 0.3036622951622121 0.078479282616171986 0.076750584325054549 0.63639210979454219 0.033143976092105731 0.074902510590618476 0.012384817004203685 1.7128866967104839 0.066834701923653483 0.16333182621747255 0.40794091455609305 0.34845998747550766 0.094108762044925243 0.081642614477459463 0.45232855297217611 0.12552219724602764
leaf_count=4 64 4552 128 17 36 39 8 9 28 15 26 61 13 83 1 1054 28 8 252 229 17 78 125 301
internal_value=0.00154433 -0.00279121 -0.00941814 -0.0142767 0.00734515 0.00245186 0.0114951 -0.0198777 0.0114724 0 0.0143653 0.0158699 0.00501178 -0.00472373 -0.0218744 0.0155999 0.00761421 0 -0.00295067 -0.00596226 0 -0.0222339 0.0088274 0
internal_weight=7.60199 5.44614 3.63426 2.73377 1.81187 0.900494 2.15586 1.66006 1.60959 1.07371 1.84811 0.940054 0.630787 0.378089 1.5108 1.77136 0.552307 0.669534 0.506202 0.44292 0.307743 1.49841 0.519163 0.207165
internal_count=7176 6007 5618 5368 389 250 1169 4941 353 427 1088 89 181 122 4932 1062 166 264 256 246 81 4931 153 379
is_linear=0
shrinkage=0.05


Tree=205
num_leaves=27
num_cat=0
split_feature=39 21 5 31 49 9 3 34 35 40 31 36 2 35 8 40 36 6 35 6 36 2 39 6 35 6
split_gain=0.180246 0.153651 0.197625 0.188214 0.117948 0.0875696 0.0526746 0.0525572 0.0488829 0.0476783 0.0268016 0.013212 0.01243 0.0100144 0.0279544 0.00913388 0.00809379 0.0045661 0.00388827 0.00954639 0.00324268 0.00313307 0.00114493 0.00091118 0.00077456 0.000214772
threshold=6.2203564643859872 1.0000000180025095e-35 0.70381036400794994 2.5000000000000004 0.18333333730697635 13.500000000000002 0.42681647837162023 0.41428571939468389 0.38585758209228521 2.9236420392990117 6.5000000000000009 0.20204082131385806 0.21980676054954532 0.89848890900611889 0.32291667163372045 3.241702795028687 0.42967033386230474 6.4953796863555917 0.8737836778163911 6.071730613708497 0.31180556118488317 0.36931818723678594 5.8278791904449472 7.2474184036254892 0.7910260558128358 7.0446858406066903
decision_type=2 2 2 2 2 2 2 2 2 2 2 2 2 2 2 2 2 2 2 2 2 2 2 2 2 2
left_child=1 3 4 5 6 8 13 18 -1 11 15 -10 16 14 -3 -9 -5 -4 19 -2 -8 -6 -11 -13 25 -16
right_child=7 2 17 12 21 -7 20 10 9 22 -12 23 -14 -15 24 -17 -18 -19 -20 -21 -22 -23 -24 -25 -26 -27
leaf_value=0 -0.0048944589901733825 -0.0081848384099929648 0 0 0.0027719323795479477 -0.0020472344069438039 0 0 0 -0.0012650954650613199 0 0.019191630983664804 0 0.0011257753457975877 -0.00069440213991902005 0.018604417709645681 -0.01146923989001509 0.0085880554593485026 0.0017750818349308202 0 -0.021766893607926961 0 0.00091702627939425983 0 0.0013150206160554988 0
leaf_weight=0.14439126786601386 0.24583163427450916 0.39437653154891572 0.081985530094243475 0.016253601555945241 0.25078724045306433 0.1463979264590306 0.18368433820432972 0.032837792437930835 0.01486413633392647 0.15847091270552471 0.077259257435798645 1.4761618475968132 0.029858967325708363 0.18951864168047905 0.11351238821225706 0.8996485124953324 0.41567468236826244 0.32577791690710001 0.18754343627369963 0.065782803285401314 1.474761562887579 0.14102176620508544 0.1989442337762739 0.07040052514639672 0.12150926172034815 0.084263964556157589
leaf_count=30 415 50 21 2 47 665 74 64 39 935 19 832 22 17 49 794 965 232 58 56 1407 63 302 12 3 3
internal_value=0.00149387 -0.00217909 -0.00872443 0.00482763 -0.0136781 0.0114554 -0.0170283 0.0131869 0.0144013 0.0161098 0.0168066 0.0185006 -0.00960695 -5.60328e-06 -0.00370539 0.0181225 -0.0107666 0.00783266 0 -0.00213504 -0.0209287 0.00113022 0 0.0189008 4.77166e-05 0
internal_weight=7.54152 6.03262 3.3612 2.67142 2.95344 2.20963 2.56163 1.5089 2.06323 1.91884 1.00975 1.56143 0.461787 0.903181 0.713662 0.932486 0.431928 0.407763 0.499158 0.311614 1.65845 0.391809 0.357415 1.54656 0.319286 0.197776
internal_count=7176 5770 1966 3804 1713 2815 1603 1406 2150 2120 877 883 989 122 105 858 967 253 529 471 1481 110 1237 844 55 52
is_linear=0
shrinkage=0.05


Tree=206
num_leaves=18
num_cat=0
split_feature=42 6 46 8 57 56 14 8 39 39 2 31 36 57 47 8 45
split_gain=0.174919 0.245346 0.136202 0.10246 0.101181 0.103857 0.070121 0.0409394 0.0321869 0.163642 0.0541799 0.020265 0.00762655 0.0186299 0.00439277 0.00247366 0.000451612
threshold=0.20991431921720508 6.4953796863555917 0.81666666269302379 0.39230769872665411 0.047378849238157279 1.0000000180025095e-35 1.0000000180025095e-35 0.63392856717109691 4.7845165729522714 6.2203564643859872 0.19523809850215915 6.5000000000000009 0.50438597798347484 0.04451007395982743 0.86607143282890331 0.42261904478073126 17.150262832641605
decision_type=2 2 2 2 2 2 2 2 2 2 2 2 2 2 2 2 2
left_child=1 2 4 -3 5 -1 -5 -7 -2 10 14 -11 -8 -14 -10 16 -6
right_child=8 3 -4 6 15 7 12 -9 9 11 -12 -13 13 -15 -16 -17 -18
leaf_value=0.00011393076409348953 0.017201369570253533 -0.0054399602301867904 0.0029647770147694201 0.016570651807453155 -0.00099345371175408215 -0.023951770259814775 0.0031167328782839565 0 -0.011809758010554991 0.013941076209518427 0.001698551794783283 0 -0.0055397593732036694 0.00092796613938639643 0 0.0023102747499028726 0
leaf_weight=0.091984376311302962 0.5362826527853034 0.30167751429689849 0.31818060675868753 0.85373662295751285 0.1439582507155136 1.632969511189003 0.35478706161666196 0.13914500302053046 0.72596007218089675 0.92476515364251088 0.13827121662325226 0.073992445628391579 0.67864986482891254 0.12040649450500496 0.24502095379284583 0.15865008981199935 0.045341801480390131
leaf_count=1 103 107 25 183 80 4950 43 39 403 774 185 14 87 143 30 7 2
internal_value=0.00145912 -0.00344664 -0.0126694 0.00592261 -0.0166978 -0.0200252 0.0105336 -0.0225382 0.0102916 0.00195602 -0.00680142 0.0127205 0 -0.00181185 -0.0107963 0 0
internal_weight=7.48378 4.83949 2.53023 2.30926 2.21205 1.8641 2.00758 1.77211 2.64429 2.10801 1.10925 0.998758 1.15384 0.799056 0.970981 0.34795 0.1893
internal_count=7176 5667 5104 563 5079 4990 456 4989 1509 1406 618 788 273 230 433 89 82
is_linear=0
shrinkage=0.05


Tree=207
num_leaves=26
num_cat=0
split_feature=5 3 2 39 6 42 36 53 5 47 46 58 42 5 6 6 35 39 14 5 8 35 35 35 3
split_gain=0.167935 0.205392 0.122827 0.106966 0.0698096 0.0862627 0.0696444 0.0617303 0.0781795 0.0718634 0.0574047 0.0515526 0.046406 0.0169658 0.0168037 0.0148818 0.0137277 0.0115525 0.0110157 0.00971102 0.00166687 0.00164223 3.57931e-05 4.96859e-05 2.3796e-06
threshold=0.70381036400794994 0.72776681184768688 0.4083333313465119 6.2203564643859872 3.877779603004456 0.21103239059448245 0.44058823585510259 7.2474184036254892 0.16601049900054934 0.58571431040763866 0.81666666269302379 1.0000000180025095e-35 0.35504202544689184 0.23553323745727542 4.3822062015533456 6.8764495849609384 0.3985219299793244 6.7326085567474374 1.0000000180025095e-35 0.32419918477535253 0.85164836049079906 0.79849672317504894 0.82936161756515514 0.52259087562561046 0.89724737405776989
decision_type=2 2 2 2 2 2 2 2 2 2 2 2 2 2 2 2 2 2 2 2 2 2 2 2 2
left_child=1 4 3 6 5 10 15 8 9 -7 17 13 -8 22 -5 -3 -15 -1 -4 -10 21 -13 23 -6 -14
right_child=-2 2 18 14 11 7 12 -9 19 -11 -12 20 24 16 -16 -17 -18 -19 -20 -21 -22 -23 -24 -25 -26
leaf_value=-0.014405468928113778 0.015759050617662026 -0.0036808675012070581 0.0058364421696043946 -0.0014357424470669081 0 0 -0.022829435448420005 -0.0032735951722854262 -0.0046099458090672783 0.018638131400238019 0.00018697875800047117 -0.0026677495215304352 -2.3849600233230416e-05 0 0.0056619610529763317 0.0041733814560139526 0.015404081912946883 0 0 0 0 0 0.00028346348141431761 -0.00033510068520363544 6.8828142218908009e-05
leaf_weight=0.53671939838386684 0.72835582043626335 0.18556129375429131 0.25569347062264558 0.13144500754060562 0.04794501099968318 0.24067509164160561 1.3952722131070912 0.15980791838956054 0.20649881450663088 0.68332132263458334 0.22353499010205269 0.16240799608567602 0.11913005899259577 0.04575288327760052 0.24138061096164165 0.21383567395969294 1.1299520114625918 0.078790716412186157 0.1328564302821178 0.079400057424209081 0.062972568353870884 0.018778541743813548 0.11364002199843526 0.10617231748619815 0.12140108129824512
leaf_count=1588 786 405 204 292 11 33 2716 15 111 62 12 212 54 13 141 9 266 41 50 5 11 24 22 42 51
internal_value=0.00155279 -0.00119079 -0.0102531 -0.0142388 0.00505805 0 -0.0177683 0.00540039 0.00977154 0.0145103 -0.0089267 0.0105615 -0.020727 0.0132453 0.000294418 0 0.0147147 -0.0133985 0.00331235 -0.00102935 0 -0.00187828 0 0 0
internal_weight=7.4213 6.69295 2.79658 2.40803 3.89637 2.20875 2.0352 1.3697 1.2099 0.923996 0.839045 1.68762 1.6358 1.44346 0.372826 0.399397 1.1757 0.61551 0.38855 0.285899 0.244159 0.181187 0.267757 0.154117 0.240531
internal_count=7176 6390 3922 3668 2468 1867 3235 226 211 95 1641 601 2821 354 433 414 279 1629 254 116 247 236 75 53 105
is_linear=0
shrinkage=0.05


Tree=208
num_leaves=24
num_cat=0
split_feature=6 20 10 35 29 36 5 2 34 36 35 36 5 58 36 45 48 35 3 8 36 6 42
split_gain=0.164943 0.368861 0.258797 0.196163 0.0975476 0.0769229 0.0713415 0.0666571 0.0594064 0.05845 0.0453806 0.0370308 0.0365887 0.026499 0.0235083 0.0211817 0.0181033 0.0169975 0.0122428 0.010766 0.0073872 0.00527313 0.00107455
threshold=3.877779603004456 1.0000000180025095e-35 1.0000000180025095e-35 0.45421318709850317 10.583333492279055 0.31180556118488317 0.53158244490623485 0.4083333313465119 0.41428571939468389 0.91010102629661571 0.39164614677429205 0.96824595332145702 0.78474903106689464 1.0000000180025095e-35 0.20204082131385806 20.332776069641117 2.5000000000000004 0.92269384860992443 0.22926223278045657 0.68333333730697643 0.29061582684516912 6.8764495849609384 0.076510719954967513
decision_type=2 2 2 2 2 2 2 2 2 2 2 2 2 2 2 2 2 2 2 2 2 2 2
left_child=2 3 8 10 14 21 15 12 17 -10 19 -11 18 -12 -3 -4 -16 20 -7 -2 -1 -5 -20
right_child=1 4 6 5 -6 7 -8 -9 9 11 13 -13 -14 -15 16 -17 -18 -19 22 -21 -22 -23 -24
leaf_value=0 -0.0045899638606625506 0 -0.022153902334544215 0 0 0 0 0 0.014716096483910455 -0.0071161670187564145 0.012530248509985704 0.0048207671513207963 0 0 0.023820375992236471 0 0 0 -0.021904025101502245 0.00056262606336299453 -0.0072338663659083369 0.0033600670655099703 0
leaf_weight=0.036645358719397447 0.26182612287084361 0.02822419739095483 0.96283140014202195 0.096537697419989743 0.15741710283327837 0.02776131755672373 0.086811906476214173 0.21664703823626041 0.58535096823470645 0.26526855044357944 0.77544865456002299 0.22651235054945573 0.03601613687351346 0.16382747345414828 1.6767924436244355 0.10157119855284691 0.042088395566679426 0.089519834611564875 0.91154784421451041 0.11046770610846579 0.31219611402775627 0.16764952277299017 0.020094276595045812
leaf_count=14 100 7 3948 66 117 3 23 31 54 24 116 40 2 126 1264 2 7 2 1005 19 186 8 12
internal_value=0.00154541 0.00714844 -0.00621081 -0.00333355 0.0200785 -0.0132299 -0.018447 -0.0168187 0.00473475 0.00974375 0.00654693 0 -0.0199272 0.0104682 0.022694 -0.0209999 0.0232805 -0.00231431 -0.0212386 -0.000121664 -0.00610044 0 -0.0217579
internal_weight=7.35905 4.69235 2.66671 2.78782 1.90452 1.47625 1.15121 1.21207 1.51549 1.07713 1.31157 0.491781 0.99542 0.939276 1.74711 1.0644 1.71888 0.438361 0.959403 0.372294 0.348841 0.264187 0.931642
internal_count=7176 2883 4293 1488 1395 1127 3973 1053 320 118 361 64 1022 242 1278 3950 1271 202 1020 119 200 74 1017
is_linear=0
shrinkage=0.05


Tree=209
num_leaves=24
num_cat=0
split_feature=49 34 57 29 38 38 39 9 5 4 36 2 8 4 38 38 2 31 38 38 57 4 42
split_gain=0.161649 0.171458 0.131974 0.120214 0.138977 0.120203 0.0963667 0.089709 0.0798261 0.0380832 0.0367797 0.0568278 0.0328797 0.0270092 0.0182942 0.0156556 0.0140177 0.0126591 0.0101073 0.00876226 0.00599355 0.00239821 0.00131936
threshold=0.18333333730697635 0.47222222387790685 0.013793759513646366 4.1666667461395273 0.65978723764419567 0.4695423692464829 6.2203564643859872 7.5000000000000009 0.70381036400794994 0.96799793839454662 0.52255764603614818 0.31414473056793218 0.48333333432674414 0.85786435008049022 0.10435571894049646 0.11696306616067888 0.10435571894049646 6.5000000000000009 0.95916664600372326 0.60922586917877208 0.015038444194942715 0.97315317392349254 0.1490740776062012
decision_type=2 2 2 2 2 2 2 2 2 2 2 2 2 2 2 2 2 2 2 2 2 2 2
left_child=1 2 15 10 8 -3 12 16 9 -5 13 14 18 -4 -12 -1 -2 -8 21 -16 -18 -7 -6
right_child=7 5 3 4 22 6 17 -9 -10 -11 11 -13 -14 -15 19 -17 20 -19 -20 -21 -22 -23 -24
leaf_value=0.0080008336647921091 0 0.016514733123894589 0.0088813471937795874 -0.026113505403109822 0 -0.012464444871806032 0.0088387888389693317 -0.0016611872278308787 0 0 0 0.0023696727149114735 0 0 -0.012680167951132913 0 0 0 0 0 0.018187966356123977 0 0.0021671556309972358
leaf_weight=0.26906796213006634 0.25321691913995881 0.56734285465790923 0.41391068033408396 1.2887096089616532 0.018388926910119952 0.74172777061903594 0.48358948667009827 0.13692384911701072 0.13016630700440135 0.1430471034364017 0.053291856747819111 0.2586143120424822 0.073403881484409794 0.17236941359442426 0.55851376038481249 0.053782156413944904 0.17616946407360945 0.06816850119503215 0.11476657813182101 0.1020641215654905 1.0021165293001102 0.024911405285820365 0.1711026184639195
leaf_count=23 25 147 49 3881 171 579 243 46 21 385 11 55 44 33 147 218 16 7 10 19 988 31 27
internal_value=0.00148026 -0.00215389 -0.00846927 -0.0119951 -0.0182928 0.00643882 -0.000435613 0.0123405 -0.0222291 -0.0245489 0 -0.00493021 -0.00896573 0.00526691 -0.0103317 0.00564127 0.0158685 0.00736868 -0.0112788 -0.0117351 0.0172386 -0.0122384 0.00136052
internal_weight=7.27537 5.70694 3.63303 3.31018 1.75141 2.07391 1.50657 1.56843 1.56192 1.43176 1.55876 0.972484 0.95481 0.58628 0.71387 0.32285 1.4315 0.551758 0.881406 0.660578 1.17829 0.766639 0.189492
internal_count=7176 6101 5040 4799 4485 1061 914 1075 4287 4266 314 232 664 82 177 241 1029 250 620 166 1004 610 198
is_linear=0
shrinkage=0.05


Tree=210
num_leaves=25
num_cat=0
split_feature=6 12 57 47 9 39 6 8 35 45 20 8 53 35 36 6 35 29 57 42 3 57 38 45
split_gain=0.157223 0.187756 0.0930543 0.129575 0.0927779 0.0840939 0.0702709 0.0571364 0.0524293 0.0606422 0.0505134 0.036259 0.0304727 0.0183652 0.0154883 0.00976385 0.00938741 0.00759547 0.00516073 0.00379264 0.000810397 0.000293115 4.31039e-06 5.76604e-08
threshold=6.7326085567474374 1.0000000180025095e-35 0.013793759513646366 0.77500000596046459 9.5000000000000018 4.5713708400726327 3.8662848472595219 0.39230769872665411 0.89848890900611889 10.82026529312134 1.0000000180025095e-35 0.61250001192092907 7.2474184036254892 0.91139987111091625 0.23582887649536136 6.4953796863555917 0.43191786110401159 4.1666667461395273 0.045553633943200118 0.44006147980690008 0.78065484762191784 0.03240706957876683 0.39827586710453039 11.180813789367678
decision_type=2 2 2 2 2 2 2 2 2 2 2 2 2 2 2 2 2 2 2 2 2 2 2 2
left_child=1 4 15 11 5 10 8 18 9 -7 16 13 14 -4 -9 -3 -1 20 -2 -10 -5 -18 -13 -11
right_child=7 2 3 17 -6 6 -8 12 19 23 -12 22 -14 -15 -16 -17 21 -19 -20 -21 -22 -23 -24 -25
leaf_value=0.0030252654297159695 -0.0032667690397016266 0 -0.023600998922113869 0.0041833342436250129 -0.0070012937060123948 -0.015263026319205425 0.0083259109222911694 0 0.0028905815033204623 1.1349420379786573e-05 0.018483855388612729 -9.8091739668983852e-05 0 0 0.015619080963102779 0.0047497071810370687 -0.0032805183746967368 0 7.7191672424659573e-05 0 0 0 0 0
leaf_weight=0.25195611218805425 0.20835237353458103 0.079276484269940162 1.0467082781433417 0.20090126254945051 0.27834059743690875 0.52767891194525851 0.46880775142926712 0.07461167505243782 0.21247643048991449 0.11910391226774664 0.65942201385405563 0.11993301774782583 0.07148814815445792 0.056824794475687557 1.5831972179876173 0.16909194993786514 0.18410701712491573 0.12990701989474474 0.10063263337360695 0.30546678218524903 0.10012718095094897 0.034233221696922556 0.10903360199881718 0.11407029236579547
leaf_count=41 64 160 2697 45 1235 805 177 12 18 25 289 42 26 14 1048 3 182 98 19 32 51 9 29 55
internal_value=0.00156128 -0.0025663 -0.012208 -0.0156813 0.00383585 0.00770907 0 0.0110717 -0.00569308 -0.010771 0.0143844 -0.0207416 0.0137403 -0.0228064 0.0149177 0.00125453 0 3.18158e-05 0 0.000653971 0.0038205 -0.00313974 0 0
internal_weight=7.20575 5.16747 2.0118 1.76344 3.15566 2.87732 1.7476 2.03828 1.2788 0.760853 1.12972 1.3325 1.7293 1.10353 1.65781 0.248368 0.470296 0.430935 0.308985 0.517943 0.301028 0.21834 0.228967 0.233174
internal_count=7176 6007 3139 2976 2868 1633 1112 1169 935 885 521 2782 1086 2711 1060 163 232 194 83 50 96 191 71 80
is_linear=0
shrinkage=0.05


Tree=211
num_leaves=19
num_cat=0
split_feature=42 6 46 8 56 58 53 49 9 56 31 35 33 35 35 35 38 35
split_gain=0.151812 0.214276 0.124672 0.0934278 0.0777514 0.0770191 0.0701625 0.0375391 0.0299543 0.0236498 0.0212967 0.0212772 0.0198163 0.0130283 0.00481001 0.0118849 0.0045783 1.10457e-05
threshold=0.20991431921720508 6.4953796863555917 0.81666666269302379 0.39230769872665411 1.0000000180025095e-35 1.0000000180025095e-35 7.2474184036254892 0.26785714924335485 9.5000000000000018 3.5000000000000004 6.5000000000000009 0.39164614677429205 1.0000000180025095e-35 0.6711879074573518 0.51483678817749035 0.71297150850296032 0.043560607358813293 0.39164614677429205
decision_type=2 2 2 2 2 2 2 2 2 2 2 2 2 2 2 2 2 2
left_child=1 2 4 -3 -1 11 8 9 10 -6 12 -5 13 -2 17 -16 -13 -7
right_child=6 3 -4 5 7 14 -8 -9 -10 -11 -12 16 -14 -15 15 -17 -18 -19
leaf_value=0 0 -0.0050992840204799276 0.0028048484624903372 0 -0.021738566330804829 0 -0.0013742922729141765 0 0 0 0 0 0 0.015381044559908666 -0.0056423721085060614 0 0.016772665915858159 0.0006563910341159454
leaf_weight=0.089158415794373336 0.048211413319224738 0.28975386164529515 0.30872225915663865 0.1306003788486122 1.4032167485129319 0.14662497327662993 0.20083883868937835 0.46985634433804069 0.051179699483327457 0.12629957755416388 0.073281793302157783 0.070381106808781402 0.086023066091001854 2.0750614162097918 0.29557086533168331 0.088254176604095846 0.99164231950999238 0.20390364540799055
leaf_count=1 31 107 25 13 4963 13 59 48 194 67 15 3 77 1133 50 88 252 37
internal_value=0.00152316 -0.00311076 -0.0119722 0.00566067 -0.0159763 0.0101763 0.00986686 -0.0181007 0.0124561 -0.02063 0.0134308 0.0150351 0.0141808 0.0149163 0 -0.00288701 0.0163147 0.000603014
internal_weight=7.14858 4.61398 2.39725 2.21673 2.08853 1.92698 2.5346 1.99937 2.33376 1.52952 2.28258 1.19262 2.2093 2.12327 0.734354 0.383825 1.06202 0.350529
internal_count=7176 5667 5104 563 5079 456 1509 5078 1450 5030 1256 268 1241 1164 188 138 255 50
is_linear=0
shrinkage=0.05


Tree=212
num_leaves=23
num_cat=0
split_feature=29 34 5 35 35 35 12 2 14 36 6 40 6 36 40 2 48 35 6 9 6 48
split_gain=0.150599 0.114782 0.133896 0.117497 0.150829 0.101071 0.0767387 0.0564271 0.0478126 0.0467558 0.0437282 0.0434957 0.0358294 0.0303919 0.0276512 0.0267785 0.0119492 0.00911612 0.00964264 0.00312809 0.00290697 0.000127663
threshold=3.1666666269302373 0.47222222387790685 0.50781443715095531 0.87649399042129528 0.42550456523895269 0.82346752285957348 1.0000000180025095e-35 0.21980676054954532 1.0000000180025095e-35 0.9740215837955476 4.5942757129669198 2.8194408416748051 3.877779603004456 0.96824595332145702 4.504641294479371 0.47213622927665716 2.5000000000000004 0.3985219299793244 6.2203564643859872 1.0000000180025095e-35 6.8764495849609384 1.0000000180025095e-35
decision_type=2 2 2 2 2 2 2 2 2 2 2 2 2 2 2 2 2 2 2 2 2 2
left_child=12 2 3 4 17 11 9 -6 -8 -4 13 -3 21 14 -7 -10 19 20 -19 -14 -2 -1
right_child=1 5 6 -5 7 10 8 -9 15 -11 -12 -13 16 -15 -16 -17 -18 18 -20 -21 -22 -23
leaf_value=-0.00053485237788952723 -0.0028015757364131307 0 0.013176516015961698 0.0022219266261224216 -0.024987739784764498 -0.012657791090827812 0.0019022998558296889 0 -0.012233744657962242 0 0.0037946376947960562 0.016521598160306836 0 0 0 0 0 0 0.0059371640595094911 0.015554306611865352 0 0
leaf_weight=0.11567703905166116 0.16517470410326618 0.090333367868879355 0.62794710537855258 0.24568679861113185 1.2039031412678012 0.52703380754246609 0.21805142382800113 0.23197339545367857 0.44219900701136794 0.1045120386115741 0.19601278328627814 0.57850643113852129 0.21107862589997228 0.167089188900718 0.10927948998869397 0.054147397662745789 0.034626792999915668 0.093471631815191358 0.277139298414113 1.0137080619024343 0.061464410042390227 0.33091728566068923
leaf_count=47 122 463 124 65 4122 139 58 268 167 14 193 141 49 45 22 34 4 66 15 938 4 76
internal_value=0.00143524 -0.00228073 -0.00717533 -0.0131891 -0.0168184 0.00536883 0.00177222 -0.0225169 -0.00443863 0.00978144 -0.00193087 0.0138935 0.0115329 -0.00742987 -0.0103573 -0.00997542 0.0141047 0 0.00390612 0.0146788 -0.00123729 0
internal_weight=7.09993 5.39393 3.72567 2.27881 2.03313 1.66826 1.44686 1.43588 0.714398 0.732459 0.999415 0.66884 1.70601 0.803402 0.636313 0.496346 1.25941 0.59725 0.370611 1.22479 0.226639 0.446594
internal_count=7176 6062 5059 4662 4597 1003 397 4390 259 138 399 604 1114 206 161 201 991 207 81 987 126 123
is_linear=0
shrinkage=0.05


Tree=213
num_leaves=25
num_cat=0
split_feature=39 21 49 31 5 35 9 36 35 35 39 35 31 38 36 39 36 2 57 42 57 58 38 57
split_gain=0.147369 0.122348 0.190201 0.134618 0.111466 0.0852038 0.0709816 0.0433327 0.0416369 0.033861 0.0295614 0.0254509 0.02329 0.0209835 0.0161858 0.0117214 0.0112839 0.0103797 0.00891819 0.0069103 0.00486455 0.00230955 0.0021385 0.0011829
threshold=6.3950443267822275 1.0000000180025095e-35 0.26785714924335485 2.5000000000000004 0.70381036400794994 0.95719459652900707 13.500000000000002 0.52255764603614818 0.38585758209228521 0.69501906633377086 4.626544952392579 0.37966401875019079 6.5000000000000009 0.043560607358813293 0.26876173913478857 6.2203564643859872 0.20204082131385806 0.21980676054954532 0.031910113990306861 0.40990260243415838 0.032154673710465438 1.0000000180025095e-35 0.17274536192417148 0.048928929492831237
decision_type=2 2 2 2 2 2 2 2 2 2 2 2 2 2 2 2 2 2 2 2 2 2 2 2
left_child=1 3 4 6 5 7 8 20 -1 -2 13 -9 14 -10 -11 17 -15 19 -4 -5 -3 -18 -22 -24
right_child=9 2 18 15 -6 -7 -8 11 10 12 -12 -13 -14 16 -16 -17 21 -19 -20 -21 22 -23 23 -25
leaf_value=0 0 -0.0031660689825587849 0 -0.010432619114502009 0.0021831755588581979 0 -0.0014642152437478603 0 0 0 0 -0.021874949550009258 0 0 0.016951688975653259 0 0.018565526186915451 0 0.0087353142470233593 0 0 0 0.0026741857735103395 0
leaf_weight=0.1378299737407368 0.10192004193959281 0.17206596853429967 0.18015530810225744 0.38022539702433267 0.23727005164255377 0.19444298255257297 0.13270916424153245 0.063534395398164523 0.03557484880730033 0.031987745518563093 0.32856145652112889 1.7081215661091844 0.074777470057597384 0.01366451534704527 0.9194454727039556 0.039240633061126573 1.2511961605596296 0.027737358981539728 0.38539733050856739 0.015322966501116753 0.11261056546936743 0.19795325921950269 0.21881992468479439 0.077997310600039782
leaf_count=30 209 235 13 966 88 18 675 32 13 8 1179 1238 19 40 915 23 799 22 313 1 12 210 83 35
internal_value=0.00148036 -0.00160534 -0.00752052 0.00466959 -0.0129847 -0.0160239 0.0104225 -0.018308 0.0131349 0.0131541 0.0147567 -0.0210853 0.0149503 0.0166125 0.0161837 -0.0072886 0.0173569 -0.00867046 0.00729956 -0.0097604 0 0.0177331 0.000541062 0.00210731
internal_weight=7.03856 5.91043 3.35042 2.56002 2.78486 2.54759 2.09749 2.35315 1.96478 1.12813 1.82695 1.77166 1.02621 1.49839 0.951433 0.462526 1.46281 0.423286 0.565553 0.395548 0.581494 1.44915 0.409428 0.296817
internal_count=7176 6025 2067 3958 1741 1653 2946 1635 2271 1151 2241 1270 942 1062 923 1012 1049 989 326 967 365 1009 130 118
is_linear=0
shrinkage=0.05


Tree=214
num_leaves=26
num_cat=0
split_feature=34 49 57 35 2 40 53 57 31 33 57 3 5 5 38 35 48 2 38 57 38 38 58 5 8
split_gain=0.143868 0.135834 0.120716 0.13792 0.119399 0.0957859 0.0926983 0.0405817 0.0253274 0.0263467 0.0197316 0.030295 0.0459781 0.0231651 0.0220721 0.0143879 0.0143679 0.00695341 0.00682251 0.00617601 0.00383596 0.00385982 0.00330535 0.00135865 0.000488125
threshold=0.47222222387790685 0.18333333730697635 0.013793759513646366 0.8514743745326997 0.21980676054954532 2.8194408416748051 7.2474184036254892 0.015038444194942715 6.5000000000000009 1.0000000180025095e-35 0.029978761449456218 0.67290210723876964 0.70381036400794994 0.37557339668273931 1.0000000180025095e-35 0.42550456523895269 2.5000000000000004 0.17752101272344592 0.043560607358813293 0.015504807699471714 0.6209508776664735 0.44151847064495092 1.0000000180025095e-35 0.52290210127830516 0.48333333432674414
decision_type=2 2 2 2 2 2 2 2 2 2 2 2 2 2 2 2 2 2 2 2 2 2 2 2 2
left_child=1 2 15 4 -4 17 8 24 9 16 19 23 13 -13 -15 -1 -7 -2 -9 -6 21 -5 -20 -12 -3
right_child=5 7 3 20 10 6 -8 18 -10 -11 11 12 -14 14 -16 -17 -18 -19 22 -21 -22 -23 -24 -25 -26
leaf_value=0.0076271883752545046 -0.0047287258610541833 -0.0010426989945606776 -0.023327100074720383 0.0015438892288320081 0 0.018567625591462852 -0.0011258387364480418 0 0 0 0 0 0 0 -0.014788024570352909 0 0 0 0.011888317665276968 0.0043800876478486414 0.0038876881256159563 -0.0024415542627211789 0 0.0017744124199107732 0
leaf_weight=0.2609077061642896 0.21139623071212588 0.122413871635217 1.1841476880545094 0.14743394742254157 0.056011103293712838 1.7635516835289311 0.19556945282965887 0.014130193740129471 0.075342297874158137 0.085172771359793731 0.11513019530684665 0.063451079251535702 0.18353878409834579 0.041393899533431977 0.5743083568122529 0.052185327247570967 0.036681259043689241 0.047191366531478707 0.59748042444698513 0.27056122033536667 0.23345463104487862 0.15992705352982739 0.20069947923911968 0.13119408534839749 0.16319681768072769
leaf_count=16 555 35 4018 44 129 1070 41 1 20 77 59 12 32 4 221 225 7 22 191 83 77 117 101 3 16
internal_value=0.00148186 -0.00298218 -0.00805318 -0.0115449 -0.0156829 0.00979536 0.0132892 0.00686951 0.0163104 0.0171733 -0.000335932 -0.00439123 -0.00789965 -0.0117337 -0.0133765 0.00533563 0.0180946 -0.00277677 0.010517 0.0025954 0.00242389 0 0.0109983 0.000363829 0
internal_weight=6.98647 4.57157 3.47365 3.16055 2.61974 2.41491 2.15632 1.09792 1.96075 1.88541 1.43559 1.10902 0.862692 0.679153 0.615702 0.313093 1.80023 0.258588 0.81231 0.326572 0.540816 0.307361 0.79818 0.246324 0.285611
internal_count=7176 5384 5040 4799 4561 1792 1215 344 1174 1154 543 331 269 237 225 241 1077 577 293 212 238 161 292 62 51
is_linear=0
shrinkage=0.05


Tree=215
num_leaves=24
num_cat=0
split_feature=6 20 3 38 36 25 34 36 2 38 36 57 36 51 36 48 38 57 3 9 6 36 42
split_gain=0.142195 0.316339 0.23677 0.163016 0.0897003 0.0563996 0.0491469 0.0491374 0.0490953 0.0339294 0.0313559 0.0302209 0.0235058 0.0211469 0.0187723 0.0158601 0.0123398 0.0113279 0.0102384 0.0058854 0.00466913 0.00175079 0.000340048
threshold=3.877779603004456 1.0000000180025095e-35 1.0000000180025095e-35 0.13182721287012103 0.31180556118488317 1.0000000180025095e-35 0.41428571939468389 0.91010102629661571 0.4083333313465119 0.070197045803070082 0.96824595332145702 0.065070353448390975 0.20204082131385806 0.30000000447034841 0.20204082131385806 2.5000000000000004 0.65978723764419567 0.063595164567232146 0.22926223278045657 5.5000000000000009 7.5028312206268319 0.92940199375152599 0.076510719954967513
decision_type=2 2 2 2 2 2 2 2 2 2 2 2 2 2 2 2 2 2 2 2 2 2 2
left_child=2 3 6 9 -5 11 16 -8 18 19 -9 -4 -11 14 -3 20 17 -1 -6 -2 -16 -21 -20
right_child=1 13 5 4 8 -7 7 10 -10 12 -12 -13 -14 -15 15 -17 -18 -19 22 21 -22 -23 -24
leaf_value=-0.0070182782709312863 0.00020567110412505419 0 -0.021415465836935172 0.00098507288505405481 0 0 0.013780199815845244 -0.0065548968383252089 0 0 0.0044940766634258061 0 0.011067614439951729 0 0.02125016144988804 0 0 0 -0.019780978767094962 -0.0040038702430772047 0 0 0
leaf_weight=0.27492041156801894 0.21729315599077403 0.026621735596563556 0.90410694864476659 0.20709005592652818 0.026075311587191896 0.098196136510523502 0.5609079854621084 0.25217951690137852 0.20046761998673901 0.057326148897118401 0.21741116978228092 0.082299597561359406 0.79376989300362766 0.073745320289162808 1.5740997138782402 0.041592039451643248 0.090985610251664184 0.043014295399188995 0.8817356369108893 0.187636414924782 0.049784750910475739 0.050326767537626438 0.018851273460313678
leaf_count=194 49 7 3966 46 3 5 54 24 31 25 40 2 226 76 1228 14 6 2 1001 75 70 20 12
internal_value=0.00145004 0.00684142 -0.00581383 -0.00299379 -0.0124882 -0.0177491 0.00471906 0.00924544 -0.0166136 0.00574551 0 -0.0200396 0.00932485 0.0191213 0.0198816 0.0204165 -0.00160483 -0.00511476 -0.0191947 0 0.0209417 -0.00344146 -0.0196713
internal_weight=6.93044 4.40642 2.52402 2.64057 1.33422 1.0846 1.43942 1.0305 1.12713 1.30635 0.469591 0.986407 0.851096 1.76584 1.6921 1.66548 0.40892 0.317935 0.926662 0.455256 1.62388 0.237963 0.900587
internal_count=7176 2883 4293 1488 1093 3973 320 118 1047 395 64 3968 251 1395 1319 1312 202 196 1016 144 1298 95 1013
is_linear=0
shrinkage=0.05


Tree=216
num_leaves=22
num_cat=0
split_feature=8 58 8 4 5 38 34 36 45 5 29 36 6 6 35 45 57 40 40 2 29
split_gain=0.139482 0.17494 0.190914 0.183475 0.180225 0.0556167 0.0475232 0.0475749 0.0435769 0.0401043 0.0337872 0.0307779 0.0228836 0.0210294 0.0129855 0.0125089 0.0115074 0.00877076 0.00266477 0.00266418 0.00131252
threshold=0.63392856717109691 1.0000000180025095e-35 0.240384615957737 1.0000000180025095e-35 0.44504831731319433 0.09175084158778192 0.41428571939468389 0.91010102629661571 20.332776069641117 0.77664399147033703 13.166666507720949 0.96824595332145702 7.0446858406066903 5.2347426414489755 0.92269384860992443 11.750807762145998 0.063595164567232146 5.5089080333709726 5.5356180667877206 0.26201373338699346 5.8333332538604745
decision_type=2 2 2 2 2 2 2 2 2 2 2 2 2 2 2 2 2 2 2 2 2
left_child=1 2 3 6 8 20 14 -8 -5 12 17 -9 15 -2 16 -3 -1 -7 -19 -15 -4
right_child=13 9 5 4 -6 10 7 11 -10 -11 -12 -13 -14 19 -16 -17 -18 18 -20 -21 -22
leaf_value=-0.0071086345071059561 0 -0.01865204553679 0 -0.022323448331791677 0.0044242309735800745 0.015817271386104653 0.013563104108492758 -0.0064951683670484419 0 0 0 0.0044571989003419667 0 0 0 0 0 -0.0010376878700667082 0.0021698312530857985 0.015534582141789828 -0.0016772046655247124
leaf_weight=0.277654957462801 0.046050613658735418 0.73846633991342958 0.10843621613457832 1.0630577137126236 0.21988825480366347 1.6778098745817263 0.55748528463300295 0.25099920773936901 0.12084653740748752 0.054677269217791036 0.069602986408426548 0.21654503463651054 0.12566192605299875 0.042500641866354272 0.086382676381617785 0.018230676651000977 0.043014295399188995 0.1111853317124768 0.16083584299485665 0.70512442341714632 0.16647020805976354
leaf_count=198 31 1013 12 4013 44 464 54 24 5 26 117 40 16 11 2 19 2 6 170 869 40
internal_value=0.0013985 -0.00129366 0.00232397 -0.00473165 -0.0143134 0.0113517 0.00462827 0.00909679 -0.0205153 -0.0146559 0.0136617 0 -0.016562 0.0140138 -0.00153863 -0.0180689 -0.00520611 0.0148217 0 0.0152198 0
internal_weight=6.86093 6.06725 5.13021 2.83587 1.40379 2.29434 1.43208 1.02503 1.1839 0.937036 2.01943 0.467544 0.882359 0.793676 0.407052 0.756697 0.320669 1.94983 0.272021 0.747625 0.274906
internal_count=7176 6265 5191 4382 4062 809 320 118 4018 1074 757 64 1048 911 202 1032 200 640 176 880 52
is_linear=0
shrinkage=0.05


Tree=217
num_leaves=21
num_cat=0
split_feature=8 58 8 3 5 38 34 36 45 5 36 9 6 35 35 6 40 36 40 9
split_gain=0.134242 0.16758 0.17742 0.174715 0.175492 0.0532949 0.0459383 0.0460659 0.0425503 0.0393647 0.0302124 0.0278876 0.0223274 0.0127157 0.0123354 0.00948873 0.00729889 0.00619539 0.00239194 0.0012941
threshold=0.63392856717109691 1.0000000180025095e-35 0.240384615957737 1.0000000180025095e-35 0.44504831731319433 0.09175084158778192 0.41428571939468389 0.91010102629661571 20.332776069641117 0.77664399147033703 0.96824595332145702 7.5000000000000009 7.0446858406066903 0.92269384860992443 0.9011763632297517 5.2347426414489755 5.5089080333709726 0.29061582684516912 5.5356180667877206 5.5000000000000009
decision_type=2 2 2 2 2 2 2 2 2 2 2 2 2 2 2 2 2 2 2 2
left_child=1 2 3 6 8 19 13 -8 -5 12 -9 15 14 17 -3 -2 -7 -1 -18 -4
right_child=11 9 5 4 -6 16 7 10 -10 -11 -12 -13 -14 -15 -16 -17 18 -19 -20 -21
leaf_value=0 0 -0.018376051255495737 0 -0.021987173975507316 0.0043872190120823459 0.014159007007343686 0.013349651611311783 -0.0064361519651928469 0 0 0.0044207162576191594 0 0 0 0 0.015879946501157205 -0.0010325766288688052 -0.0062611696676074377 0.0020302795737239285 -0.001665550495588493
leaf_weight=0.035231108573498537 0.027720635058358201 0.72946529127511883 0.10843621613457832 1.0412013939458118 0.21911193727282796 1.7333862228661021 0.55415324270143151 0.24983472088933922 0.12084653740748752 0.054677269217791036 0.2156897230015602 0.041654499800642952 0.12566192605299875 0.086382676381617785 0.014420503808651119 0.71475811001437251 0.11110097856726486 0.28352585612447001 0.16330348407063866 0.16625582259439398
leaf_count=14 12 1012 12 4013 44 578 54 24 5 26 40 23 16 2 20 876 6 186 173 40
internal_value=0.00137138 -0.00126909 0.00226767 -0.00453751 -0.0139766 0.0109905 0.00454092 0.00895068 -0.0201795 -0.0143987 0 0.0137838 -0.0163103 -0.00147074 -0.0178102 0.0153149 0.0132711 -0.00513909 0 0
internal_weight=6.79682 6.01268 5.08846 2.80598 1.38116 2.28248 1.42482 1.01968 1.16205 0.924225 0.465524 0.784133 0.869548 0.40514 0.743886 0.742479 2.00779 0.318757 0.274404 0.274692
internal_count=7176 6265 5191 4382 4062 809 320 118 4018 1074 64 911 1048 202 1032 888 757 200 179 52
is_linear=0
shrinkage=0.05


Tree=218
num_leaves=23
num_cat=0
split_feature=29 34 5 38 35 35 40 12 6 2 36 38 21 6 2 48 35 6 8 29 31 48
split_gain=0.132825 0.0977383 0.119 0.116573 0.108768 0.132584 0.0844129 0.0642405 0.0519646 0.0467502 0.0426775 0.0412347 0.0310533 0.029692 0.0226228 0.0104028 0.00685079 0.00832102 0.00418353 0.00206391 0.000310093 2.62218e-05
threshold=3.1666666269302373 0.47222222387790685 0.50781443715095531 0.4695423692464829 0.87649399042129528 0.42550456523895269 4.3644409179687509 1.0000000180025095e-35 5.5067982673645028 0.21980676054954532 0.9740215837955476 0.90399384498596203 1.0000000180025095e-35 3.877779603004456 0.47213622927665716 2.5000000000000004 0.3985219299793244 6.2203564643859872 0.82085561752319347 1.0000000180025095e-35 2.5000000000000004 1.0000000180025095e-35
decision_type=2 2 2 2 2 2 2 2 2 2 2 2 2 2 2 2 2 2 2 2 2 2
left_child=13 2 4 20 5 16 8 10 11 -7 -4 -5 -9 21 -14 19 18 -18 -2 -15 -3 -1
right_child=1 3 7 6 -6 9 -8 12 -10 -11 -12 -13 14 15 -16 -17 17 -19 -20 -21 -22 -23
leaf_value=-0.00024309245953213051 -0.0031613911577273723 0.015428112196384795 0.01244132398138076 -0.016161840407816194 0.0020648287696831175 -0.023960659486555718 0.0058870784098622514 0.00066875317038970735 0 0 0 0 -0.010533243105920749 0 0 0 0 0.0053833529782190978 0 0.014716976237130162 0 0
leaf_weight=0.10932488030812226 0.17001034348504696 0.43412714340956871 0.59783518893527776 0.57452210900737533 0.23616888830292726 1.1219914065150076 0.30447724084660877 0.18678374937007902 0.098311476409435272 0.22075979118380917 0.10197000857442617 0.096787660266272724 0.44024938770598965 0.20075186038593507 0.05476574607018847 0.033094648388214298 0.089083650789689273 0.26619014870084357 0.047857175697572529 0.94961663924914319 0.080114366435736883 0.3212653386653983
leaf_count=47 122 33 124 600 65 4122 139 45 89 268 14 11 172 49 42 4 66 15 4 938 131 76
internal_value=0.00134563 -0.00218401 -0.0068373 0.0048786 -0.0126359 -0.0162495 -0.0024503 0.00160869 -0.010037 -0.0216824 0.00909576 -0.0135793 -0.00394206 0.0110099 -0.0083099 0.0133835 0 0.00342436 -0.00100689 0.0139273 0.0149974 0
internal_weight=6.73606 5.12201 3.53367 1.58834 2.15206 1.91589 1.0741 1.3816 0.769621 1.34275 0.699805 0.67131 0.681799 1.61405 0.495015 1.18346 0.573141 0.355274 0.217868 1.15037 0.514242 0.43059
internal_count=7176 6062 5059 1003 4662 4597 839 397 700 4390 138 611 259 1114 214 991 207 81 126 987 164 123
is_linear=0
shrinkage=0.05


Tree=219
num_leaves=29
num_cat=0
split_feature=39 21 5 31 49 57 40 35 37 35 35 35 35 31 37 2 42 57 6 57 6 29 38 38 57 40 38 38
split_gain=0.131069 0.118265 0.151685 0.145024 0.0955676 0.0561971 0.0443853 0.0371044 0.0418345 0.0359355 0.0328688 0.0227376 0.0208371 0.0201171 0.0134415 0.00934422 0.00613596 0.00544524 0.00515052 0.00413191 0.0035073 0.00298344 0.00258998 0.00242067 0.00240664 0.00198801 0.00126147 0.000213671
threshold=6.2203564643859872 1.0000000180025095e-35 0.70381036400794994 2.5000000000000004 0.18333333730697635 0.015504807699471714 2.8716531991958623 0.95719459652900707 0.52255764603614818 0.69501906633377086 0.42550456523895269 0.37966401875019079 0.3985219299793244 6.5000000000000009 0.26876173913478857 0.21980676054954532 0.40990260243415838 0.04538575932383538 6.8764495849609384 0.032154673710465438 6.4953796863555917 4.8333332538604745 0.053342817351222045 0.17274536192417148 0.03240706957876683 3.1113021373748784 0.053342817351222045 0.92546296119689953
decision_type=2 2 2 2 2 2 2 2 2 2 2 2 2 2 2 2 2 2 2 2 2 2 2 2 2 2 2 2
left_child=1 3 4 5 7 10 22 8 19 -2 12 -10 -1 14 -11 16 -5 -16 26 -3 -4 -8 -7 -21 -6 -19 -12 -23
right_child=9 2 20 15 24 6 21 -9 11 13 18 -13 -14 -15 17 -17 -18 25 -20 23 -22 27 -24 -25 -26 -27 -28 -29
leaf_value=0 0 -0.0028178231579011749 0 -0.0098685873780333788 0 0 0.0014745121940380997 0 0 0 0 -0.020397918464588827 0.0080854289504632519 0 0 0 0 0 0 0 0.0072639968157125825 -0.002171706005362439 0.018285292884688893 0.0023713474753506271 0.0024064658998457977 0.015790311272744825 -0.0068989508245276832 0
leaf_weight=0.13439794438454589 0.1121882982115493 0.16362820594076932 0.073591270629549288 0.3614291074227366 0.17755958103953151 0.011816688347607629 0.16839955214163638 0.13522129831835616 0.060978866640652885 0.031056317064212524 0.0094673241692362353 1.5506286539275604 0.37095392335322686 0.071907446923432761 0.019535277708200627 0.026548771777015645 0.014467202126979828 0.018606844067107775 0.054397784231696278 0.10820896828954574 0.28571676483261399 0.15608624673404847 0.77705632418292225 0.2700947107259708 0.172323847640655 1.0643271504595757 0.27469262433442054 0.002466147067025303
leaf_count=50 337 234 21 966 18 2 57 16 32 10 11 1197 33 19 82 22 1 34 10 12 232 1478 426 112 92 924 747 1
internal_value=0.00141559 -0.00180278 -0.00788833 0.00448257 -0.0125041 0.0106584 0.0150104 -0.0156652 -0.0168919 0.0117942 0 -0.0196111 0.00499325 0.0136717 0.0147237 -0.00818204 -0.00923125 0.0153614 -0.00577487 0 0.0065923 0 0.0181252 0.000889459 0.000756446 0.0156435 -0.00669244 -0.00206039
internal_weight=6.67775 5.36013 2.99795 2.36218 2.63864 1.95973 1.11582 2.28876 2.15354 1.31762 0.84391 1.61161 0.505352 1.20543 1.13353 0.402445 0.375896 1.10247 0.338558 0.541932 0.359308 0.326952 0.788873 0.378304 0.349883 1.08293 0.28416 0.158552
internal_count=7176 5770 1966 3804 1713 2815 1964 1603 1587 1406 851 1229 83 1069 1050 989 967 1040 768 358 253 1536 428 124 110 958 758 1479
is_linear=0
shrinkage=0.05


Tree=220
num_leaves=27
num_cat=0
split_feature=5 3 2 39 38 35 47 9 36 58 45 38 40 48 8 38 59 40 36 6 6 14 38 36 36 36
split_gain=0.124332 0.174631 0.0981813 0.0832958 0.0716666 0.123407 0.0613107 0.0569714 0.0561025 0.0497607 0.0429327 0.0383677 0.0377295 0.0325771 0.0228708 0.0223739 0.0168613 0.018026 0.010223 0.0100185 0.00970821 0.00768459 0.000374401 0.00016894 0.000155592 1.74047e-05
threshold=0.70381036400794994 0.72776681184768688 0.4083333313465119 6.2203564643859872 0.41728855669498449 0.89848890900611889 0.81666666269302379 13.500000000000002 0.44058823585510259 1.0000000180025095e-35 18.404194831848148 0.053342817351222045 2.8716531991958623 1.0000000180025095e-35 0.48333333432674414 0.7923850715160371 1.0000000180025095e-35 6.0360043048858651 0.88047617673873912 4.3822062015533456 6.8764495849609384 1.0000000180025095e-35 0.043560607358813293 0.41763564944267279 0.89871793985366832 0.31180556118488317
decision_type=2 2 2 2 2 2 2 2 2 2 2 2 2 2 2 2 2 2 2 2 2 2 2 2 2 2
left_child=1 4 3 8 7 6 10 9 20 11 14 -1 18 -7 -6 16 -10 -18 -13 -5 -3 22 -4 25 -11 -14
right_child=-2 2 21 19 5 13 -8 -9 15 24 -12 12 23 -15 -16 -17 17 -19 -20 -21 -22 -23 -24 -25 -26 -27
leaf_value=0 0.013973799923353333 -0.0029516442316012224 0 -0.00084457020711300199 -0.017687370180335928 0 0.0002138571614527956 -0.00060702495785318485 0 -0.00059028636543200386 0 0.019342049725820917 0 0.011493112231341022 0 0 -0.022078822415674878 0 0 0.0044775754060746133 0.0034359610672426775 0 0.004809205400623664 -0.00037083166250464843 0 0.0005241362061472421
leaf_weight=0.064902354672085827 0.63587728870334093 0.16745495115901654 0.01181668834760774 0.11799253239223606 0.64770206444518386 0.16470053694501974 0.20377925742650405 0.11309886754679599 0.081883811315493049 0.11635521927018988 0.060278523684246466 1.0573794375159193 0.065185212246433255 0.46165867328818422 0.10627956133248517 0.16815375037549518 1.1817822133816651 0.022861627458041878 0.10934373422423949 0.20949280657805502 0.19427535639260896 0.11875164677621797 0.21264087707095314 0.14253685997391585 0.068528970867191674 0.12385913180696662
leaf_count=12 786 405 2 292 900 57 19 384 209 126 4 201 36 115 42 96 2454 62 62 141 9 50 202 409 27 74
internal_value=0.00142765 -0.00099654 -0.00979207 -0.0134875 0.00492222 -0.000568056 -0.00989884 0.0100237 -0.0166434 0.0125015 -0.0139085 0.0147002 0.0161277 0.00828481 -0.0161644 -0.0193639 -0.0206639 -0.0214937 0.0185321 0 0 0.00242502 0.0047054 0 0 0.000472297
internal_weight=6.62857 5.99269 2.48711 2.1439 3.50559 1.6444 1.01804 1.86119 1.81641 1.74809 0.81426 1.56321 1.4983 0.626359 0.753982 1.45468 1.28653 1.20464 1.16672 0.327485 0.36173 0.343209 0.224458 0.331581 0.184884 0.189044
internal_count=7176 6390 3922 3668 2468 1137 965 1331 3235 947 946 794 782 172 942 2821 2725 2516 263 433 414 254 204 519 153 110
is_linear=0
shrinkage=0.05


Tree=221
num_leaves=25
num_cat=0
split_feature=42 9 6 21 53 9 38 8 58 31 38 33 8 8 36 36 48 46 46 8 38 53 36 9
split_gain=0.126495 0.150283 0.0596198 0.0657095 0.0567924 0.0532941 0.0399481 0.0279506 0.0219767 0.0187426 0.0173571 0.0172966 0.0167059 0.0127738 0.0108844 0.0105672 0.00915311 0.00908701 0.00752948 0.0042209 0.00359096 0.00223462 0.00175095 6.50618e-06
threshold=0.042572464793920524 4.5000000000000009 3.9130500555038457 1.0000000180025095e-35 7.2474184036254892 9.5000000000000018 0.14854215830564502 0.48333333432674414 1.0000000180025095e-35 6.5000000000000009 0.09175084158778192 1.0000000180025095e-35 0.75961539149284374 0.39230769872665411 0.26876173913478857 0.93405798077583324 2.5000000000000004 0.86607143282890331 0.81666666269302379 0.59166666865348827 0.87652438879013073 7.5028312206268319 0.91458967328071605 5.5000000000000009
decision_type=2 2 2 2 2 2 2 2 2 2 2 2 2 2 2 2 2 2 2 2 2 2 2 2
left_child=1 2 17 -4 5 9 10 -5 -9 11 15 14 18 -12 -2 23 -16 -1 20 -15 -8 -6 -10 -3
right_child=4 6 3 7 21 -7 12 8 22 -11 13 -13 -14 19 16 -17 -18 -19 -20 -21 -22 -23 -24 -25
leaf_value=-0.005774801374463602 0 0 0.014137060883390546 -0.0064151696306964483 -0.0024909509836607839 -0.00011616027106793219 -0.017532767577808885 0.0072728530820881532 -0.0018602208260541948 0 0 0 0 0.0064866019632095753 0.014574769857197937 0 0 0 0 0 0 0 0 -0.0067466532401177885
leaf_weight=0.24081889205263074 0.063349112373546013 0.051086726998619048 0.68370523134944938 0.25316232646582648 0.1418139827728736 0.10234136652434234 0.8209283567739476 0.38474420073907822 0.26498167512181681 0.069671328674303257 0.072324378386838362 0.079965254961280041 0.021571967692580074 0.29782653271831805 2.2457025007061024 0.076077839781646617 0.036932870058080769 0.14707284653559327 0.010442193888593465 0.099259841728780884 0.020957577478839085 0.057820254507532809 0.063228077167877927 0.26779139020072762
leaf_count=445 32 19 140 79 14 374 3779 89 79 16 190 77 9 69 1398 37 13 5 5 26 8 58 27 188
internal_value=0.0014433 -0.00343777 0.00371118 0.00806196 0.00851847 0.0107534 -0.011939 0 0.00326884 0.0125352 0 0.0131911 -0.0161736 0.00287205 0.0138234 -0.00473476 0.01425 -0.00366689 -0.0169463 0.00561548 -0.0172924 -0.00111754 0 -0.00661376
internal_weight=6.57358 3.77598 2.03771 1.64982 2.7976 2.59796 1.73827 0.966116 0.712954 2.49562 0.864367 2.42595 0.8739 0.469411 2.34598 0.394956 2.28264 0.387892 0.852328 0.397086 0.841886 0.199634 0.32821 0.318878
internal_count=7176 5194 864 414 1982 1910 4330 274 195 1536 529 1520 3801 285 1443 244 1411 450 3792 95 3787 72 106 207
is_linear=0
shrinkage=0.05


Tree=222
num_leaves=24
num_cat=0
split_feature=6 3 5 6 38 42 8 36 36 3 53 34 36 36 38 36 46 39 5 47 8 57 57
split_gain=0.125669 0.158215 0.128135 0.112436 0.0745738 0.0482084 0.0466101 0.034243 0.0345317 0.0249571 0.0242965 0.0206136 0.0163424 0.0152548 0.0222225 0.0129261 0.0102341 0.00930756 0.00496665 0.00419186 0.0037886 0.00333367 0.00114378
threshold=6.7326085567474374 0.26764950156211859 0.45999288558959966 5.9423835277557382 0.22611077129840854 0.7587878704071046 0.39230769872665411 0.90661337971687328 0.96824595332145702 0.3298212736845017 7.2474184036254892 0.41428571939468389 0.93405798077583324 0.77032968401908886 0.11269841343164445 0.23582887649536136 0.26785714924335485 7.5028312206268319 0.21458087116479876 0.86607143282890331 0.63392856717109691 0.045553633943200118 0.029500533826649192
decision_type=2 2 2 2 2 2 2 2 2 2 2 2 2 2 2 2 2 2 2 2 2 2 2
left_child=1 7 3 5 12 9 21 11 -9 -3 15 16 20 18 -15 -8 -1 -11 -5 -18 -4 -2 -6
right_child=6 2 4 13 22 -7 10 8 -10 17 -12 -13 -14 14 -16 -17 19 -19 -20 -21 -22 -23 -24
leaf_value=0.0033910513946312014 -0.0026466844307341561 0 -0.0079533632771084072 0 0 0 0 -0.0069676576654390844 0.0044758195038932065 -0.022904132373886291 0 0.012690172990642771 0 0 0.0076454392027274212 0.014347647855089869 -0.0042070854333653629 0 -0.0045467531542860923 0 0 0 0.010592640608244807
leaf_weight=0.29335351761255857 0.18975734365812957 0.15476792807749085 0.30392055599804724 0.046586421070969553 0.019639924830698874 0.13134521665051568 0.069004614633740746 0.2678047977897221 0.23694273982255254 1.1350227425991759 0.064254452183376887 0.54195484382216819 0.089465613287757151 0.11351008375640959 0.38855644195064087 1.4314479583990758 0.19733927392371697 0.012823697907151543 0.20664795096672606 0.058512370102107525 0.025718632503412664 0.090979822794906795 0.4659645116480533
leaf_count=83 64 82 246 17 50 15 12 64 54 4637 26 61 24 18 97 1048 124 5 113 3 11 19 303
internal_value=0.00127123 -0.00249452 -0.00883783 -0.0140856 0.00196393 -0.0193767 0.0101118 0.00654426 0 -0.0211947 0.0126046 0.00970064 -0.00475998 0 0.00412904 0.0136839 0 -0.0225972 -0.00316178 -0.00292066 -0.00741007 0 0.0104305
internal_weight=6.53532 4.68988 3.09397 2.18926 0.904709 1.43396 1.84544 1.59591 0.504748 1.30261 1.56471 1.09116 0.419105 0.755301 0.502067 1.50045 0.549205 1.14785 0.253234 0.255852 0.329639 0.280737 0.485604
internal_count=7176 6007 5618 4984 634 4739 1169 389 118 4724 1086 271 281 245 115 1060 210 4642 130 127 257 83 353
is_linear=0
shrinkage=0.05


Tree=223
num_leaves=26
num_cat=0
split_feature=49 4 5 21 9 6 38 35 34 40 38 57 9 35 40 8 2 5 35 38 4 29 57 48 6
split_gain=0.121614 0.150157 0.133649 0.0800286 0.0712672 0.0434027 0.042454 0.102088 0.0838933 0.033122 0.0305451 0.0301358 0.0298097 0.027326 0.0265341 0.0247116 0.0173623 0.0140814 0.0107818 0.0111806 0.0152652 0.0102309 0.0066173 0.00200503 0.00031952
threshold=0.18333333730697635 0.57669684290885936 0.70381036400794994 1.0000000180025095e-35 7.5000000000000009 5.7751989364624032 0.37089946866035467 0.89848890900611889 0.63068181276321422 6.0360043048858651 1.0000000180025095e-35 0.015504807699471714 13.500000000000002 0.38585758209228521 2.8716531991958623 0.48333333432674414 0.13484849035739901 0.48507130146026617 0.95235049724578869 0.87386363744735729 0.66807910799980175 14.583333492279055 0.064080443233251586 1.5000000000000002 6.6069514751434335
decision_type=2 2 2 2 2 2 2 2 2 2 2 2 2 2 2 2 2 2 2 2 2 2 2 2 2
left_child=1 6 3 5 13 17 12 8 15 10 -5 -7 14 -2 16 22 -1 -3 19 20 -12 23 -8 -15 -4
right_child=4 2 24 9 -6 11 7 -9 -10 -11 18 -13 -14 21 -16 -17 -18 -19 -20 -21 -22 -23 -24 -25 -26
leaf_value=0.015468448783116352 0 -0.0084298507645113249 0 0 -0.0010431235934806921 0 -0.016213546850518533 0.0090758598134287657 0.0022897935701965354 0 0 0.0095038614423327509 0 0.016465289180756321 0 0 0 0 0 0 -0.022729870823503119 0 0 0 0.0051998330475427476
leaf_weight=0.56450412565027386 0.10421606060117472 0.32180489253369216 0.083831901691155397 0.042075924953678512 0.12273113821720461 0.091270075361535419 0.57842815559706628 0.47927853389410302 0.23751312903186772 0.085470016103499913 0.16667123084334878 0.38523363030981272 0.063163957202050369 1.0945209913188589 0.14029873227991629 0.074770458195416722 0.2561090552189853 0.079774167381401639 0.094441998109687009 0.02326030607218843 1.0694668072119382 0.029743018560111412 0.042298055253922939 0.027536222565686219 0.2269565487804357
leaf_count=105 12 2982 27 8 46 97 529 78 19 99 160 44 169 1002 247 32 57 44 39 12 1183 2 3 13 167
internal_value=0.00124639 -0.00196915 -0.00926608 -0.0135508 0.0110792 0 0.00494246 0 -0.00830635 -0.0181447 -0.0193787 0.00580641 0.00969065 0.0144173 0.0116163 -0.0140902 0.0134823 -0.00647308 -0.020364 -0.0210702 -0.0214726 0.0158011 -0.0156784 0.0162858 0.00496987
internal_weight=6.48537 5.10662 2.67026 2.35947 1.37875 0.878083 2.43636 1.41229 0.93301 1.48139 1.39592 0.476504 1.02408 1.25602 0.960912 0.695497 0.820613 0.401579 1.35384 1.2594 1.23614 1.1518 0.620726 1.12206 0.310788
internal_count=7176 6101 4862 4668 1075 3167 1239 661 583 1501 1402 141 578 1029 409 564 162 3026 1394 1355 1343 1017 532 1015 194
is_linear=0
shrinkage=0.05


Tree=224
num_leaves=21
num_cat=0
split_feature=6 3 5 6 57 57 8 12 3 53 34 57 46 57 35 8 47 57 57 49
split_gain=0.117584 0.151505 0.121531 0.104947 0.0613699 0.0465121 0.0448931 0.0235628 0.0231694 0.0231054 0.0152457 0.0122799 0.0100341 0.0051276 0.021095 0.0292082 0.00468 0.00422439 0.00320998 0.00233108
threshold=6.7326085567474374 0.26764950156211859 0.45999288558959966 5.9423835277557382 0.044871959835290916 0.065070353448390975 0.39230769872665411 1.0000000180025095e-35 0.3298212736845017 7.2474184036254892 0.41428571939468389 0.063372347503900542 0.26785714924335485 0.013793759513646366 0.81899002194404613 0.5634920895099641 0.86607143282890331 0.063556753098964705 0.045553633943200118 0.26785714924335485
decision_type=2 2 2 2 2 2 2 2 2 2 2 2 2 2 2 2 2 2 2 2
left_child=1 10 3 5 7 8 18 19 -3 -8 12 -12 -1 -5 15 -15 -14 -13 -2 -4
right_child=6 2 4 13 -6 -7 9 -9 -10 -11 11 17 16 14 -16 -17 -18 -19 -20 -21
leaf_value=0.0029248297076823904 -0.0025988416298676157 0 0 0.0030996160179343466 0.0101381826019456 0 0.013392968968802255 -0.0077004689454860239 -0.02196729347246688 0 0.010115816770126771 -0.0023063694898691842 -0.0045884046174617058 -0.0096145472769163451 0.0017450404312829148 0 0 0.0019864279725263982 0 0.0022511239092590138
leaf_weight=0.29799650091445051 0.18818177594221186 0.15418499052611956 0.056966586816997622 0.16755737331550324 0.36846067197620869 0.095853564329445251 1.4728993940225334 0.31631869350167108 1.1506188645198561 0.063046624156413489 0.7187694825915969 0.13657947222236544 0.21981606657936936 0.34035563163706684 0.1355015239387285 0.10379973193630576 0.058512370102107525 0.1442599821020849 0.090229551482480019 0.15000374696683139
leaf_count=93 64 82 86 19 181 8 1060 358 4649 26 83 3 159 168 47 11 3 48 19 9
internal_value=0.00125489 -0.00239048 -0.00867186 -0.0138202 0.00183593 -0.0189667 0.0098593 -0.00354534 -0.0206191 0.0123343 0.00644705 0.00852085 0 0 -0.00100691 -0.0059357 -0.00330715 0 0 0
internal_weight=6.42991 4.61556 3.03962 2.14787 0.89175 1.40066 1.81436 0.523289 1.3048 1.53595 1.57593 0.999609 0.576325 0.747214 0.579657 0.444155 0.278328 0.280839 0.278411 0.20697
internal_count=7176 6007 5618 4984 634 4739 1169 453 4731 1086 389 134 255 245 226 179 162 51 83 95
is_linear=0
shrinkage=0.05


Tree=225
num_leaves=24
num_cat=0
split_feature=42 9 57 5 53 58 5 37 9 5 34 57 3 31 33 31 31 48 37 38 57 29 3
split_gain=0.119986 0.137161 0.0688691 0.0742745 0.055666 0.035204 0.0492944 0.0476548 0.022556 0.0217111 0.0216677 0.0190562 0.0170688 0.0169806 0.0168495 0.0163609 0.013408 0.00834849 0.00654647 0.00623685 0.00432996 0.00231716 0.00197106
threshold=0.20991431921720508 5.5000000000000009 0.013793759513646366 0.61986863613128673 7.2474184036254892 1.0000000180025095e-35 0.23553323745727542 0.99137932062149059 9.5000000000000018 0.77664399147033703 0.61250001192092907 0.016530054621398452 0.47413024306297308 6.5000000000000009 1.0000000180025095e-35 2.5000000000000004 1.0000000180025095e-35 2.5000000000000004 0.2788888961076737 0.87386363744735729 0.013606071937829258 1.0000000180025095e-35 0.99612402915954601
decision_type=2 2 2 2 2 2 2 2 2 2 2 2 2 2 2 2 2 2 2 2 2 2 2
left_child=1 5 20 22 8 6 10 15 13 11 16 -7 -13 14 17 18 -1 -2 -8 -18 -3 -20 -4
right_child=4 2 3 -5 -6 9 7 -9 -10 -11 -12 12 -14 -15 -16 -17 19 -19 21 -21 -22 -23 -24
leaf_value=0 0.014067587704106278 0 -0.018879676401527195 0 -0.00071132213518993121 0 0 0 0 0.0012443161951093918 0.002437754636748992 0 -0.010229433101692168 0 0 0 -0.0085027322675159667 0 0 0 0.0030442461985732226 0.014937314901172991 0
leaf_weight=0.070929432753473853 1.8647695083018345 0.080577840788464417 1.0355603513489766 0.14632500743391563 0.18235957165597927 0.099687532165262271 0.037181046551267971 0.13335980403644487 0.042360230163467238 0.12756568187614903 0.25259865079715382 0.05271024044486694 0.42253331853862619 0.066070112225133815 0.078074036864563712 0.081063986905064556 0.32572197661284008 0.033498757125926093 0.18128025554688043 0.03008861470152624 0.16805759268754628 0.84974460889498005 0.022512320865644031
leaf_count=36 1156 203 3806 50 59 26 14 56 194 112 35 6 168 15 77 148 543 8 50 6 53 256 99
internal_value=0.00126015 -0.00297082 -0.0121609 -0.0155779 0.00903206 0.00262737 0.00601864 0.0100494 0.0114595 -0.00187908 -6.66892e-05 -0.00609689 -0.00848393 0.012316 0.013012 0.0127549 -0.0057232 0.0137262 0.0137419 -0.00769362 0 0.0141547 -0.0187123
internal_weight=6.38463 4.1175 1.45303 1.2044 2.26713 2.66447 1.96197 1.28263 2.08477 0.702497 0.679339 0.574931 0.475244 2.04241 1.97634 1.14927 0.42674 1.89827 1.06821 0.355811 0.248635 1.03102 1.05807
internal_count=7176 5667 4211 3955 1509 1456 1144 524 1450 312 620 200 174 1256 1241 468 585 1164 320 549 256 306 3905
is_linear=0
shrinkage=0.05


Tree=226
num_leaves=30
num_cat=0
split_feature=39 21 49 31 9 36 35 8 35 35 2 53 31 42 34 36 6 36 3 29 2 6 42 57 57 2 35 3 46
split_gain=0.114905 0.105683 0.127908 0.127591 0.0589223 0.0551718 0.055105 0.0549834 0.0373132 0.0318785 0.024755 0.0221834 0.0172165 0.015737 0.0155567 0.0151633 0.0140382 0.0117011 0.0116165 0.0198565 0.00827209 0.00618273 0.00542622 0.0047037 0.00421754 0.00385442 0.00204338 0.00131989 0.00149299
threshold=6.2203564643859872 1.0000000180025095e-35 0.18333333730697635 2.5000000000000004 13.500000000000002 0.52255764603614818 0.89463806152343761 0.87083333730697643 0.38585758209228521 0.69501906633377086 0.47213622927665716 1.0000000180025095e-35 6.5000000000000009 0.5313725769519807 0.63068181276321422 0.20204082131385806 7.5028312206268319 0.26876173913478857 0.79908257722854625 5.4166667461395273 0.21980676054954532 7.2474184036254892 0.40990260243415838 0.04538575932383538 0.031910113990306861 0.47213622927665716 0.36902521550655371 0.28739997744560247 0.73214286565780651
decision_type=2 2 2 2 2 2 2 2 2 2 2 2 2 2 2 2 2 2 2 2 2 2 2 2 2 2 2 2 2
left_child=1 3 5 4 8 18 7 10 -1 -2 13 15 17 14 21 -10 -17 -11 19 -3 22 -7 -5 -19 -4 -20 -26 -8 -29
right_child=9 2 24 20 -6 6 27 -9 11 12 -12 -13 -14 -15 -16 16 -18 23 25 -21 -22 -23 -24 -25 26 -27 -28 28 -30
leaf_value=0 0 0.0070792861125449323 0 -0.0092601626474811388 -0.00070666983201407227 -0.022112492165913052 0.0015410608746261097 0 0 0 0 0 0 0 0 0.016137543730076594 0 0 -0.0043484719329181338 0 0 0 0 0.01474806023094557 0 0 0.0062545135758672755 0 -0.0019119899532085778
leaf_weight=0.1268732103344522 0.10599300886678964 0.30852495918225109 0.1656609203055267 0.34173101224405389 0.11539450078271318 1.2161678383072283 0.13088424177840341 0.059081897925352567 0.021365282434999133 0.029373550118179881 0.025078391598071792 0.032901193968427722 0.068211620702640974 0.023781744828738627 0.026080936222569906 1.5435640761643297 0.023067178059136384 0.018296912207006133 0.2025967846493586 0.09001151095435489 0.025205826586898183 0.030390482919756212 0.013724375516176224 1.0241273546344016 0.019011261640116572 0.024142643786035478 0.2755943211959675 0.068831461219815537 0.18896811979357153
leaf_count=30 337 24 17 966 665 1162 13 9 54 10 8 192 19 10 8 1870 4 82 213 130 22 11 1 958 3 6 259 50 43
internal_value=0.00117518 -0.00185114 -0.0077138 0.00414504 0.0101316 -0.012316 -0.0153538 -0.0182235 0.0126636 0.0110956 -0.019994 0.0142731 0.0129016 -0.0207624 -0.0212814 0.0150911 0.0156335 0.0138818 0 0.00337573 -0.00765041 -0.0218052 -0.00865299 0.0144844 0.00484283 -0.00326834 0.00588205 0 -0.000698699
internal_weight=6.34464 5.09863 2.85481 2.24383 1.86317 2.39454 1.76927 1.38058 1.74777 1.246 1.3215 1.6209 1.14001 1.29642 1.27264 1.588 1.56663 1.0718 0.625276 0.398536 0.380661 1.24656 0.355455 1.04242 0.460267 0.226739 0.294606 0.388684 0.2578
internal_count=7176 5770 1966 3804 2815 1687 1314 1208 2150 1406 1199 2120 1069 1191 1181 1928 1874 1050 373 154 989 1173 967 1040 279 219 262 106 93
is_linear=0
shrinkage=0.05


Tree=227
num_leaves=21
num_cat=0
split_feature=34 49 35 35 6 36 38 40 9 2 39 3 58 2 6 5 29 45 5 31
split_gain=0.111633 0.111531 0.0952822 0.129179 0.0939774 0.0832509 0.0776952 0.0601429 0.0399557 0.0244561 0.0213708 0.0212753 0.0177392 0.00681771 0.00675446 0.00638117 0.00605727 0.00408597 0.00174651 0.000346114
threshold=0.47222222387790685 0.18333333730697635 0.42550456523895269 0.8514743745326997 3.8662848472595219 0.32037734985351568 0.4695423692464829 4.0983333587646493 7.5000000000000009 0.4083333313465119 6.3038835525512704 0.61803400516510021 1.0000000180025095e-35 0.30217391252517706 6.6069514751434335 0.70381036400794994 9.416666507720949 7.6875658035278329 0.59279337525367748 2.5000000000000004
decision_type=2 2 2 2 2 2 2 2 2 2 2 2 2 2 2 2 2 2 2 2
left_child=1 2 11 5 6 14 17 10 12 15 -8 -1 -3 -13 -4 -7 -5 -2 -14 -9
right_child=4 8 3 16 -6 9 7 19 -10 -11 -12 13 18 -15 -16 -17 -18 -19 -20 -21
leaf_value=0.0065677341887652564 0.0097992055601674732 0.011662083406144738 -0.0017677465159829471 0.0037618715717528126 0.016597848877380566 -0.021539712823155571 -0.013601695274464927 0.0012584518553973947 -0.00078309299931538998 0 0 -0.0038243961008407944 -0.0016251658766063513 0 0.0032494856509987196 0 0 0 0.0010881922036469816 0
leaf_weight=0.38867738991393741 0.26375893938529804 0.60017173533560697 0.13929981284309212 0.44226572386105534 0.74082942341919977 1.3321390440960383 0.54513282015250275 0.19446602036623517 0.11683114827610552 0.16944904861156818 0.080168965199845843 0.18713833112997236 0.14952573453774676 0.13729512932332 0.26202520624792669 0.024302290024934226 0.052181396622472676 0.07101307915218058 0.12332025665091351 0.27903890603192849
leaf_count=63 26 200 263 110 1010 4220 567 30 42 27 31 165 11 38 15 11 128 87 91 41
internal_value=0.00109459 -0.00290316 -0.00774373 -0.0118332 0.00877866 -0.0164986 0 -0.00629242 0.00610145 -0.0199462 -0.0119586 0.00202594 0.00961846 -0.000490624 0 -0.0212698 0.00187739 0.00912484 0 0.000834605
internal_weight=6.29903 4.12462 3.13477 2.42166 2.17441 1.92722 1.43358 1.09881 0.989849 1.52589 0.625302 0.713111 0.873018 0.324433 0.401325 1.35644 0.494447 0.334772 0.272846 0.473505
internal_count=7176 5384 5040 4774 1792 4536 782 669 344 4258 598 266 302 203 278 4231 238 113 102 71
is_linear=0
shrinkage=0.05


Tree=228
num_leaves=25
num_cat=0
split_feature=8 4 36 36 38 35 34 6 9 6 40 9 39 38 2 35 6 29 2 6 36 4 39 25
split_gain=0.110272 0.121641 0.115321 0.0967787 0.0392157 0.0958858 0.0778559 0.0322941 0.0294328 0.0257409 0.0245909 0.0234838 0.0232581 0.0223401 0.0120132 0.0158073 0.00756985 0.00713512 0.00386524 0.00145035 0.000912216 0.000450142 0.000108032 4.07136e-05
threshold=0.63392856717109691 0.57669684290885936 0.48528139293193823 0.93142634630203258 0.37089946866035467 0.89848890900611889 0.63068181276321422 4.1066589355468759 13.500000000000002 6.8764495849609384 2.8716531991958623 7.5000000000000009 6.8764495849609384 0.30094340443611151 0.10912698507308961 0.55404800176620495 5.2347426414489755 2.4166666269302373 0.41885964572429663 5.1758511066436776 0.42163743078708654 0.74305018782615673 6.8764495849609384 1.0000000180025095e-35
decision_type=2 2 2 2 2 2 2 2 2 2 2 2 2 2 2 2 2 2 2 2 2 2 2 2
left_child=1 4 9 12 8 6 7 17 10 13 -1 16 18 23 22 -16 -2 -6 -4 -17 -15 -21 -5 -3
right_child=11 2 3 14 5 -7 -8 -9 -10 -11 -12 -13 -14 20 15 19 -18 -19 -20 21 -22 -23 -24 -25
leaf_value=0.013379873920706518 0 -0.0059586892530026142 -0.01839250477317014 -0.0024482180667327043 0 0.009019176807897003 0.002215575910148601 0 0 0.0075843500976389699 0 0 0 0.0028302583883991726 0 0 0.014642040549394997 -0.016039943567488991 0 0 0 0.0071452996276132651 0 0
leaf_weight=0.79181011768378107 0.025570824684109428 0.37770984409144182 1.4046298483099238 0.15343009203570535 0.033517817384563164 0.47688224833109416 0.2326154550537467 0.10144048679649131 0.062522696265659761 0.31493410842085723 0.14614036960847443 0.038445578305982053 0.053670801382395328 0.1710248370145564 0.14536635791955632 0.02981361078491318 0.64623042463790625 0.58092017223316361 0.065432537245214806 0.02029886743548559 0.029684987388463924 0.32521026481117588 0.0098384094453649595 0.013373562949709594
leaf_count=156 12 590 3221 451 4 93 19 53 160 28 248 23 103 80 39 73 876 510 40 28 132 223 6 8
internal_value=0.00117038 -0.00125572 -0.00742354 -0.012531 0.00505883 0 -0.00783382 -0.0134014 0.00963506 0.00243986 0.0115671 0.0126874 -0.0171887 -0.000201522 0 0.00392186 0.0141347 -0.0155206 -0.0180391 0.00676316 0.00243167 0.00703198 -0.00238975 -0.0059238
internal_weight=6.25051 5.54027 3.11442 2.20769 2.42585 1.42538 0.948494 0.715878 1.00047 0.906727 0.93795 0.710247 1.52373 0.591793 0.683958 0.520689 0.671801 0.614438 1.47006 0.375323 0.20071 0.345509 0.163269 0.391083
internal_count=7176 6265 5022 4184 1243 679 586 567 564 838 404 911 3364 810 820 363 888 514 3261 324 212 251 457 598
is_linear=0
shrinkage=0.05


Tree=229
num_leaves=24
num_cat=0
split_feature=6 3 5 6 38 2 42 36 36 3 53 47 36 2 2 39 36 2 57 42 5 57 47
split_gain=0.107477 0.139059 0.11303 0.09779 0.0647037 0.0472719 0.0431884 0.0292505 0.0289752 0.0227107 0.0211358 0.01526 0.0143199 0.0129696 0.0204437 0.00862988 0.00853505 0.00737657 0.00431578 0.0024043 0.00168058 0.000916858 0.000531629
threshold=6.7326085567474374 0.26764950156211859 0.45999288558959966 5.9423835277557382 0.22611077129840854 0.19523809850215915 0.7587878704071046 0.90661337971687328 0.96824595332145702 0.3298212736845017 7.2474184036254892 0.63333335518836986 0.93405798077583324 0.13484849035739901 0.34313726425170904 7.5028312206268319 0.20204082131385806 0.12249999865889551 0.046804908663034446 0.23904761672019961 0.75204917788505565 0.029500533826649192 1.0000000180025095e-35
decision_type=2 2 2 2 2 2 2 2 2 2 2 2 2 2 2 2 2 2 2 2 2 2 2
left_child=1 7 3 6 12 18 9 11 -9 -3 16 22 20 17 -15 -11 -7 -5 -2 -13 -4 -6 -1
right_child=5 2 4 13 21 10 -8 8 -10 15 -12 19 -14 14 -16 -17 -18 -19 -20 -21 -22 -23 -24
leaf_value=0.0009076779102508677 -0.0030375001318590973 0 -0.0071955926940881808 0 0 0 0 -0.006415761872363257 0.0041173524805662477 -0.021894376437963315 0 0 0 -0.0067824873748903508 0.00027412874047493327 0 0.013657063148439945 0.0058777989202494748 0 0.012580931522436684 0 0.009960077050707174 -0.00053059721912598174
leaf_weight=0.18095876154256962 0.16940876533044491 0.15094544813473554 0.28837777205626469 0.1008837914232571 0.018953102236991981 0.051377529860474058 0.12649547855835397 0.25460171598388104 0.22672302339924499 1.0581368071107133 0.059620137239107751 0.24691213353071362 0.085618994184187613 0.3016851228858286 0.10278805083362386 0.012479087235988007 1.3788822742208138 0.21601028883378603 0.089204249903559685 0.35463357152184471 0.024453616351820529 0.44053791119949892 0.26487676405668026
leaf_count=29 63 82 248 95 50 8 15 64 54 4637 26 61 24 101 33 5 1054 16 18 30 9 303 151
internal_value=0.00123057 -0.00227592 -0.00842528 -0.0134564 0.00173007 0.00956279 -0.0184614 0.00619747 0 -0.0202196 0.0121823 0.00911895 -0.00437004 0 -0.0025108 -0.0215883 0.013183 0.00423062 0 0.0114072 -0.00690013 0.00981552 0
internal_weight=6.20456 4.45607 2.92737 2.06942 0.857941 1.74849 1.34806 1.52871 0.481325 1.22156 1.48988 1.04738 0.39845 0.721367 0.404473 1.07062 1.43026 0.316894 0.258613 0.601546 0.312831 0.459491 0.445836
internal_count=7176 6007 5618 4984 634 1169 4739 389 118 4724 1088 271 281 245 134 4642 1062 111 81 91 257 353 180
is_linear=0
shrinkage=0.05


Tree=230
num_leaves=24
num_cat=0
split_feature=34 49 57 6 35 6 38 39 57 2 35 48 48 36 8 5 29 38 35 45 36 38 8
split_gain=0.107375 0.104009 0.0961611 0.115114 0.134076 0.0841946 0.0703518 0.0467935 0.0297815 0.0151688 0.0100475 0.00978061 0.00868524 0.00758009 0.00959669 0.0116702 0.00647512 0.00542092 0.00379631 0.00367069 0.00288737 0.000430004 8.17446e-05
threshold=0.47222222387790685 0.18333333730697635 0.013793759513646366 6.7326085567474374 0.8514743745326997 3.8662848472595219 0.4695423692464829 6.2203564643859872 0.015038444194942715 0.4083333313465119 0.42550456523895269 2.5000000000000004 1.0000000180025095e-35 0.51471862196922313 0.82085561752319347 0.37557339668273931 9.8333334922790545 0.95916664600372326 0.36902521550655371 7.6875658035278329 0.70412456989288341 0.6209508776664735 0.48333333432674414
decision_type=2 2 2 2 2 2 2 2 2 2 2 2 2 2 2 2 2 2 2 2 2 2 2
left_child=1 2 10 4 9 6 19 17 22 -4 -1 -7 -9 -5 15 -15 18 -8 -10 -2 -6 -22 -3
right_child=5 8 3 13 20 11 7 12 16 -11 -12 -13 -14 14 -16 -17 -18 -19 -20 -21 21 -23 -24
leaf_value=0.0063275842242077121 0.0094937594246011503 -0.00042932363574387173 -0.022594957397041492 0.0035185856771489175 0.0024401255165114291 0.016814985432840344 -0.01103328090309747 0 0 0 0 0 0.0042625357989627263 0 0 -0.0062322123509460986 0 0 0.010195343150625463 0 -0.00098006155826955727 0 0
leaf_weight=0.23465679591754485 0.25955258080284727 0.10873945272760455 1.1629361683299069 0.43533754191594176 0.21232240801327851 0.68764319557158149 0.65410838821117046 0.086568880986305885 0.018858220661059022 0.13470352764124971 0.044672706819255836 0.032543971166887786 0.23395311353669968 0.13232484058244154 0.09486240372643806 0.39924711742787622 0.059437718839035369 0.098986340221017599 0.63543042176752351 0.069700138752523344 0.11919618464889936 0.09699397490840056 0.14762030920246616
leaf_count=16 26 35 4409 35 73 1003 585 16 3 23 225 7 60 34 29 69 19 8 271 87 80 47 16
internal_value=0.00123368 -0.00271394 -0.00747503 -0.0108186 -0.0163766 0.00880697 0 -0.0058733 0.00595497 -0.0215429 0.00435958 0.0162228 0.000731626 0 -0.000851807 -0.00405404 0.00917671 -0.0103503 0.00985003 0.00886012 0 0 0
internal_weight=6.1604 4.03734 3.06725 2.78792 1.72615 2.12306 1.40287 1.07362 0.970086 1.29764 0.27933 0.720187 0.320522 1.06177 0.626434 0.531572 0.713726 0.753095 0.654289 0.329253 0.428513 0.21619 0.25636
internal_count=7176 5384 5040 4799 4632 1792 782 669 344 4432 241 1010 76 167 132 103 293 593 274 113 200 127 51
is_linear=0
shrinkage=0.05


Tree=231
num_leaves=21
num_cat=0
split_feature=42 8 58 46 8 53 36 5 38 34 34 31 57 38 48 36 38 45 42 53
split_gain=0.104687 0.102662 0.145256 0.0823336 0.0767677 0.0480709 0.0379082 0.0315778 0.0215209 0.019668 0.0419475 0.0170174 0.00981796 0.00781814 0.00701529 0.00664582 0.00621609 0.00657105 0.00227314 0.00151205
threshold=0.042572464793920524 0.27922078967094427 1.0000000180025095e-35 0.84523808956146251 0.80909091234207164 7.2474184036254892 0.98245075345039379 0.8030899465084077 0.070197045803070082 0.38750000298023229 0.21111111342906955 6.5000000000000009 0.026726067997515205 0.56840464472770702 2.5000000000000004 0.2788888961076737 0.62593284249305736 10.366225242614748 0.14039409160614016 7.5028312206268319
decision_type=2 2 2 2 2 2 2 2 2 2 2 2 2 2 2 2 2 2 2 2
left_child=1 3 6 -1 7 9 8 15 -3 10 12 14 -2 -10 18 -4 17 -12 -11 -7
right_child=5 2 4 -5 -6 19 -8 -9 13 11 16 -13 -14 -15 -16 -17 -18 -19 -20 -21
leaf_value=-0.017311647529418585 0 0 0 0.00030810136893384297 0.002420062372618029 -0.0019505639785453819 0 0 0.013461307207973417 0 -0.0071588706555744874 0 0.0079661018942351804 0 0 -0.015901856169118822 0 0 0.01440292134606036 0
leaf_weight=0.6771590721982651 0.032533008252358608 0.22817706911882885 0.11947538678214176 0.20854638516902924 0.1647780115599744 0.1324980635617975 0.11717185308225442 0.048114544100826606 1.2458354077280089 0.14220155103248533 0.3144272992212791 0.063734206341905408 0.48155775154737057 0.07858670103814791 0.033737565550836623 0.62201442393779871 0.038253918079135474 0.076581442506721942 1.2329294234041297 0.054277643259410979
leaf_count=3756 84 45 52 9 99 14 47 12 341 38 245 16 387 78 8 755 48 45 1039 58
internal_value=0.00131888 -0.00317507 0.00119833 -0.0125481 -0.00814012 0.0079661 0.00945843 -0.0132587 0.0114322 0.0100973 0 0.0126783 0.00677379 0.0129101 0.0135149 -0.0150326 -0.00497645 -0.00605128 0.0138792 -0.000667448
internal_weight=6.11259 3.50986 2.62415 0.885705 0.954382 2.60273 1.66977 0.789604 1.5526 2.41596 0.943353 1.4726 0.514091 1.32442 1.40887 0.74149 0.429263 0.391009 1.37513 0.186776
internal_count=7176 5194 1429 3765 918 1982 511 819 464 1910 809 1101 471 419 1085 807 338 290 1077 72
is_linear=0
shrinkage=0.05


Tree=232
num_leaves=26
num_cat=0
split_feature=39 12 6 5 3 35 9 2 38 9 2 45 35 36 31 5 36 35 6 36 53 31 9 36 35
split_gain=0.100511 0.0859336 0.138573 0.0799693 0.0666459 0.0531556 0.0481067 0.0576986 0.0523003 0.0357197 0.0235397 0.0261586 0.0229759 0.0173521 0.0166944 0.0119614 0.0107465 0.0106149 0.00586302 0.00534232 0.00495856 0.00324991 0.00259014 0.000352181 4.24486e-05
threshold=6.3950443267822275 1.0000000180025095e-35 6.8764495849609384 0.36464461684226995 0.31725417077541357 0.85962820053100597 12.500000000000002 0.38675214350223547 0.90399384498596203 7.5000000000000009 0.26491229236125952 20.332776069641117 0.69501906633377086 0.99137932062149059 6.5000000000000009 0.11215933039784433 0.26876173913478857 0.6711879074573518 6.4953796863555917 0.29061582684516912 7.5028312206268319 1.0000000180025095e-35 4.5000000000000009 0.66384181380271923 0.40618114173412329
decision_type=2 2 2 2 2 2 2 2 2 2 2 2 2 2 2 2 2 2 2 2 2 2 2 2 2
left_child=1 3 6 4 5 17 7 8 -3 13 11 15 -2 19 16 -6 -14 24 -8 -5 -17 22 -4 -9 -1
right_child=12 2 21 9 10 -7 18 23 -10 -11 -12 -13 14 -15 -16 20 -18 -19 -20 -21 -22 -23 -24 -25 -26
leaf_value=9.9624738687051096e-05 0 -0.021257945688903171 0.0055925195392041993 0 0 -0.003083224877434856 -0.0016559342598842391 0 0 0 0 0 0 0 0 -0.014359555363342309 0.014574786520264294 0.010543871111826447 0.0031669054636712713 0.014433700271618072 0 0 0 0.00087235038592359108 -0.0002896620018133046
leaf_weight=0.10051427606958918 0.084456943568511522 1.0078038038955131 0.31764858540554985 0.070855975252925196 0.032034320422098861 0.35743596089741914 0.13729431865795039 0.10325513887801196 0.053170626168139168 0.070006690813897765 0.054405303468229249 0.045410454273223877 0.026566381915472448 0.163444504752988 0.065477779571665451 0.56864665672401316 0.77128305839869427 0.48945055247168057 0.15052487898356048 0.77990260058868444 0.017450125509640202 0.12779564876109362 0.18652355203812476 0.15697624965105206 0.13461549614294199
leaf_count=4 209 1958 81 29 57 26 897 23 11 158 33 1 8 60 19 1994 915 88 9 254 47 93 22 76 104
internal_value=0.00122185 -0.00137704 -0.00770169 0.00296757 -0.00182781 0.00302605 -0.0140095 -0.016505 -0.0194114 0.0103849 -0.0095568 -0.0113884 0.0113342 0.0124872 0.0128497 -0.0131814 0.0139407 0.00897932 0 0.0138975 -0.014004 0.00403808 0.00480551 0 0
internal_weight=6.07295 5.12517 2.24099 2.88417 1.79996 1.08202 1.60903 1.32121 1.06097 1.08421 0.717947 0.663542 0.947784 1.0142 0.863327 0.618131 0.797849 0.72458 0.287819 0.850759 0.586097 0.631968 0.504172 0.260231 0.23513
internal_count=7176 6025 3170 2855 2354 222 2974 2068 1969 501 2132 2099 1151 343 942 2098 923 196 906 283 2041 196 103 99 108
is_linear=0
shrinkage=0.05


Tree=233
num_leaves=24
num_cat=0
split_feature=34 9 6 5 57 38 40 46 3 38 2 2 39 45 8 5 45 57 5 5 25 34 45
split_gain=0.0980346 0.103174 0.0786811 0.0676008 0.0671823 0.0664017 0.0552949 0.0473564 0.0476388 0.042548 0.0304732 0.0198904 0.0195052 0.018792 0.0180293 0.00490286 0.00338909 0.00328991 0.00221817 0.00871073 0.000742595 0.000313293 8.01095e-06
threshold=0.47222222387790685 4.5000000000000009 3.8662848472595219 0.61986863613128673 0.013793759513646366 0.4695423692464829 4.0983333587646493 0.26785714924335485 0.85786435008049022 0.81322672963142406 0.38675214350223547 0.23904761672019961 6.3038835525512704 10.211958885192873 0.70714285969734203 0.52762517333030712 7.6875658035278329 0.013606071937829258 0.71081870794296276 0.37155500054359442 1.0000000180025095e-35 0.32051283121109014 11.629786968231203
decision_type=2 2 2 2 2 2 2 2 2 2 2 2 2 2 2 2 2 2 2 2 2 2 2
left_child=1 7 5 4 17 16 12 8 -1 10 14 13 -7 15 -6 -9 -2 -3 19 -10 -5 -13 -8
right_child=2 3 -4 20 9 6 22 11 18 -11 -12 21 -14 -15 -16 -17 -18 -19 -20 -21 -22 -23 -24
leaf_value=0.011790991405017142 0.0092039568072359666 0 0.015748421450579874 0 -0.019597017414779112 -0.012926874276880022 0.00099496650286854922 -0.0093624542922344269 0 0 0 0 0 0 0 0 0 0.0026618213433359595 0 -0.0045176645730277557 0.0015080558302424439 0.00096273452270702027 0
leaf_weight=0.86947633346790165 0.25554619225295061 0.078781401956803054 0.69578322186498542 0.15645167385446246 1.1428797995704369 0.52005623143850221 0.14014457968733041 0.33539925349032262 0.11630626211626804 0.053937180327920831 0.11218859470682208 0.03113161119108554 0.078330360818654299 0.12827962938899873 0.039318883180385344 0.026129620615392923 0.068981728603830561 0.16082521374482894 0.091890939453151077 0.33871692550019361 0.13138695988163818 0.13513113527733367 0.319605039920134
leaf_count=184 26 199 1010 58 4110 567 19 307 53 14 18 31 31 52 13 2 87 52 72 68 32 119 52
internal_value=0.00123543 -0.00254056 0.00852776 -0.00949181 -0.0128508 0 -0.00575291 0.0031652 0.00763371 -0.0159221 -0.0174881 -0.00224692 -0.0113317 -0.00622969 -0.0188804 -0.0087733 0.00859675 0 0 -0.00195224 0.00074592 0.000480147 0.000871488
internal_weight=6.02668 3.94823 2.07845 1.87577 1.58793 1.38266 1.05814 2.07246 1.41639 1.34832 1.29439 0.656071 0.598387 0.489809 1.1822 0.361529 0.324528 0.239607 0.546914 0.455023 0.287839 0.166263 0.45975
internal_count=7176 5384 1792 4496 4406 782 669 888 377 4155 4141 511 598 361 4123 309 113 251 193 121 90 150 71
is_linear=0
shrinkage=0.05


Tree=234
num_leaves=24
num_cat=0
split_feature=42 35 57 36 5 6 5 35 35 2 34 5 58 48 8 36 6 6 35 36 29 8 48
split_gain=0.0966179 0.131636 0.121584 0.0654918 0.0557644 0.0476685 0.0656313 0.0509455 0.0345821 0.0308013 0.0270452 0.0268231 0.0203382 0.00962541 0.006104 0.004093 0.00278232 0.00196627 0.00174272 0.00259637 0.00113209 0.000540364 3.77677e-05
threshold=0.042572464793920524 0.45421318709850317 0.046804908663034446 0.32037734985351568 0.74388790130615245 3.8662848472595219 0.16463142633438113 0.7399691939353944 0.39164614677429205 0.4083333313465119 0.38750000298023229 0.53158244490623485 1.0000000180025095e-35 2.5000000000000004 0.68333333730697643 0.20204082131385806 7.0446858406066903 4.1066589355468759 0.92269384860992443 0.29708614945411688 10.833333492279055 0.32291667163372045 1.0000000180025095e-35
decision_type=2 2 2 2 2 2 2 2 2 2 2 2 2 2 2 2 2 2 2 2 2 2 2
left_child=1 8 3 16 9 6 10 22 14 -5 18 -8 21 15 -1 -9 -3 -4 19 -2 -17 -10 -7
right_child=5 2 17 4 -6 7 11 13 12 -11 -12 -13 -14 -15 -16 20 -18 -19 -20 -21 -22 -23 -24
leaf_value=-0.003528494579220472 0 0 0 -0.020344310415393169 0 0 -0.010491155233014261 0 0 0 0.0089528086391019428 0 0 0 0 0.017107779902062154 0.0024606214783740045 0.0039354196252431046 0 -0.003014062767236504 0 0.011415998339959646 -0.00029216230445366421
leaf_weight=0.22567596816952595 0.030866990884533374 0.10850563778149114 0.18833674113557197 1.3343656165216087 0.074941374303307273 0.087175366232258855 0.38307238394554577 0.03672745636140462 0.098825004297395935 0.14100649967440393 0.82803711484302767 0.063551068305969238 0.14083873491472332 0.031998333521187305 0.093988232139963657 0.69719347386853769 0.14883297577034682 0.24806517008255469 0.071791455149650574 0.19408024266886059 0.025009165656229015 0.62444235655129887 0.10614451741639641
leaf_count=123 6 206 50 4268 17 37 649 8 59 26 90 1 151 6 20 1021 7 176 1 133 13 91 17
internal_value=0.0013091 -0.00302233 -0.00955994 -0.0144473 -0.017146 0.00774103 0 0.0129398 0.00578386 -0.0189527 0.00609407 -0.00767297 0.00925033 0.0160196 0 0.0165824 0 0.00316775 0 -0.00188593 0.0169347 0.0110484 0
internal_weight=5.98347 3.42782 2.24405 1.80765 1.55031 2.55565 1.5714 0.984248 1.18377 1.47537 1.12478 0.446623 0.864106 0.790928 0.319664 0.75893 0.257339 0.436402 0.296739 0.224947 0.722203 0.723267 0.19332
internal_count=7176 5194 4750 4524 4311 1982 880 1102 444 4294 230 650 301 1048 143 1042 213 226 140 139 1034 150 54
is_linear=0
shrinkage=0.05


Tree=235
num_leaves=24
num_cat=0
split_feature=49 3 5 21 9 53 48 40 39 35 37 5 57 29 37 3 37 5 53 8 45 48 57
split_gain=0.0956631 0.127247 0.109885 0.074312 0.0606799 0.0461427 0.0480553 0.0283559 0.0252266 0.0223996 0.0150986 0.0141998 0.0194349 0.00867753 0.00813871 0.0061888 0.00435893 0.00421915 0.00240807 0.00235085 0.00241182 0.0017151 0.00031219
threshold=0.18333333730697635 0.57669684290885936 0.70381036400794994 1.0000000180025095e-35 7.5000000000000009 1.0000000180025095e-35 1.0000000180025095e-35 6.0360043048858651 6.8764495849609384 0.38585758209228521 0.70074626803398143 0.32240143418312078 0.015504807699471714 14.583333492279055 0.26876173913478857 0.66807910799980175 0.51887464523315441 0.073350071907043471 7.5028312206268319 0.63392856717109691 23.220308303833011 1.5000000000000002 0.048039147630333907
decision_type=2 2 2 2 2 2 2 2 2 2 2 2 2 2 2 2 2 2 2 2 2 2 2
left_child=1 5 3 11 9 6 16 8 15 -2 -8 17 -13 21 -14 -5 -1 -3 -17 20 22 -11 -19
right_child=4 2 -4 7 -6 -7 10 -9 -10 13 -12 12 14 -15 -16 18 -18 19 -20 -21 -22 -23 -24
leaf_value=0 0 0 0.0041763950383636537 0 -0.0006297415484650638 -0.002569361165208504 0 0 0 0.015388900041319481 0.011833280316923322 0 0 0 0.0079498875684659472 -0.020339046457940768 -0.0028848139235057419 -0.0057243644957563206 0 0 0 0 0
leaf_weight=0.1278585753716478 0.095952816074713954 0.028676327379799305 0.28374958419590246 0.15842934260581376 0.11342215298645886 0.17890906183311006 0.20342070914193744 0.078862977603421425 0.034392296394798794 0.99081073071283732 1.4411527803022179 0.089119296624630806 0.025195401303790277 0.02799248881638039 0.37636670972824504 1.0520919293394397 0.30943641074190964 0.24148356375553703 0.024942806419858132 0.011319290206301957 0.010461756959557533 0.025394519470864907 0.010251718529616483
leaf_count=71 12 20 194 165 46 73 284 99 24 1002 479 264 11 2 225 1187 332 2633 26 5 1 13 8
internal_value=0.00135099 -0.00154667 -0.00863412 -0.0127121 0.0102815 0.00483942 0.00772561 -0.0171828 -0.0183504 0.0134903 0.010723 0 0.00348004 0.0147622 0.00689546 -0.0192387 0 -0.00366028 -0.0201447 -0.00468848 -0.00518027 0.015222 -0.00564592
internal_weight=5.93969 4.68612 2.42534 2.14159 1.25357 2.26078 2.08187 1.34872 1.26986 1.14015 1.64457 0.792874 0.490681 1.0442 0.401562 1.23546 0.437295 0.302193 1.07703 0.273516 0.262197 1.01621 0.251735
internal_count=7176 6101 4862 4668 1075 1239 1166 1501 1402 1029 763 3167 500 1017 236 1378 403 2667 1213 2647 2642 1015 2641
is_linear=0
shrinkage=0.05


Tree=236
num_leaves=23
num_cat=0
split_feature=6 4 14 8 25 6 57 38 8 9 36 4 47 36 46 57 6 36 46 12 4 8
split_gain=0.0930094 0.157074 0.0744783 0.0486294 0.0446468 0.0439985 0.0319735 0.0315334 0.024799 0.0237279 0.0231047 0.0218074 0.0208112 0.0205273 0.0179869 0.00950791 0.00981329 0.00561412 0.00522943 0.00440427 0.00427907 0.000812995
threshold=6.4953796863555917 0.31725417077541357 1.0000000180025095e-35 0.63392856717109691 1.0000000180025095e-35 5.1758511066436776 0.065070353448390975 0.070197045803070082 0.240384615957737 9.5000000000000018 0.90661337971687328 0.67474776506423961 0.63333335518836986 0.96824595332145702 0.58571431040763866 0.043284084647893913 5.3955342769622812 0.29708614945411688 0.26785714924335485 1.0000000180025095e-35 0.40472652018070226 0.63392856717109691
decision_type=2 2 2 2 2 2 2 2 2 2 2 2 2 2 2 2 2 2 2 2 2 2
left_child=1 9 7 11 5 6 -3 -2 -9 10 12 -4 18 -12 17 16 -7 -13 -1 -6 -10 -18
right_child=2 4 3 -5 19 15 -8 8 20 -11 13 14 -14 -15 -16 -17 21 -19 -20 -21 -22 -23
leaf_value=0.0022201089576271826 0 -0.018110180663351096 0 0.0066448467300390616 0.0029067064168736981 0 0 0 0 0 -0.0049663518500168286 0 0.012460366273270018 0.0040806716853431539 0 0.0029955253365674555 -0.0056454088723818414 -0.010573384834438718 -0.0024232855458267495 -0.00084151338130446977 0.017717243200047035 0
leaf_weight=0.27881039482599612 0.14877997490111738 0.96967418293934338 0.18152162722253706 0.32607902027666569 0.20620178786339227 0.10040492807456747 0.083799980231560767 0.13790112539572874 0.014995414880104363 0.084981861546111648 0.26109000807628024 0.10063504647405352 0.61840034363558516 0.21390974950918462 0.058193154996843077 0.20910595289751654 0.23894476003442833 0.57914533731673146 0.15294868971250253 0.15731894716736861 0.74391885931254365 0.036397889023646712
leaf_count=45 20 4642 34 526 46 73 5 35 7 170 47 13 79 50 105 34 468 128 60 43 539 7
internal_value=0.00126878 -0.00271289 0.0079821 0 -0.0107122 -0.0131479 -0.0166033 0.0139116 0.01582 0.00561061 0.0074853 -0.00572997 0.00985828 0 -0.00822379 0 -0.00306455 -0.00983582 0 0 0.0174683 -0.00541917
internal_weight=5.90316 3.61199 2.29117 1.24557 2.00185 1.63833 1.05347 1.0456 0.896815 1.61014 1.52516 0.919495 1.05016 0.475 0.737974 0.584854 0.375748 0.67978 0.431759 0.363521 0.758914 0.275343
internal_count=7176 5769 1407 806 5318 5229 4647 601 581 451 281 280 184 97 246 582 548 141 105 89 546 475
is_linear=0
shrinkage=0.05


Tree=237
num_leaves=24
num_cat=0
split_feature=6 20 3 38 29 37 25 34 8 37 57 38 37 37 57 37 48 38 57 38 8 38 57
split_gain=0.0912771 0.232014 0.150076 0.118185 0.0610228 0.0567837 0.0396829 0.0334131 0.0324102 0.0301221 0.0222254 0.0213391 0.018929 0.0146347 0.0141841 0.0119958 0.0107152 0.00819409 0.00861274 0.00727164 0.00354466 0.00283683 0.00206369
threshold=3.877779603004456 1.0000000180025095e-35 1.0000000180025095e-35 0.13397436589002612 10.583333492279055 0.31180556118488317 1.0000000180025095e-35 0.41428571939468389 0.61250001192092907 0.91010102629661571 0.065070353448390975 0.070197045803070082 0.96824595332145702 0.20204082131385806 0.032927904278039939 0.20204082131385806 2.5000000000000004 0.65978723764419567 0.063595164567232146 0.11696306616067888 0.61250001192092907 0.70638945698738109 0.032154673710465438
decision_type=2 2 2 2 2 2 2 2 2 2 2 2 2 2 2 2 2 2 2 2 2 2 2
left_child=2 3 7 11 13 -5 10 17 14 -9 -4 20 -11 -3 21 -13 -15 18 -1 -17 22 -7 -2
right_child=1 4 6 5 -6 8 -8 9 -10 12 -12 15 -14 16 -16 19 -18 -19 -20 -21 -22 -23 -24
leaf_value=-0.0059120981803779836 -0.0033778120887423694 0 -0.018195964464623852 0 0 -0.017521443893707231 0 0.011168480689588242 0 -0.0051718181210126763 0 0 0.0035091415999950457 0.020350648249076699 0 0.0095684062593064372 0 0 0 0 0.00013052766791931715 0 0
leaf_weight=0.24367631343193374 0.22720229877813858 0.021956129057798868 0.71698723179724755 0.16311069705261594 0.12075973642458837 0.7507123351078917 0.08328389983944362 0.49851442569342908 0.15582268330035731 0.22078215569490567 0.071450674906373024 0.064751705678645521 0.19127971222042106 1.2782584952801697 0.018612898471474182 0.6265512808568019 0.034476702334359177 0.079981352653703652 0.03995838388800621 0.071706350343447411 0.11406268534483388 0.018575342684925999 0.051918886951170862
leaf_count=194 104 7 3966 44 117 972 5 54 46 24 2 26 40 1264 9 175 7 6 2 66 34 6 6
internal_value=0.00128347 0.00602784 -0.00465111 -0.00270484 0.017214 -0.011361 -0.0148672 0.00360358 -0.0145924 0.00764316 -0.0169351 0.0046887 0 0.0194163 -0.0166378 0.00755951 0.0199096 -0.00103226 -0.00413409 0.00877406 0 -0.0173139 -0.00262927
internal_weight=5.86439 3.71848 2.14591 2.26303 1.45545 1.10683 0.871722 1.27419 0.943723 0.910576 0.788438 1.15619 0.412062 1.33469 0.787901 0.763009 1.31274 0.363616 0.283635 0.698258 0.393184 0.769288 0.279121
internal_count=7176 2883 4293 1488 1395 1077 3973 320 1033 118 3968 411 64 1278 987 267 1271 202 196 241 144 978 110
is_linear=0
shrinkage=0.05


Tree=238
num_leaves=26
num_cat=0
split_feature=6 13 57 39 2 6 20 3 2 35 5 57 40 57 34 53 36 35 6 57 57 36 46 35 29
split_gain=0.0896436 0.116776 0.0605588 0.0790865 0.042257 0.0412217 0.0525182 0.0477679 0.0358519 0.0316239 0.0242382 0.0231904 0.0193333 0.0226364 0.0403344 0.018638 0.00748561 0.006244 0.00404481 0.00327087 0.00236196 0.00216998 0.00110107 0.00077293 0.000329601
threshold=6.7326085567474374 1.0000000180025095e-35 0.013793759513646366 6.3038835525512704 0.19523809850215915 3.877779603004456 1.0000000180025095e-35 1.0000000180025095e-35 0.38675214350223547 0.95719459652900707 0.53158244490623485 0.065070353448390975 2.8194408416748051 0.063372347503900542 0.47222222387790685 7.2474184036254892 0.20204082131385806 0.43191786110401159 6.4953796863555917 0.046804908663034446 0.032663283869624145 0.86996778845787059 0.26785714924335485 0.78642225265502941 3.8333333730697636
decision_type=2 2 2 2 2 2 2 2 2 2 2 2 2 2 2 2 2 2 2 2 2 2 2 2 2
left_child=1 2 18 8 19 7 17 12 9 -4 11 -9 -3 14 22 16 -6 21 -1 -2 -19 -7 -14 -5 -25
right_child=4 5 3 23 15 6 -8 10 -10 -11 -12 -13 13 -15 -16 -17 -18 20 -20 -21 -22 -23 -24 24 -26
leaf_value=0 -0.0026548906825236947 0 -0.020258975983490926 0 0 0 0.012954548353983643 -0.012175132274272459 0 0 0 0 0 0 0.012706789222132973 0 0.012965067047006696 -0.0042043287757067777 0.0029803296654173431 0 0 0.0022085423946818757 -0.0015589467271090486 0.0015468731527894675 0
leaf_weight=0.063861572201858396 0.16014020082366176 0.093137414907687566 0.93440281468247099 0.04448257925469068 0.049603555176872649 0.095311219934956171 0.61313742386846548 0.45062561880695284 0.17494245204579784 0.03342464379966259 0.068756233347812667 0.044563677161931992 0.083447955170413479 0.207459383062087 0.41743466071784496 0.055456376256188267 1.2881873142468974 0.20704510559880873 0.14197732254979201 0.082622828893363476 0.014977192669903161 0.14884130796417594 0.13263643311802298 0.15191768425574992 0.053210342244710773
leaf_count=160 63 35 2632 164 8 55 215 2082 58 7 7 1 20 23 17 26 1054 331 3 18 5 12 65 75 40
internal_value=0.00122952 -0.00200132 -0.0103096 -0.013368 0.00900337 0.00319468 0.00818852 -0.000239357 -0.0170819 -0.0190599 -0.00785351 -0.0102489 0.00345612 0.00622921 0.00885295 0.011551 0.0125108 0 0.000161446 0 -0.00355354 0.000378993 0 0 0.00126626
internal_weight=5.8116 4.17559 1.59822 1.39238 1.63601 2.57737 1.07931 1.49806 1.14277 0.967827 0.563946 0.495189 0.934116 0.840978 0.633519 1.39325 1.33779 0.466175 0.205839 0.242763 0.222022 0.244153 0.216084 0.249611 0.205128
internal_count=7176 6007 3139 2976 1169 2868 618 2250 2697 2639 2090 2083 160 125 102 1088 1062 403 163 81 336 67 85 279 115
is_linear=0
shrinkage=0.05


Tree=239
num_leaves=25
num_cat=0
split_feature=29 26 8 57 49 21 9 35 57 6 9 6 57 29 48 3 31 59 39 8 57 45 9 29
split_gain=0.0875205 0.0680252 0.0922425 0.0760676 0.045389 0.0403214 0.034092 0.0239029 0.0227115 0.0224581 0.0189483 0.0176055 0.0143232 0.00920646 0.0068297 0.00563258 0.00558699 0.00437388 0.00378617 0.00375501 0.00317797 0.00284865 0.00113913 6.27502e-05
threshold=3.1666666269302373 1.0000000180025095e-35 0.45804196596145635 0.013793759513646366 0.90000000596046459 1.0000000180025095e-35 9.5000000000000018 0.89848890900611889 0.015504807699471714 6.7326085567474374 5.5000000000000009 3.877779603004456 0.063595164567232146 3.8333333730697636 2.5000000000000004 0.8944838047027589 2.5000000000000004 1.0000000180025095e-35 6.8764495849609384 0.70714285969734203 0.013606071937829258 12.061657428741457 1.0000000180025095e-35 4.4166667461395273
decision_type=2 2 2 2 2 2 2 2 2 2 2 2 2 2 2 2 2 2 2 2 2 2 2 2
left_child=11 5 3 20 17 6 8 9 -2 12 -4 -1 21 -10 22 19 -15 -5 -19 -12 -3 -7 -13 -9
right_child=1 2 10 4 -6 7 -8 23 13 -11 15 14 -14 16 -16 -17 -18 18 -20 -21 -22 -23 -24 -25
leaf_value=0 0 0 0.0053593322241214788 0 0 -0.010584907469153765 0 0 0 0 -0.0044692074849773883 0 0 0.013993525308797517 0 0 0 -0.019430598863648618 0 0 0.0026314720477815263 0 0.01243899146306812 0.0024231474223193445
leaf_weight=0.38038719690302947 0.044291243879342579 0.057882591645466497 0.62847352159587877 0.079103306026808928 0.2008663095330121 0.36983964330465824 0.082521096512209624 0.082824924116721377 0.14501693734200671 0.22721390184597112 0.28794179748365423 0.17586071134428494 0.034068227745592594 0.57298906639698544 0.028628855128772557 0.18005507942871191 0.09633554932406696 0.87936287537922908 0.032871450624952558 0.040234754662378691 0.14887940083644935 0.036565840338880662 0.78619451921258587 0.17158011578430887
leaf_count=123 129 133 339 293 45 305 558 31 19 46 160 49 4 416 4 47 166 3245 42 10 34 11 938 29
internal_value=0.0011994 -0.00172693 -0.00665458 -0.0126768 -0.016205 0.00321484 0.00815291 -0.00084344 0.0107367 -0.00571152 0.000881205 0.00946553 -0.00876036 0.0122224 0.0113502 -0.00122306 0.0132722 -0.0186031 -0.019134 -0.00350724 9.39502e-05 -0.0102012 0.0118071 0.00231493
internal_weight=5.76999 4.39892 2.53567 1.39897 1.1922 1.86325 0.941154 0.922093 0.858633 0.667688 1.13671 1.37107 0.440474 0.814342 0.990684 0.508232 0.669325 0.991338 0.912234 0.328177 0.206762 0.406405 0.962055 0.254405
internal_count=7176 6062 4348 3792 3625 1714 1288 426 730 366 556 1114 320 601 991 217 582 3580 3287 170 167 316 987 60
is_linear=0
shrinkage=0.05


Tree=240
num_leaves=20
num_cat=0
split_feature=42 6 46 8 57 56 53 14 49 9 31 35 35 48 35 35 37 35 8
split_gain=0.086994 0.128611 0.0868151 0.0603707 0.0598492 0.0657672 0.0458749 0.0374011 0.0329672 0.0175728 0.0136371 0.012992 0.00731864 0.00655731 0.00430379 0.00969366 0.00990337 0.00180833 0.000287592
threshold=0.20991431921720508 6.4953796863555917 0.81666666269302379 0.39230769872665411 0.047378849238157279 1.0000000180025095e-35 7.2474184036254892 1.0000000180025095e-35 0.26785714924335485 9.5000000000000018 6.5000000000000009 0.38585758209228521 0.6711879074573518 2.5000000000000004 0.50167974829673778 0.71297150850296032 0.38742592930793768 0.39164614677429205 0.42261904478073126
decision_type=2 2 2 2 2 2 2 2 2 2 2 2 2 2 2 2 2 2 2
left_child=1 2 4 -3 5 -1 9 11 -7 10 12 -5 -2 -14 17 16 -16 -9 -6
right_child=6 3 -4 7 18 8 -8 14 -10 -11 -12 -13 13 -15 15 -17 -18 -19 -20
leaf_value=0 0 -0.0036699110919302239 0.0019505126563332574 0 0 -0.021624882934573857 -0.00035165816596688143 0 0 0 0 0.014158830718588228 0.012551632503098459 0 0 0 -0.0063255183430825611 0.0029579161924808035 0.00080022114774864887
leaf_weight=0.073407933115959501 0.037622943036695111 0.2356254656369855 0.24968391499714915 0.081545314751565234 0.14571043062460365 0.92767784516763618 0.16731477624853131 0.12891967175528407 0.37469455972313881 0.03651981365692325 0.058911806147079804 0.58181217643141281 1.7073845926570355 0.03089114721660724 0.099853310617618263 0.094184449451859109 0.33279137239878764 0.25095857541600708 0.12278538424288854
leaf_count=1 31 107 25 7 82 4943 59 13 46 194 15 176 1203 7 11 136 65 48 7
internal_value=0.00120671 -0.00244192 -0.0100571 0.00450107 -0.0138194 -0.0165993 0.00809813 0.00862361 -0.0188609 0.0104543 0.0112338 0.0130812 0.011881 0.0122384 0 -0.00168506 -0.00446562 0.00215768 0
internal_weight=5.7383 3.69965 1.89396 1.80569 1.64428 1.37578 2.03865 1.57006 1.30237 1.87133 1.83481 0.663357 1.7759 1.73828 0.906707 0.526829 0.432645 0.379878 0.268496
internal_count=7176 5667 5104 563 5079 4990 1509 456 4989 1450 1256 183 1241 1210 273 212 76 61 89
is_linear=0
shrinkage=0.05


Tree=241
num_leaves=23
num_cat=0
split_feature=8 58 8 3 5 35 34 45 5 36 9 9 36 6 35 57 45 6 57 36 36 57
split_gain=0.0844681 0.115631 0.118815 0.109851 0.121927 0.0356948 0.0308935 0.0300659 0.0286819 0.0280984 0.025497 0.0189806 0.0176578 0.0133776 0.00831779 0.00849442 0.00799153 0.00557126 0.00523675 0.00842532 0.0010192 0.000146638
threshold=0.63392856717109691 1.0000000180025095e-35 0.240384615957737 1.0000000180025095e-35 0.44504831731319433 0.3985219299793244 0.41428571939468389 20.332776069641117 0.77664399147033703 0.91010102629661571 13.500000000000002 7.5000000000000009 0.96824595332145702 7.0446858406066903 0.92269384860992443 0.063595164567232146 11.750807762145998 5.2347426414489755 0.064049512147903456 0.98245075345039379 0.25760369002819067 0.064080443233251586
decision_type=2 2 2 2 2 2 2 2 2 2 2 2 2 2 2 2 2 2 2 2 2 2
left_child=1 2 3 6 7 -4 14 -5 13 -8 18 17 -11 16 15 -1 -3 -2 19 20 -7 -20
right_child=11 8 5 4 -6 10 9 -9 -10 12 -12 -13 -14 -15 -16 -17 -18 -19 21 -21 -22 -23
leaf_value=-0.0058956902103782646 0 -0.01576711004523686 0 -0.019000469065075753 0.003153447805539911 0 0.010752101359421597 0 0 -0.0050230512561618736 0 0 0.0033635274079087253 0 0 0 0 0.013204542645787801 0 0 0.014050240337560211 0.00057402083598461244
leaf_weight=0.24329102990304841 0.023233312764204928 0.59929592509433849 0.11580936106474826 0.83521042934808043 0.18530633532645879 0.025160553166642674 0.48814236249017995 0.10220941482111812 0.0469353603257332 0.21718068749760278 0.04761066855280649 0.034845031404984184 0.18743635395367164 0.105187645269325 0.075055318884551525 0.039464673027396202 0.014221783247194253 0.58020934984961059 0.091445827216375508 0.18291342379234254 1.3494917698917559 0.11257653911889065
leaf_count=198 12 1013 29 4013 44 12 54 5 26 24 103 23 40 16 2 2 19 876 6 48 393 218
internal_value=0.00115327 -0.000989625 0.00206334 -0.0036713 -0.0117756 0.00968086 0.00338229 -0.0174119 -0.0124223 0.00733356 0.0113731 0.011433 0 -0.0141509 -0.000934292 -0.00413942 -0.015298 0.0127729 0.0124363 0.0131193 0.0139372 0
internal_weight=5.70223 5.06395 4.2983 2.3733 1.12273 1.92501 1.25057 0.93742 0.765641 0.892759 1.8092 0.638288 0.404617 0.718705 0.357811 0.282756 0.613518 0.603443 1.76159 1.55757 1.37465 0.204022
internal_count=7176 6265 5191 4382 4062 809 320 4018 1074 118 780 911 64 1048 202 200 1032 888 677 453 405 224
is_linear=0
shrinkage=0.05


Tree=242
num_leaves=25
num_cat=0
split_feature=39 35 20 39 8 36 35 2 36 35 57 35 34 36 58 31 31 6 36 8 57 6 3 3
split_gain=0.081938 0.0751902 0.0777406 0.192821 0.0865396 0.053178 0.0460102 0.0392586 0.034348 0.0315536 0.0263576 0.0239364 0.023222 0.0167236 0.0162653 0.0154642 0.0133495 0.011911 0.0088289 0.00507233 0.00332816 0.00230448 9.12197e-05 3.16029e-05
threshold=6.2203564643859872 0.44773148000240331 1.0000000180025095e-35 4.5713708400726327 0.43650794029235845 0.31180556118488317 0.60780400037765514 0.4083333313465119 0.96824595332145702 0.39164614677429205 0.026246013119816784 0.69501906633377086 0.63068181276321422 0.29061582684516912 1.0000000180025095e-35 2.5000000000000004 6.5000000000000009 6.7326085567474374 0.26876173913478857 0.68333333730697643 0.04538575932383538 6.8764495849609384 1.0000000180025095e-35 1.0000000180025095e-35
decision_type=2 2 2 2 2 2 2 2 2 2 2 2 2 2 2 2 2 2 2 2 2 2 2 2
left_child=1 9 5 6 8 21 -4 -7 12 19 -8 -2 13 -5 -11 -12 18 -15 -13 -1 -20 -3 -14 -10
right_child=11 2 3 4 -6 7 10 -9 23 14 15 16 22 17 -16 -17 -18 -19 20 -21 -22 -23 -24 -25
leaf_value=-0.0032287197452005138 0 0 0 0 0.0029932114797711945 -0.017602324577118002 0 0 0.00026650444556635192 0.01047917980302796 0.017659082162914144 0 0.00032993572249724948 -0.018652670321125608 0 0 0 0 0 0 0.013069377088184892 0.0022434072672817022 -0.00031104625107394949 0
leaf_weight=0.21642838745901805 0.092817618957269477 0.092901787054870733 0.091600732388542716 0.038252611891948396 0.17826530076854386 0.81287584407982649 0.034984544270628248 0.16652071755379438 0.1123921779799274 0.66690770883724326 0.66921546228149964 0.025773447065148281 0.10214808234013617 0.73143112673642463 0.12875208190598642 0.020761912110174308 0.060658840287942439 0.032373704598285258 0.01565912421210669 0.089583236491307616 0.90283947242278373 0.14471305464394391 0.11702654457621975 0.11317026978576905
leaf_count=122 337 100 248 53 215 1377 454 29 18 133 400 10 6 1957 138 297 19 6 82 20 958 9 42 146
internal_value=0.00112034 -0.00145602 -0.00552823 0 -0.00864165 -0.0122117 0.0128714 -0.0153033 -0.0131224 0.00549679 0.0155291 0.00979869 -0.0152937 -0.0171628 0.00890473 0.016886 0.0114152 -0.0180181 0.01231 0 0.0128482 0 0 0
internal_weight=5.65805 4.56031 3.45863 2.24162 1.42506 1.21701 0.816563 0.979397 1.24679 1.10167 0.724962 1.09775 1.02123 0.802057 0.79566 0.689977 1.00493 0.763805 0.944272 0.306012 0.918499 0.237615 0.219175 0.225562
internal_count=7176 5770 5357 3842 2443 1515 1399 1406 2228 413 1151 1406 2064 2016 271 697 1069 1963 1050 142 1040 109 48 164
is_linear=0
shrinkage=0.05


Tree=243
num_leaves=25
num_cat=0
split_feature=49 3 5 21 9 53 48 40 38 39 35 36 5 57 29 3 36 5 36 53 8 45 48 57
split_gain=0.0824854 0.110276 0.0992393 0.0634468 0.0540554 0.040299 0.0410247 0.0250554 0.0248423 0.0237416 0.0200411 0.0122724 0.0100348 0.0162405 0.00783233 0.00775128 0.00688119 0.00335899 0.00308007 0.0025024 0.00187572 0.00201087 0.00130957 0.000220717
threshold=0.18333333730697635 0.57669684290885936 0.70381036400794994 1.0000000180025095e-35 7.5000000000000009 1.0000000180025095e-35 1.0000000180025095e-35 6.0360043048858651 1.0000000180025095e-35 6.8764495849609384 0.38585758209228521 0.70074626803398143 0.32240143418312078 0.015504807699471714 14.583333492279055 0.66807910799980175 0.26876173913478857 0.073350071907043471 0.51887464523315441 7.5028312206268319 0.63392856717109691 23.220308303833011 1.5000000000000002 0.048039147630333907
decision_type=2 2 2 2 2 2 2 2 2 2 2 2 2 2 2 2 2 2 2 2 2 2 2 2
left_child=1 5 3 12 10 6 18 8 -5 15 -2 -8 17 -14 22 -10 -15 -3 -1 -17 21 23 -12 -19
right_child=4 2 -4 7 -6 -7 11 -9 9 -11 14 -13 13 16 -16 19 -18 20 -20 -21 -22 -23 -24 -25
leaf_value=0 0 0 0.0037714722442788468 0 -0.00040366165725791951 -0.0022992292764180211 0 0 0 0 0.014566576079055494 0.010999077842504444 0 0 0 -0.020568324659480108 0.0072211976750411744 -0.0050467274684558618 -0.00244351659607341 0 0 0 0 0
leaf_weight=0.11880137241678346 0.092427625437266903 0.026610397504555849 0.26780419975693792 0.037150408257730194 0.10839218740875356 0.17250727188002191 0.1937950415740487 0.074369633635797183 0.15080877073341958 0.032131660787854233 0.92586736293742433 1.3820778307672297 0.084838531307468656 0.023692884573392803 0.0266311876475811 0.95550491129688453 0.35031350295503216 0.22278749219731253 0.28964330428061658 0.023916154132166412 0.010405848268419504 0.0099865542724728584 0.023707371059572324 0.0095200069335987791
leaf_count=71 12 20 194 8 46 73 284 99 164 24 1002 479 264 11 2 1180 225 2633 332 26 5 1 13 8
internal_value=0.00110577 -0.00158018 -0.00835356 -0.0123438 0.00960216 0.00437383 0.00720543 -0.0164799 -0.0175854 -0.0185279 0.0127386 0.00999835 0 0.00293991 0.0139719 -0.019399 0.00622304 -0.00312309 0 -0.0203662 -0.0040822 -0.00453637 0.0144196 -0.00498246
internal_weight=5.61369 4.43667 2.27984 2.01204 1.17703 2.15682 1.98432 1.27388 1.19951 1.16236 1.06863 1.57587 0.738155 0.458845 0.976206 1.13023 0.374006 0.27931 0.408445 0.979421 0.2527 0.242294 0.949575 0.232307
internal_count=7176 6101 4862 4668 1075 1239 1166 1501 1402 1394 1029 763 3167 500 1017 1370 236 2667 403 1206 2647 2642 1015 2641
is_linear=0
shrinkage=0.05


Tree=244
num_leaves=26
num_cat=0
split_feature=47 6 13 57 39 9 35 6 2 2 45 57 36 42 35 31 36 33 36 36 6 48 35 38 42
split_gain=0.0808935 0.078872 0.0843871 0.0734445 0.0619661 0.0566853 0.0532288 0.0425243 0.0324207 0.0317662 0.0323061 0.020286 0.0168948 0.0117431 0.0111029 0.0107033 0.0114256 0.011738 0.0106446 0.00560392 0.00321751 0.00296807 0.000765667 0.000539864 0.000163286
threshold=0.81666666269302379 6.7326085567474374 1.0000000180025095e-35 0.013793759513646366 4.5713708400726327 9.5000000000000018 0.89848890900611889 4.1066589355468759 0.19523809850215915 0.4083333313465119 16.963909149169925 0.026246013119816784 0.99137932062149059 0.59687501192092907 0.92269384860992443 6.5000000000000009 0.26876173913478857 1.0000000180025095e-35 0.31180556118488317 0.20204082131385806 6.4953796863555917 1.5000000000000002 0.67222318053245556 0.12060606107115747 0.5313725769519807
decision_type=2 2 2 2 2 2 2 2 2 2 2 2 2 2 2 2 2 2 2 2 2 2 2 2 2
left_child=1 2 3 20 5 11 7 13 22 10 14 23 19 -6 24 16 -2 21 -13 -10 -1 -18 -3 -4 -5
right_child=15 8 4 9 6 -7 -8 -9 12 -11 -12 18 -14 -15 -16 -17 17 -19 -20 -21 -22 -23 -24 -25 -26
leaf_value=0 0 -0.0013897131780793181 0.00051897585234794642 -0.020110605841940295 -0.014598042687934833 -0.001798691548585086 0.0017513561857295625 0 0 0 0 0 0 0 0 0 0.012682934688197665 0 0.013951890468626885 0.0099118605523554407 0.0026600164984164499 0 0 -0.00096438432018766153 0
leaf_weight=0.061827620778785897 0.036936569311364797 0.13023375980264962 0.14278869052213827 0.81132670114675398 0.51746528370313183 0.14069623116120056 0.23851950914831832 0.14439722146562417 0.046295248437672742 0.15526605772902258 0.036250434059184045 0.023323078137764242 0.12054476249613788 0.017791595309972763 0.036857586761470884 0.060207657719729468 0.79865892561792862 0.071058517045457847 0.60195915985241299 1.0008961463900048 0.13682051419164054 0.054032499043387361 0.069571165629895404 0.12024191762793635 0.0059990041409037067
leaf_count=160 34 54 34 2794 1429 648 49 54 5 49 7 21 90 1 8 20 776 80 296 359 3 20 16 162 7
internal_value=0.00103254 -0.00146983 -0.00597502 -0.0126757 0 0.00689569 -0.00551939 -0.0105714 0.00501517 -0.0163105 -0.0181629 0.0111439 0.00804589 -0.0138387 -0.019491 0.00987926 0.0106885 0.011458 0.0132472 0.00944351 0 0.0123353 -0.000473197 0 -0.0200718
internal_weight=5.57997 4.55907 3.19153 1.24435 1.94718 1.02901 0.918174 0.679654 1.36754 1.0457 0.890434 0.888313 1.16774 0.535257 0.854183 1.02089 0.960687 0.92375 0.625282 1.04719 0.198648 0.852691 0.199805 0.263031 0.817326
internal_count=7176 6246 5722 3028 2694 1161 1533 1484 524 2865 2816 513 454 1430 2809 930 910 876 317 364 163 796 70 196 2801
is_linear=0
shrinkage=0.05


Tree=245
num_leaves=24
num_cat=0
split_feature=29 34 5 57 8 42 12 37 40 34 37 14 37 6 5 6 29 6 3 9 6 9 40
split_gain=0.0793651 0.0628364 0.0782637 0.0490874 0.0647361 0.0752257 0.038457 0.0344995 0.0299026 0.038876 0.0283856 0.0260469 0.0165612 0.0163068 0.00850661 0.00633028 0.00511415 0.00284671 0.00223493 0.000571768 0.00019584 0.000148293 0.0001221
threshold=3.1666666269302373 0.47222222387790685 0.50781443715095531 0.013793759513646366 0.5634920895099641 0.35092592239379888 1.0000000180025095e-35 0.88047617673873912 2.7496963739395146 0.68333333730697643 0.9740215837955476 1.0000000180025095e-35 0.96824595332145702 3.877779603004456 0.75204917788505565 5.8278791904449472 3.4166666269302373 6.4953796863555917 0.75694981217384349 5.5000000000000009 5.2954230308532724 1.0000000180025095e-35 2.7496963739395146
decision_type=2 2 2 2 2 2 2 2 2 2 2 2 2 2 2 2 2 2 2 2 2 2 2
left_child=13 2 3 17 5 -5 10 8 -3 18 -4 -8 15 -1 -13 16 -9 -2 -10 22 -6 -15 -14
right_child=1 7 6 4 20 -7 11 12 9 -11 -12 14 19 21 -16 -17 -18 -19 -20 -21 -22 -23 -24
leaf_value=0 0 0 0.010198070914078167 -0.019489580925141584 0 0 0.00070244228893018258 0 0.014115147374326734 0 0 -0.0085808990881413479 0 0 0 0 -0.0073119271969887632 0.0024988533718194581 0 0 0.00064712379603499084 0.011369738905364413 0.0017985797951100488
leaf_weight=0.36839070831047116 0.08290847323223749 0.070037246827268751 0.4958843605018044 1.1205043307963931 0.036233006234397069 0.20876035772744206 0.17789678700137301 0.021837421925738454 0.49687529116636142 0.12615512985212263 0.085759169349330477 0.34692115151483449 0.024918430459365482 0.17043756703060353 0.043111962077091448 0.024851379857864231 0.27605620173562784 0.13973018855904229 0.078935828674730146 0.026839685928280232 0.16913830977136968 0.77494247159484075 0.17379048762086313
leaf_count=123 244 260 124 4186 65 116 58 2 80 25 14 162 25 49 39 61 246 5 126 74 46 942 104
internal_value=0.00100054 -0.00178475 -0.00596518 -0.0109869 -0.0134064 -0.0162807 0.000925268 0.00386843 0.00825317 0.0107164 0.00731399 -0.00292053 -0.000419004 0.00902147 -0.00748658 -0.00547239 -0.00653558 0 0.0136276 0.00129725 0 0.0108515 0.00170675
internal_weight=5.54092 4.22715 2.90685 1.75727 1.53464 1.32926 1.14957 1.3203 0.772003 0.701966 0.581644 0.56793 0.548294 1.31377 0.390033 0.322745 0.297894 0.222639 0.575811 0.225549 0.205371 0.94538 0.198709
internal_count=7176 6062 5059 4662 4413 4302 397 1003 491 231 138 259 512 1114 201 309 248 249 206 203 111 991 129
is_linear=0
shrinkage=0.05


Tree=246
num_leaves=20
num_cat=0
split_feature=8 58 8 3 5 35 34 45 5 29 37 9 37 6 35 57 45 6 37
split_gain=0.076925 0.103153 0.108464 0.100823 0.112571 0.0334607 0.0276565 0.0273524 0.026894 0.0260884 0.0241921 0.0178535 0.0154709 0.0125427 0.00739543 0.00789249 0.00737939 0.00521972 0.00077676
threshold=0.63392856717109691 1.0000000180025095e-35 0.240384615957737 1.0000000180025095e-35 0.44504831731319433 0.3985219299793244 0.41428571939468389 20.332776069641117 0.77664399147033703 13.166666507720949 0.91010102629661571 7.5000000000000009 0.96824595332145702 7.0446858406066903 0.92269384860992443 0.063595164567232146 11.750807762145998 5.2347426414489755 0.25760369002819067
decision_type=2 2 2 2 2 2 2 2 2 2 2 2 2 2 2 2 2 2 2
left_child=1 2 3 6 7 -4 14 -5 13 18 -8 17 -12 16 15 -1 -3 -2 -7
right_child=11 8 5 4 -6 9 10 -9 -10 -11 12 -13 -14 -15 -16 -17 -18 -19 -20
leaf_value=-0.0056159581740088168 0 -0.015174677363103401 0 -0.018431792404262869 0.0028596148487272585 0 0.010123321019304903 0 0 0 -0.0046968967600049981 0 0.0031825211431447268 0 0 0 0 0.0127022298325576 0.012235399186791531
leaf_weight=0.2356277465078167 0.022613235487369709 0.57352614413684921 0.11358684566948785 0.80358836387495081 0.17806115956045687 0.024500173021806293 0.47232872989843599 0.099269993137568235 0.046104364344500937 0.065171207330422365 0.21005617431364954 0.034305609049624763 0.18305343350220937 0.10261676752998028 0.073416459839791059 0.03883734717965126 0.013743745439569466 0.5569983106397558 1.6579737729061887
leaf_count=198 12 1013 29 4013 44 12 54 5 26 123 24 23 40 16 2 2 19 876 645
internal_value=0.00104409 -0.000998244 0.00189209 -0.00359261 -0.0114447 0.00929303 0.00315389 -0.0169137 -0.011887 0.0109716 0.0069616 0.0109506 0 -0.0135994 -0.000746261 -0.00388535 -0.0147192 0.0122791 0.0121496
internal_weight=5.50538 4.89146 4.15547 2.29424 1.08092 1.86123 1.21332 0.902858 0.735991 1.74765 0.865438 0.613917 0.39311 0.689887 0.347882 0.274465 0.58727 0.579612 1.68247
internal_count=7176 6265 5191 4382 4062 809 320 4018 1074 780 118 911 64 1048 202 200 1032 888 657
is_linear=0
shrinkage=0.05


Tree=247
num_leaves=20
num_cat=0
split_feature=42 8 58 46 8 56 5 53 36 45 5 3 35 9 31 33 35 36 38
split_gain=0.0765097 0.0998508 0.113727 0.0879153 0.0616412 0.0563787 0.0410299 0.0408832 0.0356216 0.0320124 0.0253964 0.0178565 0.0184241 0.0153952 0.0125813 0.0127815 0.006981 0.00420486 0.0019987
threshold=0.20991431921720508 0.39230769872665411 1.0000000180025095e-35 0.81666666269302379 0.80909091234207164 1.0000000180025095e-35 0.50781443715095531 7.2474184036254892 0.98245075345039379 19.594481468200687 0.77664399147033703 0.28739997744560247 0.39164614677429205 9.5000000000000018 6.5000000000000009 1.0000000180025095e-35 0.6711879074573518 0.2788888961076737 0.043560607358813293
decision_type=2 2 2 2 2 2 2 2 2 2 2 2 2 2 2 2 2 2 2
left_child=1 3 8 5 10 -1 9 13 11 -7 17 -3 -13 14 15 16 -2 -4 -14
right_child=7 2 4 -5 -6 6 -8 -9 -10 -11 -12 12 18 -15 -16 -17 -18 -19 -20
leaf_value=0 0 0 0 0.0016808357094576282 0.0026491988065844934 -0.020375428513554176 0 -0.00012345708052788462 0 0 0 0 0 0 0 0 0.01230032016559362 -0.013516265550281596 0.014796861321042755
leaf_weight=0.0704767927527431 0.03558189428076719 0.055688210835797114 0.10654567600431608 0.24015262981993135 0.16994533242541365 0.91195552998215113 0.10132416601845762 0.16096838397061208 0.11087579606100906 0.032846216112375259 0.046827754835248925 0.11049853617441829 0.057503327727317588 0.033966732393309829 0.057665135318529681 0.065930957192904205 1.5929871575972354 0.52782839543033333 0.97498269504285417
leaf_count=1 31 13 38 20 120 4458 48 59 58 1 17 21 3 194 15 77 1133 542 327
internal_value=0.000992646 -0.0024388 0.00267217 -0.01038 -0.00565619 -0.0149048 -0.0172827 0.00761229 0.0103554 -0.0191571 -0.0110456 0.0123752 0.0133401 0.00989813 0.010638 0.011281 0.011942 -0.0128198 0.0145015
internal_weight=5.46455 3.51745 2.1607 1.35676 0.851147 1.1166 1.04613 1.9471 1.30955 0.944802 0.681202 1.19867 1.14298 1.78613 1.75217 1.6945 1.62857 0.634374 1.03249
internal_count=7176 5667 1139 4528 717 4508 4507 1509 422 4459 597 364 351 1450 1256 1241 1164 580 330
is_linear=0
shrinkage=0.05


Tree=248
num_leaves=21
num_cat=0
split_feature=49 3 5 21 9 48 40 39 6 57 57 39 36 9 39 57 5 2 3 6
split_gain=0.0767947 0.0999832 0.0923267 0.0609107 0.050445 0.0245191 0.0238157 0.0210135 0.0204211 0.0198767 0.0175973 0.0507462 0.0172468 0.0126408 0.012034 0.00847123 0.00735665 0.00690076 0.00447408 0.000379698
threshold=0.18333333730697635 0.57669684290885936 0.70381036400794994 1.0000000180025095e-35 7.5000000000000009 1.0000000180025095e-35 6.0360043048858651 6.8764495849609384 5.7751989364624032 0.015504807699471714 0.026327067054808143 5.5067982673645028 0.96824595332145702 5.5000000000000009 1.0000000180025095e-35 0.047879064455628402 0.48507130146026617 0.10435571894049646 0.66807910799980175 6.6069514751434335
decision_type=2 2 2 2 2 2 2 2 2 2 2 2 2 2 2 2 2 2 2 2
left_child=1 5 3 8 17 15 7 18 16 -10 -7 12 14 -13 -12 -1 -3 -2 -5 -4
right_child=4 2 19 6 -6 10 -8 -9 9 -11 11 13 -14 -15 -16 -17 -18 -19 -20 -21
leaf_value=-0.0042023217277757452 0 -0.0058512842511505188 0 0 -0.00024336969106687485 0.010293163319369471 0 0 0 0.0076137599502513684 0 0.0080398516317608786 0 0 -0.0097083176143592589 0.00014201709829029738 0 0.013334811743800093 -0.018858987809527716 0.0036898735046477964
leaf_weight=0.19786373616079833 0.18658908581710398 0.24493966260160971 0.070599526254227274 0.14647242472892663 0.10484058914880723 0.465186161432939 0.07223987805627996 0.030851481365971156 0.07808667273093306 0.31987751540145837 0.1087993871697106 0.63467246457003057 0.083996063229278661 0.060578904394787969 0.33690939750886173 0.20899505451961886 0.067135544235497946 0.83493981631181668 0.98409928271030367 0.18738738530373666
leaf_count=394 25 2982 27 165 46 206 99 24 97 44 46 134 41 107 286 25 44 1004 1213 167
internal_value=0.000926715 -0.00165536 -0.00818574 -0.012088 0.00927659 0.0040158 -0.0161475 -0.0172338 0 0.00438012 0.00643053 0 -0.00587527 0.00660968 -0.00814546 0 -0.0042975 0.0123641 -0.0180544 0.003478
internal_weight=5.42506 4.29869 2.20169 1.9437 1.12637 2.097 1.23366 1.16142 0.710039 0.397964 1.69014 1.22496 0.529705 0.695251 0.445709 0.406859 0.312075 1.02153 1.13057 0.257987
internal_count=7176 6101 4862 4668 1075 1239 1501 1402 3167 141 820 614 373 241 332 419 3026 1029 1378 194
is_linear=0
shrinkage=0.05


Tree=249
num_leaves=27
num_cat=0
split_feature=6 13 47 57 9 38 2 35 2 40 45 37 53 35 29 37 57 6 45 39 29 57 6 59 6 29
split_gain=0.0738005 0.0919511 0.0522579 0.0721316 0.041673 0.0456268 0.0347911 0.0324843 0.0310379 0.0236926 0.019996 0.0178176 0.0158822 0.0116947 0.0071195 0.00618009 0.00428641 0.00265495 0.00229696 0.00326574 0.0022496 0.00212508 0.00114877 0.000490478 0.000267171 0.00104494
threshold=6.7326085567474374 1.0000000180025095e-35 0.77500000596046459 0.013793759513646366 9.5000000000000018 0.4695423692464829 0.19523809850215915 0.91139987111091625 0.4083333313465119 3.838558673858643 11.12900495529175 0.32037734985351568 7.2474184036254892 0.91139987111091625 1.8333333134651186 0.20204082131385806 0.015038444194942715 6.4953796863555917 20.709698677062992 6.1432809829711923 4.1666667461395273 0.046804908663034446 5.8278791904449472 1.0000000180025095e-35 3.9130500555038457 3.4166666269302373
decision_type=2 2 2 2 2 2 2 2 2 2 2 2 2 2 2 2 2 2 2 2 2 2 2 2 2 2
left_child=1 2 3 17 5 9 21 10 13 11 22 -3 15 -5 -13 -8 -16 -1 19 -9 23 -2 -7 -4 25 -11
right_child=6 4 20 8 -6 7 12 18 -10 24 -12 14 -14 -15 16 -17 -18 -19 -20 -21 -22 -23 -24 -25 -26 -27
leaf_value=0 -0.0021510867399585853 0 0.0024346347760529157 -0.0191449145180673 -0.0039890606046218613 -0.0092010382320325424 0 0 0 0 0 0 0 0 0 0.011946767602325574 0.014570929647675186 0.0024204786655019871 0 0.0054287753266159602 0 0 0 0 2.4580721184637181e-05 -0.0016938887627809219
leaf_weight=0.060460647200671014 0.14815056139195792 0.043157431809959901 0.15567604801617563 0.75710039048317412 0.19490135736850778 0.32142005253626837 0.046314738749060669 0.20629511232255027 0.14897683635354042 0.037096623411343899 0.15280325748608448 0.13824190812738379 0.051871503092115634 0.04135185171617195 0.043632096037981682 1.1905418140231629 0.67068620249483502 0.13290591846453026 0.067592166349641047 0.2252155595633667 0.095713993987374124 0.077300758304772899 0.012099390871298965 0.078799467300996073 0.14955872834252659 0.14300578887559823
leaf_count=160 63 45 35 2721 1235 536 8 33 47 18 56 36 26 14 59 1054 236 3 27 91 98 18 21 61 34 441
internal_value=0.000930599 -0.00200088 -0.00956822 -0.0129111 0.00260893 0.00580907 0.0082353 0 -0.0166087 0.00999727 -0.00630086 0.012189 0.0106068 -0.018489 0.0132694 0.0115266 0.0141654 0 0.00384843 0.00441827 0 0 -0.00904087 0.00213443 0 -0.000751932
internal_weight=5.39087 3.87669 1.47099 1.1408 2.40571 2.2108 1.51418 0.985426 0.947429 1.22538 0.486323 0.895718 1.28873 0.798452 0.85256 1.23686 0.714318 0.193367 0.499103 0.431511 0.33019 0.225451 0.333519 0.234476 0.329661 0.180102
internal_count=7176 6007 3139 2945 2868 1633 1169 764 2782 869 613 376 1088 2735 331 1062 295 163 151 124 194 81 557 96 493 459
is_linear=0
shrinkage=0.05


Tree=250
num_leaves=24
num_cat=0
split_feature=29 26 8 57 53 12 9 49 31 57 38 5 6 38 5 59 2 39 58 9 57 34 2
split_gain=0.0729518 0.0584062 0.0748399 0.0647084 0.0522359 0.0445349 0.0394756 0.0384232 0.0279333 0.0215351 0.0202361 0.019091 0.0138107 0.0103094 0.00520494 0.00495488 0.00420324 0.00378774 0.00326013 0.00217962 0.0020056 5.10402e-05 1.29393e-05
threshold=3.1666666269302373 1.0000000180025095e-35 0.45804196596145635 0.013793759513646366 7.2474184036254892 1.0000000180025095e-35 9.5000000000000018 0.90000000596046459 2.5000000000000004 0.015504807699471714 0.21103239059448245 0.073350071907043471 3.877779603004456 0.053342817351222045 0.70381036400794994 1.0000000180025095e-35 0.23904761672019961 6.8764495849609384 1.0000000180025095e-35 1.0000000180025095e-35 0.013606071937829258 0.63068181276321422 0.36038962006568914
decision_type=2 2 2 2 2 2 2 2 2 2 2 2 2 2 2 2 2 2 2 2 2 2 2
left_child=12 4 3 20 6 16 8 11 9 -2 -7 -5 -1 -11 15 -13 -4 -17 19 -14 -3 -10 -12
right_child=1 2 5 7 -6 10 -8 -9 21 13 22 14 18 -15 -16 17 -18 -19 -20 -21 -22 -23 -24
leaf_value=0 0 0 0 0 -0.0043928964995721157 -0.0072024582496404508 -0.00037222347564876937 0 -0.00033276161885857137 0 0 0 0 0.013617714859548069 0 -0.019394150770160948 0.0085324762643610285 0 0 0.012168522826273266 0.002097750554915834 0 0.00016765229532824798
leaf_weight=0.35821423150264287 0.03818027851593786 0.054836936586071139 0.10433921992080264 0.025129439087322458 0.22001641901806568 0.3951242468538112 0.10809157641961054 0.18609208181442227 0.15235319628845889 0.016886689962120616 0.028531138801554334 0.071101138377343664 0.16157561159343459 1.0288021092892448 0.0068382922763703382 0.77711686432485316 0.37750098244578112 0.03053190441642073 0.27026328922511311 0.47968963142193388 0.13940231435844908 0.17734230073983781 0.15088374964034301
leaf_count=123 111 133 39 16 155 113 673 45 192 5 77 283 45 534 7 3232 196 42 363 583 34 44 131
internal_value=0.000878752 -0.00179043 -0.00649314 -0.0119653 0.00278066 0.000329608 0.00713145 -0.0152834 0.00969334 0.0119306 -0.00371942 -0.0175101 0.00867919 0.0130886 -0.0183304 -0.0185513 0.00778368 -0.019093 0.0103686 0.0114095 0 0 0
internal_weight=5.35884 4.0891 2.34743 1.29105 1.74167 1.05638 1.52166 1.09681 1.41356 1.08387 0.574539 0.910718 1.26974 1.04569 0.885588 0.87875 0.48184 0.807649 0.911529 0.641265 0.194239 0.329695 0.179415
internal_count=7176 6062 4348 3792 1714 556 1559 3625 886 650 321 3580 1114 539 3564 3557 235 3274 991 628 167 236 208
is_linear=0
shrinkage=0.05


Tree=251
num_leaves=33
num_cat=0
split_feature=47 8 12 6 57 38 35 35 45 8 20 9 29 35 36 38 9 57 45 33 36 35 36 48 45 46 57 36 57 38 36 6
split_gain=0.0722786 0.0723182 0.0620501 0.0640689 0.0797987 0.0359445 0.0796362 0.0583933 0.0311327 0.022901 0.0221529 0.0180826 0.0172328 0.0137755 0.0191943 0.0129926 0.0122072 0.0120105 0.0101795 0.0112006 0.0106661 0.00630316 0.00493706 0.00375532 0.00356931 0.00209293 0.00208885 0.00177807 0.000692306 4.1942e-05 2.10422e-05 1.35154e-05
threshold=0.81666666269302379 0.61250001192092907 1.0000000180025095e-35 6.8764495849609384 0.013793759513646366 0.40175439417362219 0.89848890900611889 0.60780400037765514 16.963909149169925 0.48333333432674414 1.0000000180025095e-35 9.5000000000000018 7.5833332538604745 0.40618114173412329 0.31180556118488317 0.87652438879013073 7.5000000000000009 0.064945966005325331 29.148195266723636 1.0000000180025095e-35 0.25760369002819067 0.95719459652900707 0.46770833432674414 1.5000000000000002 6.2658205032348642 0.73214286565780651 0.013606071937829258 0.48528139293193823 0.042133448645472533 0.09175084158778192 0.68989801406860363 6.7326085567474374
decision_type=2 2 2 2 2 2 2 2 2 2 2 2 2 2 2 2 2 2 2 2 2 2 2 2 2 2 2 2 2 2 2 2
left_child=1 2 5 4 26 7 9 13 15 17 -9 24 18 29 31 21 -3 22 19 20 -2 -6 -7 -22 -12 -8 -4 -5 -16 -1 -29 -15
right_child=12 16 3 27 8 6 25 10 -10 -11 11 -13 -14 14 28 -17 -18 -19 -20 -21 23 -23 -24 -25 -26 -27 -28 30 -30 -31 -32 -33
leaf_value=0 0 0.0082848115587143712 0 0.0019682479164497666 -0.020179737704481834 0 0.0046256574190647716 0 0 0 0.014329718554256847 0 0 0 -0.008014161505380351 0 0 0 0 0 0.01329646862750887 0 -0.01441314482319969 0 0 0 0.0021421731340076234 -0.00021836937302790777 0 0.00057554693999646133 0 0.00017368273624394044
leaf_weight=0.091747459940961784 0.027668264308886026 0.52401997728156846 0.056599516574351805 0.14743592194281507 0.86607356320564577 0.010763619235149124 0.22644001332810149 0.051855239125870867 0.035059445319348015 0.085875914788630325 0.48654631535100634 0.030044535489651025 0.038858359286678024 0.03831655627800501 0.33558749139046995 0.019451639585895464 0.037266998057020828 0.019031467731110752 0.062207240480347537 0.068586514156777412 0.72795957055495819 0.0065265633165836326 0.52074870113028737 0.051509233817341737 0.049416025007303688 0.070032103540142998 0.13798809862782946 0.10318427869060542 0.013567384585257969 0.12181592888373416 0.14580840361304581 0.12009396904613823
leaf_count=39 26 392 131 10 2793 14 46 132 7 42 150 256 12 90 587 14 27 3 27 81 765 3 1202 19 100 38 33 15 62 13 42 5
internal_value=0.000847682 -0.00151811 -0.00498516 -0.0104344 -0.0143078 0 -0.0044465 0.00469895 -0.0181357 -0.0114968 0.0109993 0.0126632 0.00935257 -0.00104847 -0.00489101 -0.0193942 0.00688862 -0.0132824 0.0105572 0.0113454 0.0122106 -0.0199346 -0.014079 0.0128997 0.0138897 0.00402556 0 0 -0.00789291 0.000468837 0 0
internal_weight=5.32809 4.3513 3.79001 1.51813 1.1217 2.27188 0.932892 1.33899 0.927111 0.63642 0.617862 0.566007 0.976789 0.721129 0.507565 0.892052 0.561287 0.550544 0.937931 0.875724 0.807137 0.8726 0.531512 0.779469 0.535962 0.296472 0.194588 0.396429 0.349155 0.213563 0.248993 0.158411
internal_count=7176 6246 5827 3048 2981 2779 1345 1434 2817 1261 638 506 930 796 744 2810 419 1219 918 891 810 2796 1216 784 250 84 164 67 649 52 57 95
is_linear=0
shrinkage=0.05


Tree=252
num_leaves=18
num_cat=0
split_feature=49 4 2 36 9 42 53 48 38 36 59 57 2 36 36 29 4
split_gain=0.0700299 0.0915074 0.0642507 0.0509681 0.0477269 0.0459634 0.0334174 0.0372791 0.0150136 0.0104933 0.00994442 0.00852671 0.0062938 0.00267283 0.00200808 0.00361469 2.92214e-05
threshold=0.18333333730697635 0.57669684290885936 0.45804196596145635 0.44058823585510259 7.5000000000000009 0.45307917892932897 1.0000000180025095e-35 1.0000000180025095e-35 0.89699381589889537 0.70074626803398143 1.0000000180025095e-35 0.064945966005325331 0.10435571894049646 0.51887464523315441 0.26876173913478857 5.1666667461395273 0.84549072384834301
decision_type=2 2 2 2 2 2 2 2 2 2 2 2 2 2 2 2 2
left_child=1 6 3 14 12 8 7 13 10 -9 -5 -12 -2 -1 -3 -16 -7
right_child=4 2 -4 5 -6 16 -8 9 -10 -11 11 -13 -14 -15 15 -17 -18
leaf_value=0 0 -0.00073923194658669089 0.0022358223748324899 0 -0.00015118020519887368 0 -0.0019133004017838256 0 0 0.010255634654981444 -0.018210729465800619 0 0.012938175954828962 -0.0022862880621926278 0.0031937536128452803 0 0.00025344053217684286
leaf_weight=0.11009524571636609 0.18244298803620018 0.11518141017222694 0.15088974227546703 0.1195328202120437 0.10281165630294709 0.10221401886155934 0.16361768150818523 0.18364421225851391 0.019509587778884341 1.317710924795392 1.0422710478032962 0.009950500272680185 0.80677240378281567 0.27835067273917957 0.31837612502567936 0.12632207360729808 0.13733726445570937
leaf_count=71 25 146 156 309 46 50 73 284 15 479 3630 4 1004 332 56 402 94
internal_value=0.000891822 -0.00156073 -0.00790603 -0.0108372 0.00894583 -0.0140326 0.00384141 0.00655955 -0.0164584 0.00932569 -0.0170469 -0.0178784 0.0120056 0 0 0.00174731 0
internal_weight=5.28703 4.195 2.14158 1.99069 1.09203 1.43082 2.05342 1.8898 1.19126 1.50136 1.17175 1.05222 0.989215 0.388446 0.55988 0.444698 0.239551
internal_count=7176 6101 4862 4706 1075 4102 1239 1166 3958 763 3943 3634 1029 403 604 458 144
is_linear=0
shrinkage=0.05


Tree=253
num_leaves=23
num_cat=0
split_feature=6 3 49 14 35 8 2 35 34 40 37 40 37 35 2 12 37 39 46 9 37 35
split_gain=0.0716319 0.115893 0.060217 0.0591032 0.0415001 0.033604 0.0306421 0.0261303 0.0211619 0.0370163 0.0192185 0.0172227 0.0159308 0.0197551 0.012362 0.0123568 0.0121929 0.00750664 0.00487011 0.00418472 0.00364959 0.00252035
threshold=6.4953796863555917 0.31725417077541357 0.26785714924335485 1.0000000180025095e-35 0.95719459652900707 0.63392856717109691 0.10912698507308961 0.38585758209228521 0.41428571939468389 2.8194408416748051 0.90661337971687328 6.1498413085937509 0.31180556118488317 0.74172639846801769 0.47213622927665716 1.0000000180025095e-35 0.96824595332145702 7.2474184036254892 0.26785714924335485 6.5000000000000009 0.29061582684516912 0.41741962730884558
decision_type=2 2 2 2 2 2 2 2 2 2 2 2 2 2 2 2 2 2 2 2 2 2
left_child=1 8 4 6 11 12 -2 -8 18 -10 -11 14 -5 21 17 -4 -12 -3 19 -1 -20 -14
right_child=3 2 15 5 -6 -7 7 -9 9 10 16 -13 13 -15 -16 -17 -18 -19 20 -21 -22 -23
leaf_value=0.0029734486362319964 0 -0.017704484134844139 0.0045925962455318822 0 0 0.005318393489487809 0 0.015961401649394073 0 0.01297520614427731 -0.0035731457612652564 0 0 0 0 -0.0017974503618181437 0.0036089191838430778 0 0 0 -0.0040991103880493344 -0.0099101062049853673
leaf_weight=0.25484391360805625 0.090833550595562085 0.96972930554875325 0.28448019358620502 0.14488017905387096 0.1340007550024892 0.28570596687495708 0.093583063688129187 0.74011967224942055 0.094106983895471785 0.44237370867631398 0.18199770490900846 0.16293098825371999 0.15570489384117536 0.067202715756138787 0.01532130129635334 0.17611897150345612 0.18172983970725909 0.013098431794787757 0.028287097818974871 0.056303232893696986 0.22994982094678562 0.45768004596538958
leaf_count=26 26 4800 57 16 20 526 10 565 57 41 10 379 12 141 3 53 38 6 8 92 179 111
internal_value=0.0008526 -0.00266444 -0.00990557 0.00711402 -0.0135427 0 0.0125142 0.0143576 0.00446981 0.00733535 0.010385 -0.0155816 -0.00510875 -0.0072144 -0.0168562 0 0 -0.0173757 0 0.000694698 -0.00302879 -0.00921014
internal_weight=5.26098 3.22527 1.75568 2.03571 1.29508 1.11117 0.924536 0.833703 1.46959 0.900208 0.806101 1.16108 0.825468 0.680588 0.998149 0.460599 0.363728 0.982828 0.569384 0.311147 0.258237 0.613385
internal_count=7176 5769 5318 1407 5208 806 601 575 451 146 89 5188 280 264 4809 110 48 4806 305 118 187 123
is_linear=0
shrinkage=0.05


Tree=254
num_leaves=22
num_cat=0
split_feature=6 20 3 35 29 36 25 35 47 40 57 57 36 36 38 36 58 48 35 36 6
split_gain=0.0703756 0.184199 0.106079 0.103105 0.0480917 0.0405186 0.0308789 0.0225699 0.0223629 0.0278225 0.0172103 0.0141372 0.0138406 0.0116063 0.0108861 0.0104462 0.0101558 0.00740314 0.00654204 0.00192902 0.00077813
threshold=3.877779603004456 1.0000000180025095e-35 1.0000000180025095e-35 0.45421318709850317 10.583333492279055 0.31180556118488317 1.0000000180025095e-35 0.39164614677429205 0.58571431040763866 2.8194408416748051 0.065070353448390975 0.032663283869624145 0.91010102629661571 0.20204082131385806 0.54616478085517894 0.96824595332145702 1.0000000180025095e-35 2.5000000000000004 0.92269384860992443 0.86512476205825817 6.8764495849609384
decision_type=2 2 2 2 2 2 2 2 2 2 2 2 2 2 2 2 2 2 2 2 2
left_child=2 3 8 7 13 20 10 19 18 -10 -4 14 -11 -3 -7 -14 -9 -15 -1 -2 -5
right_child=1 4 6 5 -6 11 -8 16 9 12 -12 -13 15 17 -16 -17 -18 -19 -20 -21 -22
leaf_value=-0.0038015195730548923 -0.0020266143108618666 0 -0.016240521732895093 0 0 -0.015257311223157788 0 0.0089530152092374814 0 0.010829402319618719 0 0 -0.0033617828058131378 0.018630792088781798 0 0.0033038190369662867 0 0 0 0 0.0013156154450001754
leaf_weight=0.18759945371857589 0.17418190041280501 0.019553718084353355 0.6196437809649068 0.07394636876779237 0.10591823023423774 0.70472565162526735 0.074698743210319662 0.5713490634370828 0.086231649307592306 0.4762730745060253 0.065418951213359833 0.057543029579392169 0.1768467141664587 1.1143956478590551 0.1100276186971314 0.17408011294901371 0.11275528536862112 0.029708278947509714 0.065251879394054413 0.10205423026127391 0.12391768838278949
leaf_count=172 87 7 3966 66 117 906 5 116 48 58 2 18 8 1264 129 33 126 7 1 32 8
internal_value=0.000871698 0.00539221 -0.00436071 -0.00252744 0.0157943 -0.0106086 -0.0132074 0.00474514 0.00253072 0.00600393 -0.015099 -0.0133618 0.0087072 0.0178112 -0.0142715 0 0.00772747 0.0182665 -0.000802849 0 0
internal_weight=5.22612 3.30008 1.92604 2.0305 1.26958 1.07016 0.759761 0.96034 1.16628 0.913432 0.685063 0.872296 0.8272 1.16366 0.814753 0.350927 0.684104 1.1441 0.252851 0.276236 0.197864
internal_count=7176 2883 4293 1488 1395 1127 3973 361 320 147 3968 1053 99 1278 1035 41 242 1271 173 119 74
is_linear=0
shrinkage=0.05


Tree=255
num_leaves=30
num_cat=0
split_feature=35 49 57 37 34 8 37 42 9 9 2 35 4 29 35 57 31 48 33 38 5 37 5 35 5 29 5 5 57
split_gain=0.0684333 0.0698338 0.111503 0.113595 0.082037 0.0543111 0.0500177 0.0333433 0.0340808 0.0315051 0.0152998 0.0140016 0.0115617 0.0254961 0.0115223 0.00982436 0.0106003 0.0106585 0.011806 0.00935195 0.00658826 0.00529846 0.00233746 0.0015393 0.0010258 0.000383858 6.01602e-05 0.000166268 4.50488e-06
threshold=0.89848890900611889 0.18333333730697635 0.026327067054808143 0.51887464523315441 0.63068181276321422 0.82085561752319347 0.77032968401908886 0.59687501192092907 1.5000000000000002 7.5000000000000009 0.47213622927665716 0.67222318053245556 0.79502627253532421 5.1666667461395273 0.38585758209228521 0.043284084647893913 6.5000000000000009 1.5000000000000002 1.0000000180025095e-35 0.053342817351222045 0.57032969594001781 0.51668518781661998 0.70381036400794994 0.60780400037765514 0.08856209367513658 9.8333334922790545 0.75204917788505565 0.16247642785310748 0.061719344928860671
decision_type=2 2 2 2 2 2 2 2 2 2 2 2 2 2 2 2 2 2 2 2 2 2 2 2 2 2 2 2 2
left_child=1 2 6 12 5 7 20 8 -5 14 22 19 13 -4 -3 -2 17 18 21 -8 -1 -17 -10 26 -6 -23 27 -14 -15
right_child=15 9 3 4 24 -7 11 -9 10 -11 -12 -13 23 28 -16 16 -18 -19 -20 -21 -22 25 -24 -25 -26 -27 -28 -29 -30
leaf_value=-0.0042992304437490031 0 0 0.0083410179340824338 0 0.0015073731278236718 0 0 0 -0.022902968549911411 -0.00010872203392960727 0 0 0 -0.00010111258977116545 0.009882959848459022 0 0 0 0 0.011772557721346647 0 0.013201662558228655 0 0 0 0 0 -0.0019695748869982773 0
leaf_weight=0.20180888236063799 0.023098069068509974 0.085757435997947939 0.34951317323066211 0.12666739394990134 0.12865086738020171 0.066469130149925948 0.025680320210085483 0.033969879288633709 1.3030240321659219 0.10188441040372709 0.013812939228955545 0.030400932177144568 0.0045461798599717431 0.10157165433884074 0.71757322632765863 0.015084432830917649 0.055145602309494279 0.091934619747917168 0.067150521877920255 0.51766884544667846 0.069561426847940311 0.63633009711338673 0.022083134288550244 0.11641043329836975 0.088203742769110249 0.02157121044001542 0.014772276452276856 0.14286937105680408 0.011130201572086662
leaf_count=928 15 12 50 30 5 26 15 4 3208 46 6 308 32 367 414 17 16 32 80 319 11 758 14 171 65 11 8 206 2
internal_value=0.000802629 -0.00146439 -0.00536374 -0.0102719 -0.0153361 -0.0183029 0.00420678 -0.0199556 -0.020917 0.00562139 -0.0223079 0.00982628 0.000852027 0.00454077 0.00877807 0.00925866 0.00998931 0.0108284 0.0117797 0.0110063 -0.00212534 0.0127269 -0.0227387 -0.000122297 0 0.0130934 -0.00182419 -0.00187125 0
internal_weight=5.18434 4.27403 3.36881 2.52369 1.78288 1.56603 0.84512 1.49956 1.46559 0.905215 1.33892 0.57375 0.740813 0.462215 0.803331 0.910315 0.887216 0.832071 0.740136 0.543349 0.27137 0.672986 1.32511 0.278598 0.216855 0.657901 0.162188 0.147416 0.112702
internal_count=7176 6247 5775 4194 3358 3288 1581 3262 3258 472 3228 642 836 419 426 929 914 898 866 334 939 786 3222 417 70 769 246 238 369
is_linear=0
shrinkage=0.05


Tree=256
num_leaves=22
num_cat=0
split_feature=6 3 5 14 5 3 36 8 34 40 12 36 36 5 46 57 42 9 8 6 3
split_gain=0.0671845 0.10859 0.0968303 0.0523052 0.0561136 0.0445503 0.0339624 0.0237278 0.0200324 0.0352645 0.0192752 0.0173571 0.0111512 0.0109738 0.00434021 0.00666848 0.00423735 0.00382978 0.00331658 0.00198491 0.000201176
threshold=6.4953796863555917 0.31725417077541357 0.45999288558959966 1.0000000180025095e-35 0.70381036400794994 0.67474776506423961 0.99137932062149059 0.240384615957737 0.41428571939468389 2.8194408416748051 1.0000000180025095e-35 0.90661337971687328 0.96824595332145702 0.11215933039784433 0.26785714924335485 0.063595164567232146 0.12613636255264285 6.5000000000000009 0.63392856717109691 7.0446858406066903 0.3298212736845017
decision_type=2 2 2 2 2 2 2 2 2 2 2 2 2 2 2 2 2 2 2 2 2
left_child=1 8 6 7 5 19 13 -2 14 -10 -4 -11 -13 -3 17 -16 -12 -1 20 -5 -15
right_child=3 2 10 4 -6 -7 -8 -9 9 11 16 12 -14 18 15 -17 -18 -19 -20 -21 -22
leaf_value=0.0028297908815846438 0 0 0.0059689099147053996 0 0.0072660331921149159 -0.010751209293403535 0 0.013776352454667766 0 0.012602709290129492 -0.0032637809374352796 -0.0033970331758975472 0.0034806441591521049 0 -0.0047282067576975197 0 0 0 0 0.0021518189951015526 -0.018232502145848675
leaf_weight=0.25026058621733704 0.13559740577329615 0.033299946622719068 0.33500769820966514 0.070659748831531033 0.28667830004997086 0.58659475132299121 0.23221931634907378 0.76799449766258476 0.092139323103765491 0.43237372644944116 0.17635587949735054 0.17846394095249707 0.17860805100644939 0.0051639197481563306 0.21150967654466513 0.041479848325252533 0.045741110880044289 0.055543776841659565 0.03482438919309061 0.14451206960075069 0.84862551254809659
leaf_count=26 37 111 119 38 560 178 197 564 57 41 338 10 38 19 184 3 28 92 23 30 4483
internal_value=0.000857874 -0.0025512 -0.00965292 0.00697253 0 -0.00633695 -0.0151342 0.012046 0.0043353 0.00714093 0.000918229 0.0101433 0 -0.0173464 0 -0.00288283 -0.00125912 0.00057869 -0.0179089 0.00052676 -0.0181996
internal_weight=5.14365 3.15162 1.71124 1.99204 1.08844 0.801767 1.15413 0.903592 1.44038 0.881585 0.557105 0.789446 0.357072 0.921914 0.558794 0.25299 0.222097 0.305804 0.888614 0.215172 0.853789
internal_count=7176 5769 5318 1407 806 246 4833 601 451 146 485 89 48 4636 305 187 366 118 4525 68 4502
is_linear=0
shrinkage=0.05


Tree=257
num_leaves=23
num_cat=0
split_feature=6 4 5 6 38 2 57 36 36 53 34 4 36 36 2 2 2 46 47 8 57 57
split_gain=0.065666 0.081385 0.0727946 0.0638538 0.0369227 0.0327466 0.0295683 0.0164461 0.0164644 0.0141809 0.0118627 0.0101273 0.0080358 0.00560056 0.00557645 0.0114672 0.00383375 0.00361659 0.00250557 0.00203509 0.00174121 0.000546122
threshold=6.7326085567474374 0.26764950156211859 0.45999288558959966 5.9423835277557382 0.22611077129840854 0.19523809850215915 0.065070353448390975 0.90661337971687328 0.96824595332145702 7.2474184036254892 0.41428571939468389 0.31725417077541357 0.93405798077583324 0.20204082131385806 0.13484849035739901 0.34313726425170904 0.12249999865889551 0.26785714924335485 0.86607143282890331 0.63392856717109691 0.046804908663034446 0.029500533826649192
decision_type=2 2 2 2 2 2 2 2 2 2 2 2 2 2 2 2 2 2 2 2 2 2
left_child=1 7 3 6 12 20 11 10 -9 13 17 -3 19 -7 16 -16 -5 -1 -19 -4 -2 -6
right_child=5 2 4 14 21 9 -8 8 -10 -11 -12 -13 -14 -15 15 -17 -18 18 -20 -21 -22 -23
leaf_value=0.0018577067193403449 -0.0019511412503450021 0 -0.0055015809572117021 0 0 0 0 -0.005003218398460213 0.0029801270544654907 0 0.008997228977362293 -0.018132284796205631 0 0.011549220329973537 -0.0050162467262288022 0 0.004195528311937969 -0.0030715587139912522 0 0 0 0.0078226560856883443
leaf_weight=0.23907980289368447 0.1434436104245832 0.12161948864377359 0.23450659753507341 0.082538038142956682 0.01558793508047529 0.044699545891489723 0.079108777455985546 0.22055918058322277 0.19441476660722401 0.048477356060175114 0.44266911249724217 0.86657790188201034 0.068450277754891431 1.1247288778831714 0.24718978406417591 0.084786976294708438 0.18226547276390193 0.16903610406370717 0.050615502521395683 0.019916758290491998 0.073276710696518421 0.35495012974388374
leaf_count=83 63 61 246 95 50 8 8 64 54 26 61 4670 24 1054 101 33 16 124 3 11 18 303
internal_value=0.000880352 -0.00189667 -0.00720437 -0.0115406 0.000919206 0.00790365 -0.0157751 0.0044569 0 0.0102705 0.00676925 -0.0172027 -0.00303535 0.0111437 0 -0.00142762 0.00297926 0 -0.00197664 -0.00507257 0 0.00771374
internal_weight=5.1085 3.67387 2.3575 1.66409 0.693412 1.43463 1.06731 1.31637 0.414974 1.21791 0.901401 0.988197 0.322874 1.16943 0.59678 0.331977 0.264804 0.458731 0.219652 0.254423 0.21672 0.370538
internal_count=7176 6007 5618 4984 634 1169 4739 389 118 1088 271 4731 281 1062 245 134 111 210 127 257 81 353
is_linear=0
shrinkage=0.05


Tree=258
num_leaves=31
num_cat=0
split_feature=35 49 21 36 35 5 9 42 40 38 34 35 9 35 57 31 33 48 2 47 36 36 29 38 5 57 29 38 38 40
split_gain=0.0655168 0.0637713 0.111888 0.0786069 0.0440429 0.0349378 0.0296314 0.028615 0.0229975 0.0218015 0.0191281 0.0176969 0.014512 0.0114045 0.00946262 0.00990023 0.0101345 0.0110153 0.00933164 0.00880812 0.00498454 0.00476316 0.00358605 0.00209624 0.000399804 0.0003626 0.000306768 0.000213276 0.000295578 8.8636e-06
threshold=0.89848890900611889 0.18333333730697635 1.0000000180025095e-35 0.51887464523315441 0.67222318053245556 0.73557159304618847 7.5000000000000009 0.59687501192092907 2.8716531991958623 0.09175084158778192 0.63068181276321422 0.37966401875019079 13.500000000000002 0.38585758209228521 0.043284084647893913 6.5000000000000009 1.0000000180025095e-35 1.5000000000000002 0.26969698071479803 0.81666666269302379 0.51668518781661998 0.26876173913478857 4.8333332538604745 0.17274536192417148 0.48331478238105779 0.064429733902215972 9.8333334922790545 0.14854215830564502 0.44151847064495092 4.925668716430665
decision_type=2 2 2 2 2 2 2 2 2 2 2 2 2 2 2 2 2 2 2 2 2 2 2 2 2 2 2 2 2 2
left_child=1 2 4 22 8 7 13 11 9 -1 18 -5 21 -3 -2 16 17 20 24 25 -16 -11 23 -4 -6 -13 -22 -24 -29 -12
right_child=14 6 3 5 10 -7 -8 -9 -10 12 29 19 -14 -15 15 -17 -18 -19 -20 -21 26 -23 27 -25 -26 -27 -28 28 -30 -31
leaf_value=0 0 0 0 0 -0.0079985114041342519 0 -2.1702323626201294e-05 0 0 0 0 -0.019777017566213875 0 0.0095973016333493009 0 0 0 0 0 0 0.012977119328741168 0.012807490355757163 0 0.0033817605839450921 0 0 0 -0.0010742793034270507 0 0.00014202835836623435
leaf_weight=0.10072577501705382 0.022511106624733546 0.085455168620683142 0.10769521707698015 0.04787944948839129 0.30498460783564951 0.058945523836882674 0.099990102469746489 0.033850959327537455 0.16331808296672534 0.008354047080501914 0.0871037791694107 1.0559608906269202 0.027005375759472372 0.70505449597112602 0.014613548075431027 0.053799567365786061 0.066150094527984038 0.090496697084745392 0.030700218099809717 0.031116166792344191 0.62341284128342522 0.65577160319480754 0.078472017505191616 0.23938748452928849 0.0039026725826261091 0.020748130569700041 0.021071756782475859 0.12977851916548389 0.012369944706733804 0.098499608226120472
leaf_count=85 15 12 19 33 1687 35 46 4 1410 51 42 1207 199 414 17 16 80 32 12 10 758 575 97 49 9 5 11 235 7 4
internal_value=0.000872545 -0.00135605 -0.00516242 -0.0116402 0.00225794 -0.0160345 0.00536725 -0.0174332 0.00754878 0.00970896 -0.00272664 -0.0184898 0.0114938 0.00847282 0.00916369 0.00988119 0.0106847 0.0115308 -0.00664548 -0.0192517 0.0125224 0.0124921 0 0.0025752 -0.00793863 -0.0196669 0.0128756 -0.000161192 -0.000703277 0
internal_weight=5.07913 4.18707 3.29657 1.8162 1.48037 1.2485 0.8905 1.18956 0.955175 0.791857 0.525191 1.1557 0.691131 0.79051 0.892056 0.869545 0.815745 0.749595 0.339587 1.10783 0.659098 0.664126 0.567703 0.347083 0.308887 1.07671 0.644485 0.22062 0.142148 0.185603
internal_count=7176 6247 5775 1701 4074 1294 472 1259 2320 910 1754 1255 825 426 929 914 898 818 1708 1222 786 626 407 68 1696 1212 769 339 242 46
is_linear=0
shrinkage=0.05


Tree=259
num_leaves=24
num_cat=0
split_feature=39 8 3 38 5 47 3 40 59 58 38 35 35 45 38 45 39 45 34 38 3 40 42
split_gain=0.0646573 0.0585144 0.0706565 0.0672386 0.0575383 0.0530453 0.0347212 0.0329829 0.032638 0.0268001 0.0247347 0.0159175 0.0127704 0.009166 0.00855408 0.00835954 0.00616345 0.00498746 0.00241323 0.00232098 0.00181657 0.000297327 1.50958e-05
threshold=6.3950443267822275 0.61250001192092907 0.72776681184768688 0.4695423692464829 0.70381036400794994 0.81666666269302379 0.9635254740715028 4.3272433280944833 1.0000000180025095e-35 1.0000000180025095e-35 0.053342817351222045 0.69501906633377086 0.94883266091346752 29.148195266723636 1.0000000180025095e-35 17.076005935668949 5.3955342769622812 7.0044846534729013 0.32051283121109014 0.043560607358813293 0.28739997744560247 3.2601350545883183 0.029857398010790352
decision_type=2 2 2 2 2 2 2 2 2 2 2 2 2 2 2 2 2 2 2 2 2 2 2
left_child=1 2 3 7 6 12 8 9 -4 10 -1 -2 -5 17 -10 -16 -12 -13 -9 -3 -21 -19 -8
right_child=11 19 4 5 -6 -7 22 18 14 -11 16 13 -14 -15 15 -17 -18 21 -20 20 -22 -23 -24
leaf_value=0 0 0 0 -0.012377495036596546 0.00019720608939744787 0.0012672196371394347 0 -0.0022900488063277514 0 0 0.012819160510444877 0 0 0 -0.017955707353728395 0 0 0 0 0 0.0069190534874183571 0.012132125475156795 0.0001823591327327526
leaf_weight=0.046934950572904977 0.070371347799664252 0.015941253426717483 0.096477107284954511 0.47049081174554874 0.16992124138050702 0.2390282544947695 0.20404082449749683 0.15039993040409161 0.059101885140989463 0.059786634445117559 1.0211698864859498 0.039679264402366243 0.02373376814648509 0.058390030870214105 0.93783975866244873 0.010699219274101779 0.042365983161289367 0.01320290552393999 0.080109637017812929 0.030157403030898422 0.48036107957159402 0.59110274227714399 0.13485745872822008
leaf_count=13 209 7 209 749 76 30 441 516 14 190 555 59 4 28 2594 13 63 43 34 6 405 812 106
internal_value=0.000871548 -0.00122896 -0.00444344 0.000153999 -0.0101707 -0.00601613 -0.0130192 0.0066271 -0.015429 0.00930469 0.0109898 0.00944882 -0.0113755 0.0107864 -0.0170334 -0.0176043 0.0123891 0.0115938 0 0.00629692 0.00662654 0.0120629 0
internal_weight=5.04616 4.27342 3.74696 2.13402 1.61294 0.733253 1.44302 1.40077 1.10412 1.17026 1.11047 0.772746 0.494225 0.702375 1.00764 0.948539 1.06354 0.643985 0.23051 0.52646 0.510518 0.604306 0.338898
internal_count=7176 6025 5607 2154 3453 783 3377 1371 2830 821 631 1151 753 942 2621 2607 618 914 550 418 411 855 547
is_linear=0
shrinkage=0.05


Tree=260
num_leaves=25
num_cat=0
split_feature=42 35 57 5 6 5 53 35 34 35 5 6 58 3 38 8 38 31 8 6 42 29 5 8
split_gain=0.0632917 0.0908522 0.0841855 0.0372216 0.0330695 0.0337713 0.0328267 0.0327496 0.030436 0.0236139 0.0171216 0.0121167 0.0121122 0.00524193 0.00446585 0.00400887 0.00332551 0.0031645 0.00309266 0.00122139 0.000371337 0.000301478 0.000288634 7.66368e-05
threshold=0.042572464793920524 0.45421318709850317 0.046804908663034446 0.74388790130615245 3.8662848472595219 0.16463142633438113 7.0446858406066903 0.7399691939353944 0.38750000298023229 0.39164614677429205 0.53158244490623485 7.0446858406066903 1.0000000180025095e-35 0.96899038553237926 0.043560607358813293 0.82085561752319347 0.2522727251052857 4.5000000000000009 0.68333333730697643 4.1066589355468759 0.23904761672019961 10.833333492279055 0.23553323745727542 0.32291667163372045
decision_type=2 2 2 2 2 2 2 2 2 2 2 2 2 2 2 2 2 2 2 2 2 2 2 2
left_child=1 9 3 11 5 6 8 -6 -2 18 -7 13 14 15 -11 17 -9 -3 -1 -4 -10 -18 -21 -16
right_child=4 2 19 -5 7 10 -8 16 20 12 -12 -13 -14 -15 23 -17 21 -19 -20 22 -22 -23 -24 -25
leaf_value=-0.0025425278783693882 0 -0.016894887985813543 0 0 0 -0.0082284349408153958 -0.0010017157487901666 0 0 0 0 0 0 0 0 0 0.013952860880009126 0 0 0 0.01162040955869955 0 0.0027455103907242664 0.0098976486406337945
leaf_weight=0.19602583091545989 0.25721146907199022 1.0036237415233693 0.15953800617171499 0.077372677507810184 0.15809276495929214 0.31076369613219867 0.13015164493117481 0.035455925128189847 0.13707739131496055 0.066900593839818612 0.054049979895353317 0.28744686668505881 0.11553807351083378 0.11667262169248704 0.085467160068219528 0.0051430744642858564 0.58499305779332644 0.0059389753514552659 0.080493038607528433 0.032785975214210339 0.45471025495862705 0.020345041979453526 0.17506007576594129 0.46443015425029444
leaf_count=123 123 4107 50 25 54 649 24 11 17 11 1 35 151 348 55 3 1024 6 20 13 66 13 163 84
internal_value=0.000867576 -0.00267945 -0.00860716 -0.0129331 0.00655288 0 0.00440962 0.0109991 0.00803645 0.00461522 -0.005802 -0.0145288 0.0076667 -0.01593 0.00903922 -0.0165821 0.0135106 -0.0167528 0 0.00192791 0.0110825 0.0138472 0.00259534 0.00961446
internal_weight=5.01529 2.87244 1.86358 1.4962 2.14285 1.34396 0.979151 0.798887 0.848999 1.00885 0.364814 1.41883 0.732336 1.13138 0.616798 1.01471 0.640794 1.00956 0.276519 0.367384 0.591788 0.605338 0.207846 0.549897
internal_count=7176 5194 4750 4524 1982 880 230 1102 206 444 650 4499 301 4464 150 4116 1048 4113 143 226 83 1037 176 139
is_linear=0
shrinkage=0.05


Tree=261
num_leaves=24
num_cat=0
split_feature=6 20 3 38 5 29 5 34 36 36 57 38 8 36 36 34 36 48 38 57 38 8 57
split_gain=0.0623983 0.167183 0.0913982 0.0812778 0.0443386 0.0431803 0.0314997 0.0214178 0.0200805 0.0174487 0.015631 0.0151511 0.0123182 0.0106295 0.0103958 0.00919468 0.0083197 0.00660753 0.00569763 0.00660835 0.0046158 0.00184402 0.00140781
threshold=3.877779603004456 1.0000000180025095e-35 1.0000000180025095e-35 0.13397436589002612 0.73557159304618847 10.583333492279055 0.53158244490623485 0.41428571939468389 0.31180556118488317 0.91010102629661571 0.065070353448390975 0.070197045803070082 0.61250001192092907 0.20204082131385806 0.96824595332145702 0.47222222387790685 0.20204082131385806 2.5000000000000004 0.65978723764419567 0.063595164567232146 0.11696306616067888 0.61250001192092907 0.032154673710465438
decision_type=2 2 2 2 2 2 2 2 2 2 2 2 2 2 2 2 2 2 2 2 2 2 2
left_child=2 3 7 11 8 13 10 18 -5 -9 -4 21 15 -3 -11 -10 -13 -15 19 -1 -18 22 -2
right_child=1 5 6 4 -6 -7 -8 9 12 14 -12 16 -14 17 -16 -17 20 -19 -20 -21 -22 -23 -24
leaf_value=-0.0050684711754307556 -0.0026045529327421058 0 -0.015501481202714841 0 0 0 0 0.0086667024716104261 -0.01596628482197077 -0.0039272154394001937 0 0 0 0.018004275335851718 0.0025505227118358103 0 0.0079600075551661594 0 0 0 0 0 0
leaf_weight=0.22085457859793656 0.19839931559545199 0.01877533399965603 0.58964732226013428 0.088715600100840786 0.1319853660534136 0.10053518358108715 0.060759266692912206 0.43025169301836286 0.59677516713054501 0.19284653405338759 0.06296594999730587 0.056938604979222873 0.11496648027969059 1.0570224839866567 0.16711479405057617 0.014545429148711264 0.53971268388340832 0.028810206393245497 0.070744415774242952 0.036545241251587868 0.061832243058233871 0.097840145986992866 0.046878544148057699
leaf_count=194 104 7 3948 38 23 117 23 54 966 24 2 26 36 1264 40 14 175 7 6 2 66 34 6
internal_value=0.000885156 0.00524252 -0.00405334 -0.00235633 -0.00993623 0.0152933 -0.0124167 0.00226425 -0.0129221 0.0059701 -0.0144047 0.00369598 -0.0143053 0.0172148 0 -0.0154388 0.00627098 0.0176566 -0.000671052 -0.00343567 0.00732873 0 -0.00192407
internal_weight=4.98546 3.15373 1.83173 1.94859 0.946988 1.20514 0.713373 1.11836 0.815003 0.790213 0.652613 1.0016 0.726287 1.10461 0.359961 0.611321 0.658484 1.08583 0.328144 0.2574 0.601545 0.343118 0.245278
internal_count=7176 2883 4293 1488 1077 1395 3973 320 1054 118 3950 411 1016 1278 64 980 267 1271 202 196 241 144 110
is_linear=0
shrinkage=0.05


Tree=262
num_leaves=22
num_cat=0
split_feature=29 5 3 20 8 42 57 39 34 35 5 2 9 35 53 9 29 8 48 38 3
split_gain=0.0607783 0.0512048 0.0685804 0.0469741 0.0364645 0.0284841 0.0283569 0.0448226 0.0245142 0.0234647 0.0230585 0.0229913 0.0139958 0.013902 0.011354 0.0110877 0.0137441 0.00817784 0.00421382 0.000979908 0.00358225
threshold=3.1666666269302373 0.48507130146026617 0.57669684290885936 1.0000000180025095e-35 0.5634920895099641 0.45307917892932897 0.026327067054808143 6.3950443267822275 0.63068181276321422 0.89848890900611889 0.11215933039784433 0.26969698071479803 1.5000000000000002 0.51483678817749035 7.2474184036254892 13.500000000000002 12.833333492279055 0.16228070110082629 2.5000000000000004 0.090097405016422286 0.94269293546676647
decision_type=2 2 2 2 2 2 2 2 2 2 2 2 2 2 2 2 2 2 2 2 2
left_child=17 2 6 13 5 10 15 8 9 11 -4 12 -8 19 -5 16 -2 -1 -19 -3 -21
right_child=1 3 4 14 -6 -7 7 -9 -10 -11 -12 -13 -14 -15 -16 -17 -18 18 -20 20 -22
leaf_value=0 0 0 0 0.011029205355315793 0 0 0 0.0034118746198308954 0 0 -0.016680744626386697 0 -0.014570509120003594 -0.0053863239743869385 0 0 0.0096037330677302205 0.0098023536607642486 0 0.0030516425623467701 0
leaf_weight=0.3294181682722408 0.10471972921368511 0.15200135918712476 0.057916245234082231 0.40124639722489497 0.076418935375841102 0.077057374990545213 0.062235667974164022 0.23162311168562155 0.16345199942588806 0.092878952738828957 0.81702660202063271 0.055007186296279542 0.52307391360773181 0.25485460945310479 0.031410066585522145 0.03647899770658114 0.29844763291475829 0.81818740739254281 0.024336662492714822 0.22499392002282548 0.11396913744829362
leaf_count=118 117 63 114 305 69 55 6 65 17 8 3984 16 729 213 6 169 42 992 4 60 24
internal_value=0.000836949 -0.00161072 -0.00563299 0.00347364 -0.0118652 -0.0138923 0 -0.00249173 -0.00764782 -0.00996819 -0.0154566 -0.011864 -0.0134868 -0.000973336 0.00995809 0.00632964 0.00780133 0.00813466 0.00943926 4.00985e-05 0.00135329
internal_weight=4.94675 3.77481 2.59634 1.17848 1.02842 0.952 1.56792 1.12827 0.896648 0.733196 0.874943 0.640317 0.58531 0.745819 0.432656 0.439646 0.403167 1.17194 0.842524 0.490964 0.338963
internal_count=7176 6062 5391 671 4222 4153 1169 841 776 759 4098 751 735 360 311 328 159 1114 996 147 84
is_linear=0
shrinkage=0.05


Tree=263
num_leaves=21
num_cat=0
split_feature=6 4 49 57 37 2 12 40 2 37 37 53 47 37 57 42 6 57 2 4
split_gain=0.06021 0.0744034 0.0529062 0.0570776 0.0496886 0.0308065 0.020835 0.0198158 0.0158209 0.0144468 0.014008 0.01296 0.00958301 0.00503514 0.00432168 0.00270292 0.00142174 0.00137763 0.000593796 0.000298095
threshold=6.7326085567474374 0.26764950156211859 0.26785714924335485 0.013793759513646366 0.93405798077583324 0.19523809850215915 1.0000000180025095e-35 6.0383479595184335 0.47213622927665716 0.90661337971687328 0.96824595332145702 7.2474184036254892 0.63333335518836986 0.20204082131385806 0.031910113990306861 0.23904761672019961 6.4953796863555917 0.046804908663034446 0.10912698507308961 0.84549072384834301
decision_type=2 2 2 2 2 2 2 2 2 2 2 2 2 2 2 2 2 2 2 2
left_child=1 9 3 16 7 17 -4 8 -5 12 -11 13 -1 -7 -8 -14 -3 -2 -6 -20
right_child=5 2 6 4 18 11 14 -9 -10 10 -12 -13 15 -15 -16 -17 -18 -19 19 -21
leaf_value=0 -0.0017392906797103617 0 0.0059150272419670556 -0.018065670492344522 0 0 -0.0037055653608957951 0 0 -0.0046345283548919567 0.0027503958481830113 0 0 0.011227149527994768 0 0.0091633917012492426 0.0017860835572728957 0 0 0.0013841665662268497
leaf_weight=0.37332660291940578 0.13848825985041902 0.036861014337774001 0.32923944237700187 0.98291747106850358 0.18928519306064107 0.043374319619033375 0.19557694724062458 0.13002234533450963 0.018840521399397403 0.21198591703432612 0.18814813927747309 0.045819542341632657 0.21114311698329402 1.0855593590604256 0.045061868499033153 0.28893286164384335 0.12092219598707743 0.070147229387657717 0.047001722736240481 0.16379148896157858
leaf_count=180 63 230 128 4031 519 8 38 397 7 64 54 26 61 1054 84 30 2 18 93 89
internal_value=0.000889742 -0.00177802 -0.00698301 -0.0104047 -0.0130903 0.0076882 0.000142504 -0.0161798 -0.0174223 0.0042671 0 0.0100096 0.00643242 0.0108429 -0.00212695 0.00822461 0.000136289 0 0 0.00110727
internal_weight=4.91645 3.53306 2.25952 1.68964 1.53186 1.38339 0.569878 1.13178 1.00176 1.27354 0.400134 1.17475 0.873403 1.12893 0.240639 0.500076 0.157783 0.208635 0.400078 0.210793
internal_count=7176 6007 5618 5368 5136 1169 250 4435 4038 389 118 1088 271 1062 122 91 232 81 701 182
is_linear=0
shrinkage=0.05


Tree=264
num_leaves=29
num_cat=0
split_feature=35 8 36 21 38 3 36 9 42 34 5 9 5 57 31 33 47 29 38 36 3 57 42 57 5 38 57 29
split_gain=0.0580944 0.0590201 0.0923958 0.0899575 0.0253288 0.0403387 0.0248431 0.0286362 0.0235527 0.0191686 0.0138654 0.010558 0.0103483 0.00849502 0.00881509 0.00926537 0.00806556 0.00456179 0.00443633 0.00253049 0.00235855 0.0022763 0.00119407 0.000721772 0.000417636 0.000266348 0.000258429 0.000165783
threshold=0.89848890900611889 0.61250001192092907 0.48528139293193823 1.0000000180025095e-35 0.32200460135936743 0.72776681184768688 0.26876173913478857 7.5000000000000009 0.59687501192092907 0.63068181276321422 0.36778579652309423 7.5000000000000009 0.74388790130615245 0.043284084647893913 6.5000000000000009 1.0000000180025095e-35 0.81666666269302379 9.8333334922790545 0.063508063554763808 0.51887464523315441 0.99612402915954601 0.046804908663034446 0.39791667461395269 0.064429733902215972 0.61986863613128673 0.043560607358813293 0.048391293734312064 2.8333333730697636
decision_type=2 2 2 2 2 2 2 2 2 2 2 2 2 2 2 2 2 2 2 2 2 2 2 2 2 2 2 2
left_child=1 2 6 4 5 18 27 -8 12 10 20 25 16 -2 15 17 23 19 -4 -15 22 24 26 -5 -7 -3 -6 -1
right_child=13 11 3 8 9 21 7 -9 -10 -11 -12 -13 -14 14 -16 -17 -18 -19 -20 -21 -22 -23 -24 -25 -26 -27 -28 -29
leaf_value=0 0 0 0 -0.017058722857789584 -0.009374839888927575 -0.0027056984439820472 0.0098414175357475157 0 0 0 0 0 0 0 0 0 0 0 0.0097808980281868484 0.011659371468105117 0 0 0 0 0 0.0077087760732546797 0 -0.00065649008058660393
leaf_weight=0.01553010486532036 0.021163641271414124 0.0080934599973260246 0.026657799353415612 1.1589148109042069 0.34892654150462477 0.17095052359945839 0.66879897447688563 0.077595980666956166 0.032687962971977069 0.15927447297144681 0.05914061788462277 0.035178358019038569 0.027778584320912958 0.016145872366905678 0.05111073843727354 0.06345698177756276 0.031393998520797939 0.029319540393771604 0.53639628523342253 0.67205964904860593 0.010278393547196174 0.03248229376913514 0.0046280176684376775 0.021672088303603121 0.005357067107979673 0.48000061234779423 0.0047322287282440803 0.12078568346259999
leaf_count=5 15 2 12 1291 2180 660 302 535 4 45 105 27 20 21 16 80 15 19 365 778 51 6 10 7 6 408 6 185
internal_value=0.000909618 -0.00117697 -0.0045546 -0.00903812 0 0.00456233 0.0038564 0.0071803 -0.0151492 -0.00408184 -0.00721703 0.00632235 -0.0160977 0.00878821 0.0094719 0.0102306 -0.0165556 0.0110462 0.0093241 0.0114409 -0.00892551 -0.00123292 -0.00919829 -0.0169493 -0.0025298 0.00765863 -0.0093329 -0.000245666
internal_weight=4.89051 4.03725 3.51398 2.63127 1.35882 0.771844 0.882711 0.746395 1.27245 0.58698 0.427706 0.523272 1.23976 0.853256 0.832093 0.780982 1.21198 0.717525 0.563054 0.688206 0.368565 0.20879 0.358287 1.18059 0.176308 0.488094 0.353659 0.136316
internal_count=7176 6247 5810 4783 3446 1049 1027 837 1337 2397 2352 437 1333 929 914 898 1313 818 377 799 2247 672 2196 1298 666 410 2186 190
is_linear=0
shrinkage=0.05


Tree=265
num_leaves=22
num_cat=0
split_feature=34 9 5 57 53 46 4 38 2 9 2 45 45 4 48 5 8 35 35 35 35
split_gain=0.0565962 0.0677306 0.0466182 0.0415724 0.0324655 0.031014 0.0297044 0.0282027 0.0172477 0.0131209 0.0106547 0.0119309 0.00753609 0.00740176 0.00469229 0.00315322 0.00124914 0.000718878 0.000668938 0.00312701 0.000587462
threshold=0.47222222387790685 4.5000000000000009 0.61986863613128673 0.013793759513646366 7.2474184036254892 0.26785714924335485 0.85786435008049022 0.81322672963142406 0.41885964572429663 9.5000000000000018 0.23904761672019961 10.211958885192873 29.148195266723636 0.99612402915954601 2.5000000000000004 0.52762517333030712 0.82085561752319347 0.42550456523895269 0.66435045003891002 0.45421318709850317 0.49536527693271643
decision_type=2 2 2 2 2 2 2 2 2 2 2 2 2 2 2 2 2 2 2 2 2
left_child=1 5 3 17 9 6 -1 8 13 12 11 15 14 16 -2 -7 -5 -3 19 -8 -4
right_child=4 2 20 7 -6 10 18 -9 -10 -11 -12 -13 -14 -15 -16 -17 -18 -19 -20 -21 -22
leaf_value=0.0099014573099681698 0.010681327969655364 0.0012610944621191632 0.0011384787893224059 -0.016391973722682994 0 -0.0072532976668560224 0 0 0 0 0 0 0 0 0 0 0 0 0 -0.0027416779417807689 0
leaf_weight=0.71412849259468225 1.4074869053310974 0.13005596779112227 0.13310342692784605 0.94381450667242439 0.14385740653960954 0.27580958177532 0.10018822229176294 0.042638022950995835 0.038744692559703253 0.031372100325825047 0.12994061440986115 0.1076669123613101 0.055507492725155205 0.034727171168924542 0.02801406408616447 0.022187769878655672 0.0092008513165637851 0.069067990349140018 0.07936948397764354 0.26248693519482913 0.10145685826500994
leaf_count=184 1458 16 27 4014 49 307 55 14 10 237 150 52 28 114 20 2 3 235 62 76 63
internal_value=0.000915626 -0.0019694 -0.00815793 -0.0111721 0.00698631 0.0026588 0.00659534 -0.0136769 -0.0150261 0.00915258 -0.00134395 -0.00457414 0.00989914 -0.0158707 0.0103905 -0.00675557 -0.0163044 0 0 -0.00110781 0
internal_weight=4.86083 3.19459 1.50281 1.26825 1.66624 1.69178 1.15617 1.06913 1.02649 1.52238 0.535605 0.405664 1.49101 0.987743 1.4355 0.297997 0.953015 0.199124 0.442045 0.362675 0.23456
internal_count=7176 5384 4496 4406 1792 888 377 4155 4141 1743 511 361 1506 4131 1478 309 4017 251 193 131 90
is_linear=0
shrinkage=0.05


Tree=266
num_leaves=23
num_cat=0
split_feature=6 9 3 5 53 42 57 5 34 36 36 57 2 29 36 48 38 57 9 9 8 38
split_gain=0.0582474 0.101968 0.0844363 0.0300825 0.0249683 0.0236749 0.0294143 0.0438465 0.0193836 0.0177817 0.0157862 0.0143774 0.0110357 0.00971884 0.00921142 0.00725486 0.0049658 0.00606847 0.00389164 0.000762803 7.70308e-05 3.75422e-05
threshold=3.877779603004456 4.5000000000000009 1.0000000180025095e-35 0.53158244490623485 7.0446858406066903 0.028991596773266796 0.013793759513646366 0.61986863613128673 0.41428571939468389 0.20204082131385806 0.91010102629661571 0.065070353448390975 0.43650794029235845 9.166666507720949 0.96824595332145702 1.5000000000000002 0.65978723764419567 0.063595164567232146 1.0000000180025095e-35 13.500000000000002 0.70714285969734203 0.30094340443611151
decision_type=2 2 2 2 2 2 2 2 2 2 2 2 2 2 2 2 2 2 2 2 2 2
left_child=2 4 8 11 9 6 19 12 16 -2 -10 -4 20 15 -12 18 17 -1 -11 -3 -8 -7
right_child=1 5 3 -5 -6 21 7 -9 10 13 14 -13 -14 -15 -16 -17 -18 -19 -20 -21 -22 -23
leaf_value=-0.0047935415753497732 0 0.001299686545552185 -0.015033721606224348 0 0 0 -0.013302129884144007 0 0.0082753521362330228 0 -0.003713839313299828 0 0 0 0.0023891049938287415 0 0 0 0.014439899778328456 0 0 0.0013257835442239347
leaf_weight=0.21366133426636202 0.066577814519405698 0.12895168892282505 0.56869626875686652 0.060182739849551581 0.10965334566571971 0.035239712993643368 0.59401498366787564 0.19886686171230394 0.42019397404510528 0.1522776476049329 0.18825809922418557 0.062263770028948784 0.025853477709461004 0.032200142177316482 0.16320476023247465 0.040920448744145577 0.069188698289508466 0.035850565880537033 1.4379318395294829 0.0411048665700946 0.050299478316446766 0.14257163840375142
leaf_count=194 14 20 3948 23 64 33 1173 59 54 48 24 2 6 30 40 20 6 2 1254 68 9 85
internal_value=0.000882495 0.00516525 -0.00388304 -0.0119968 0.011091 -0.00249943 -0.00590587 -0.00879756 0.00214684 0.0122808 0.00571139 -0.0139766 -0.0123387 0.0130873 0 0.0135133 -0.000478467 -0.00319016 0.0138743 0 -0.0130926 0.00127492
internal_weight=4.83796 3.05646 1.7815 0.691143 1.83956 1.2169 1.03909 0.869035 1.09036 1.72991 0.771657 0.63096 0.670168 1.66333 0.351463 1.63113 0.318701 0.249512 1.59021 0.170057 0.644314 0.177811
internal_count=7176 2883 4293 3973 1430 1453 1335 1247 320 1366 118 3950 1188 1352 64 1322 202 196 1302 88 1182 118
is_linear=0
shrinkage=0.05


Tree=267
num_leaves=23
num_cat=0
split_feature=39 21 5 31 25 9 8 38 36 38 53 34 31 36 6 6 2 42 3 6 6 2
split_gain=0.0552544 0.0547892 0.0755034 0.0679714 0.0438062 0.0353791 0.0239675 0.022515 0.0180295 0.0210982 0.0155967 0.0151462 0.00943991 0.00826004 0.0079533 0.00418985 0.00381686 0.0028973 0.00215906 0.00270029 0.00174797 0.00052216
threshold=6.2203564643859872 1.0000000180025095e-35 0.70381036400794994 2.5000000000000004 1.0000000180025095e-35 13.500000000000002 0.80909091234207164 0.070197045803070082 0.52255764603614818 0.78817018866539013 1.0000000180025095e-35 0.41428571939468389 6.5000000000000009 0.20204082131385806 7.5028312206268319 7.2474184036254892 0.21980676054954532 0.40990260243415838 0.67290210723876964 6.8764495849609384 6.4953796863555917 0.36931818723678594
decision_type=2 2 2 2 2 2 2 2 2 2 2 2 2 2 2 2 2 2 2 2 2 2
left_child=1 3 4 5 6 7 8 -1 18 15 13 -2 -13 -9 -15 -10 17 -5 -3 -20 -4 -6
right_child=11 2 20 16 21 -7 -8 10 9 -11 -12 12 -14 14 -16 -17 -18 -19 19 -21 -22 -23
leaf_value=0 0 0.00088275731110329814 0 -0.0063202172256843232 0.0010727954160538874 0 0 0 -0.016493055861336588 0 0 0.011255201707792435 0 0.013429824870045352 0 0 0 0 -0.003096253298229901 0 0.0042456957371759798 0
leaf_weight=0.132772673003274 0.32672108414590173 0.19196508493405451 0.055265745060751104 0.25419893256730564 0.13425298266520247 0.087243314892475499 0.04912714949750796 0.014269937793869647 1.0913911591551366 0.14612683558880224 0.028441367043342214 0.54405832466545689 0.051204576986492611 1.140842589727981 0.019330768496729323 0.025057471473701187 0.017741379469953245 0.011131636798381805 0.17031054009748914 0.05134138285939116 0.20183138041466009 0.063567517310730182
leaf_count=54 529 74 21 966 31 665 16 50 1206 45 192 858 19 1849 5 17 22 1 279 7 232 38
internal_value=0.00082818 -0.00127831 -0.00613529 0.00305457 -0.00998048 0.00817345 -0.0121254 0.0103523 -0.0131192 -0.0149499 0.0117975 0.00835404 0.0103836 0.0126068 0.0130208 -0.0162435 -0.00509549 -0.00581974 0 -0.00191259 0.00370908 0
internal_weight=4.80819 3.88621 2.18024 1.70597 1.92314 1.4229 1.72532 1.33566 1.67619 1.26258 1.20288 0.921984 0.595263 1.17444 1.16017 1.11645 0.283072 0.265331 0.413617 0.221652 0.257097 0.19782
internal_count=7176 5770 1966 3804 1713 2815 1644 2150 1628 1268 2096 1406 877 1904 1854 1223 989 967 360 286 253 69
is_linear=0
shrinkage=0.05


Tree=268
num_leaves=16
num_cat=0
split_feature=42 35 57 46 36 53 35 3 58 9 31 35 48 29 36
split_gain=0.0544654 0.0722112 0.0887081 0.0386445 0.0434055 0.0305068 0.0212691 0.011982 0.0112076 0.011017 0.00880242 0.005074 0.0039381 0.00210563 0.00147053
threshold=0.20991431921720508 0.45421318709850317 0.047378849238157279 0.81666666269302379 0.39504285156726843 7.2474184036254892 0.39164614677429205 0.96899038553237926 1.0000000180025095e-35 9.5000000000000018 6.5000000000000009 0.6711879074573518 2.5000000000000004 7.1666667461395273 0.86512476205825817
decision_type=2 2 2 2 2 2 2 2 2 2 2 2 2 2 2
left_child=1 6 3 4 -3 9 14 -6 -8 10 11 -2 -13 -4 -1
right_child=5 2 13 -5 7 -7 8 -9 -10 -11 -12 12 -14 -15 -16
leaf_value=-0.0017756462796105184 0 0 0.0038390240412873875 0 -0.016719146380237557 0 0.008700463100723364 0 0 0 0 0.010580403818419811 0 0 0
leaf_weight=0.16600873836068819 0.031738447025418171 0.30857307653241184 0.33334022657072626 0.14067510899621982 1.1509849323720116 0.14177784930143378 0.59176544767979067 0.14644587521888741 0.1109669339221 0.027583658569710567 0.049727461460861266 1.4184149159482329 0.025653607393905875 0.041972432727561682 0.097150213863642421
leaf_count=106 31 459 263 25 4059 59 150 354 151 194 15 1203 7 63 37
internal_value=0.000810094 -0.00207347 -0.007132 -0.0115464 -0.0133262 0.00673892 0.00447122 -0.0157694 0.0073695 0.00882083 0.00946374 0.0100125 0.0103316 0.00323431 0
internal_weight=4.78278 3.08788 2.12199 1.74668 1.606 1.6949 0.965891 1.29743 0.702732 1.55312 1.52553 1.47581 1.44407 0.375313 0.263159
internal_count=7176 5667 5223 4897 4872 1509 444 4413 301 1450 1256 1241 1210 326 143
is_linear=0
shrinkage=0.05


Tree=269
num_leaves=25
num_cat=0
split_feature=6 20 3 35 29 37 5 5 35 47 40 2 57 37 37 37 48 38 37 3 35 8 6 3
split_gain=0.0561987 0.146128 0.0806421 0.0804288 0.0380623 0.0321829 0.0292655 0.028588 0.0179645 0.0170387 0.0230621 0.0147966 0.0136291 0.00980346 0.00912858 0.00681156 0.00598589 0.00577313 0.0058386 0.00530288 0.00474771 0.00174795 0.000347754 5.01446e-06
threshold=3.877779603004456 1.0000000180025095e-35 1.0000000180025095e-35 0.45421318709850317 10.583333492279055 0.31180556118488317 0.53158244490623485 0.74388790130615245 0.39164614677429205 0.58571431040763866 2.8194408416748051 0.4083333313465119 0.065070353448390975 0.20204082131385806 0.91010102629661571 0.96824595332145702 2.5000000000000004 0.043560607358813293 0.63003221154212963 0.22926223278045657 0.92269384860992443 0.68333333730697643 6.8764495849609384 0.73706510663032543
decision_type=2 2 2 2 2 2 2 2 2 2 2 2 2 2 2 2 2 2 2 2 2 2 2 2
left_child=2 3 9 8 13 22 12 11 21 20 -11 19 -4 -3 -12 -16 -15 -10 -19 -7 -1 23 -5 -2
right_child=1 4 6 5 -6 7 -8 -9 17 10 14 -13 -14 16 15 -17 -18 18 -20 -21 -22 -23 -24 -25
leaf_value=-0.0032082525767685682 0 0 -0.014810876168125341 0 0 0 0 0 0 0 0.0095544658007208714 0 0 0.017181424016234022 -0.0026705099563781253 0.0027439035294130809 0 0 0.0086619938488378557 -0.015497419356433138 0 0 0.00088305221799204559 -0.0019598496589777179
leaf_weight=0.17301695418427676 0.03791130618628813 0.0183036525704664 0.55893846627168375 0.070328311841876712 0.09541872764202719 0.019694883143529296 0.05958892571470642 0.065907198353670537 0.072541921588708647 0.080970952665666118 0.43752335840690648 0.11169059592066333 0.061364203691482544 0.99939315514347959 0.1624076668813359 0.16071756300516427 0.028214379795826972 0.1337725528574083 0.42739040850756282 0.59251570031483425 0.060967113822698593 0.076768155180616304 0.1149081262992695 0.14095246480064816
leaf_count=172 25 7 3948 66 117 3 23 17 15 48 58 18 2 1264 8 33 7 91 136 1015 1 19 8 75
internal_value=0.000796051 0.0050624 -0.00388035 -0.00207924 0.0145864 -0.0095545 -0.0118209 -0.0120702 0.00418921 0.00200687 0.00524959 -0.0138823 -0.013785 0.0164072 0.00784679 0 0.0168438 0.00691273 0.00769748 -0.0151332 -0.000407048 0 0 -0.00192532
internal_weight=4.76121 3.00571 1.7555 1.86438 1.14133 0.975045 0.679892 0.789808 0.889337 1.0756 0.84162 0.723901 0.620303 1.04591 0.760649 0.323125 1.02761 0.633705 0.561163 0.612211 0.233984 0.255632 0.185236 0.178864
internal_count=7176 2883 4293 1488 1395 1127 3973 1053 361 320 147 1036 3950 1278 99 41 1271 242 227 1018 173 119 74 100
is_linear=0
shrinkage=0.05


Tree=270
num_leaves=26
num_cat=0
split_feature=6 12 47 57 9 38 8 35 40 45 36 29 42 36 57 39 45 8 6 29 3 57 6 6 29
split_gain=0.0549073 0.0671393 0.0384405 0.0535297 0.0289172 0.0326543 0.025005 0.0208429 0.0179584 0.0143296 0.0142736 0.0114248 0.0102921 0.00738725 0.00490655 0.0017317 0.00413437 0.00124495 0.00102979 0.000842953 0.000509092 0.000455625 0.000357376 1.0432e-05 0.000465919
threshold=6.7326085567474374 1.0000000180025095e-35 0.77500000596046459 0.013793759513646366 9.5000000000000018 0.4695423692464829 0.39230769872665411 0.91139987111091625 3.838558673858643 11.12900495529175 0.32037734985351568 14.833333492279055 0.39791667461395269 0.23582887649536136 0.026246013119816784 6.1432809829711923 23.080025672912601 0.82085561752319347 6.4953796863555917 4.1666667461395273 0.78065484762191784 0.045553633943200118 4.9498584270477304 3.9130500555038457 3.4166666269302373
decision_type=2 2 2 2 2 2 2 2 2 2 2 2 2 2 2 2 2 2 2 2 2 2 2 2 2
left_child=1 4 3 18 5 8 21 9 10 22 -1 13 17 -8 -12 -9 -17 -5 -3 20 -4 -2 -7 24 -10
right_child=6 2 19 12 -6 7 11 15 23 -11 14 -13 -14 -15 -16 16 -18 -19 -20 -21 -22 -23 -24 -25 -26
leaf_value=0 -0.0009987227037077486 0 0.0017218389121242622 -0.015686771199094427 -0.0028982245588923873 -0.0076906646249577512 0 0 0 0 0 0 0 0.010757221822212738 0.012725743491306053 0.004790980297814839 0 0 0.0015175914317492678 0 0 0 0 0 -0.0010279076547358745
leaf_weight=0.039652878149354587 0.14197889261413355 0.054257732212136256 0.14010771863831906 0.73338995721769606 0.16732070384568931 0.28030772167221574 0.056171294272644334 0.18596912511566188 0.033907084296515677 0.13527402372164943 0.20152408509420638 0.025867844000458606 0.074159943565973663 1.037580690688628 0.55123477472079685 0.20960272876254749 0.044216362279257737 0.0093330509698716924 0.11783849180210382 0.084334714169017388 0.066906736945384182 0.065012628852855414 0.011718647478119237 0.13049757355838665 0.12708983517040906
leaf_count=45 64 160 45 2726 1235 526 12 35 18 56 139 1 46 1073 192 100 16 10 3 98 51 19 31 34 441
internal_value=0.000741102 -0.0017949 -0.00857759 -0.0115182 0.00213724 0.00509921 0.00736613 0 0.00871754 -0.0052278 0.010649 0.00943668 -0.014795 0.0101879 0.0116759 0.00301632 0.00372833 -0.0155875 0 0 0.00132134 0 -0.00761041 0 -0.000149878
internal_weight=4.72526 3.39864 1.28033 0.988979 2.11832 1.95099 1.32661 0.867089 1.08391 0.4273 0.792412 1.11962 0.816883 1.09375 0.752759 0.439788 0.253819 0.742723 0.172096 0.291349 0.207014 0.206992 0.292026 0.291494 0.160997
internal_count=7176 6007 3139 2945 2868 1633 1169 764 869 613 376 1086 2782 1085 331 151 116 2736 163 194 96 83 557 493 459
is_linear=0
shrinkage=0.05


Tree=271
num_leaves=21
num_cat=0
split_feature=6 58 4 5 9 6 5 35 34 36 57 29 45 9 36 35 57 35 38 36
split_gain=0.0527038 0.100056 0.0771677 0.0617798 0.0469787 0.0309926 0.0283283 0.024295 0.0179413 0.0139834 0.01321 0.012537 0.0101497 0.00831744 0.00825307 0.00518324 0.00601769 0.00205194 0.00127266 0.000562739
threshold=3.877779603004456 1.0000000180025095e-35 1.0000000180025095e-35 0.77664399147033703 7.5000000000000009 7.0446858406066903 0.53158244490623485 0.39164614677429205 0.41428571939468389 0.91010102629661571 0.065070353448390975 10.583333492279055 11.267232418060305 1.0000000180025095e-35 0.96824595332145702 0.92269384860992443 0.063595164567232146 0.42550456523895269 0.043560607358813293 0.96922349929809581
decision_type=2 2 2 2 2 2 2 2 2 2 2 2 2 2 2 2 2 2 2 2
left_child=2 4 8 5 7 12 10 -2 15 -10 -4 13 19 -9 -11 16 -1 -6 -15 -3
right_child=1 3 6 -5 17 -7 -8 11 9 14 -12 -13 -14 18 -16 -17 -18 -19 -20 -21
leaf_value=-0.0048250900909869157 0 -0.0132336458506771 -0.014571579121544548 0.0038757248252320933 0 0 0 0 0.0078662960219188158 -0.0035132523427681417 0 0 0 0 0.0022781214174406993 0 0 -0.0021138039705648477 0.015138988069820655 0
leaf_weight=0.21452615405723896 0.11284739809343669 0.52196985558384756 0.54868229953717662 0.19125229692144785 0.1701216310248127 0.13633450415363768 0.058979134922992671 0.12804592965403561 0.40805912918585818 0.18373911469825543 0.06119794026017189 0.057694737672136287 0.020294830297643784 0.051886976289097109 0.16031704137276392 0.065095213241875172 0.035127379931509495 0.14808634676592192 1.4119821809945277 0.01562911364089814
leaf_count=198 23 874 3948 355 47 54 23 39 54 24 2 25 48 5 40 2 2 370 1007 36
internal_value=0.000698501 0.00489112 -0.00380746 -0.00369364 0.0101807 -0.0097869 -0.011611 0.0125738 0.00191641 0.00545671 -0.0135553 0.0137024 -0.0124057 0.0142839 0 -0.000456223 -0.00325397 0 0.0149356 -0.0131314
internal_weight=4.70187 2.96615 1.73572 0.885481 2.08067 0.694228 0.668859 1.76246 1.06686 0.752115 0.60988 1.64961 0.557894 1.59192 0.344056 0.314749 0.249654 0.318208 1.46387 0.537599
internal_count=7176 2883 4293 1367 1516 1012 3973 1099 320 118 3950 1076 958 1051 64 202 200 417 1012 910
is_linear=0
shrinkage=0.05


Tree=272
num_leaves=19
num_cat=0
split_feature=5 4 8 20 39 5 5 38 34 39 37 37 8 51 14 38 6 38
split_gain=0.0509476 0.104378 0.0734196 0.0729433 0.0325841 0.0212664 0.0166016 0.0161698 0.0436822 0.0306684 0.0234311 0.0198959 0.0175994 0.0117039 0.00917124 0.00779603 0.00327965 0.000178553
threshold=0.48507130146026617 0.57669684290885936 0.5634920895099641 1.0000000180025095e-35 6.8764495849609384 0.11215933039784433 0.69309264421463024 0.37089946866035467 0.63068181276321422 6.3950443267822275 0.73942822217941295 0.96824595332145702 0.48333333432674414 0.30000000447034841 1.0000000180025095e-35 1.0000000180025095e-35 1.0000000180025095e-35 0.28165064752101904
decision_type=2 2 2 2 2 2 2 2 2 2 2 2 2 2 2 2 2 2
left_child=1 7 4 6 5 -3 14 10 9 11 17 12 -9 -5 -2 -16 -10 -1
right_child=3 2 -4 13 -6 -7 -8 8 16 -11 -12 -13 -14 -15 15 -17 -18 -19
leaf_value=-0.00062966001632768507 0 0 0.0013956830130094251 0.014537733476849533 0 -0.016644842361025314 0.0021814212209016865 -0.01248451041760284 0.0068776225369086841 0 0.0092236211856828818 0 0 0 0 -0.0072557784856244721 0 0
leaf_weight=0.1258904897476899 0.11793630523970933 0.053374883771539205 0.14443384201513243 0.541346514924953 0.073783399078820255 1.0084080742935837 0.21524683698225999 0.45741019454726461 0.28235643154766876 0.15780608099521487 0.58572825777082471 0.08343257716842345 0.061656553993088892 0.036161371528578456 0.030981829440861475 0.48423174679737713 0.086574586246570107 0.12471882803220069
leaf_count=232 75 110 178 926 77 4108 77 484 54 30 235 50 36 49 4 274 45 132
internal_value=0.00062467 -0.00190721 -0.0102701 0.00685931 -0.014054 -0.0156234 0 0.0034795 0 -0.00567777 0.00644714 -0.00912449 -0.0109806 0.0137096 -0.00467681 -0.00622149 0.00619038 0
internal_weight=4.67148 3.24557 1.28 1.4259 1.13557 1.06178 0.848397 1.96557 1.12924 0.760305 0.836338 0.602499 0.519067 0.577508 0.63315 0.515214 0.368931 0.250609
internal_count=7176 5771 4473 1405 4295 4218 430 1298 699 600 599 570 520 975 353 278 99 364
is_linear=0
shrinkage=0.05


Tree=273
num_leaves=25
num_cat=0
split_feature=35 6 34 57 49 38 40 8 36 47 51 57 33 48 45 35 36 38 8 36 57 8 34 57
split_gain=0.0497547 0.0557524 0.047563 0.0650196 0.0898193 0.044405 0.0251276 0.0165599 0.0137783 0.0103244 0.00804725 0.00727814 0.00750422 0.00790659 0.0087622 0.00618866 0.0060807 0.00604091 0.0046329 0.00404835 0.00319849 0.000988949 0.000937704 0.000137823
threshold=0.89848890900611889 6.7326085567474374 0.41428571939468389 0.013793759513646366 0.26785714924335485 0.4695423692464829 4.1051349639892587 0.39230769872665411 0.99137932062149059 0.86607143282890331 1.0000000180025095e-35 0.043284084647893913 1.0000000180025095e-35 1.5000000000000002 29.148195266723636 0.42550456523895269 0.23582887649536136 0.89699381589889537 0.83974358439445507 0.51668518781661998 0.015038444194942715 0.39230769872665411 0.5634920895099641 0.042822610586881645
decision_type=2 2 2 2 2 2 2 2 2 2 2 2 2 2 2 2 2 2 2 2 2 2 2 2
left_child=1 2 3 15 9 22 17 23 10 18 16 -2 13 14 19 -1 -9 21 -5 -13 -6 -7 -4 -3
right_child=11 7 5 4 20 6 -8 8 -10 -11 -12 12 -14 -15 -16 -17 -18 -19 -20 -21 -22 -23 -24 -25
leaf_value=0.0037517678000624798 0 -0.00055175180442324325 0.0084198057267078127 -0.017771199071731632 0 -0.008788973588947608 0 0 0 0 0 0 0 0 0 0 0.0091991894783084362 0 0 0.011515589405434574 0.0024830437757162333 0 0 0
leaf_weight=0.18740107092890035 0.019621848616225068 0.13180873304372631 0.30153594935291028 1.0566916483321616 0.10287427264847782 0.31427665968476504 0.19711802392703248 0.054327034449670464 0.097568519260676112 0.079420401612878666 0.047192167432513088 0.013208523487264756 0.060742944966477808 0.084713680655113421 0.049652513756882399 0.063914853999449406 0.77091069475136464 0.01691401961579686 0.0055537153966725974 0.57836052457423648 0.29692738970334176 0.0087440259958384559 0.039287709370910306 0.061631339573068544
leaf_count=17 15 63 117 4352 22 754 42 11 56 36 20 17 82 33 23 233 375 4 2 759 47 21 63 12
internal_value=0.000717931 -0.00118063 -0.0054097 -0.00900141 -0.0123494 0.000150077 -0.00370763 0.00422933 0.00637643 -0.0169064 0.00782137 0.00816957 0.00881242 0.00955309 0.0103931 0.00099624 0.00858939 -0.00791523 -0.0175883 0.011187 0 -0.00865256 0.00818948 0
internal_weight=4.6404 3.8341 2.67066 1.79278 1.54147 0.877876 0.537053 1.16344 0.969998 1.14167 0.87243 0.8063 0.786678 0.725935 0.641222 0.251316 0.825238 0.339935 1.06225 0.591569 0.399802 0.323021 0.340824 0.19344
internal_count=7176 6247 5710 4709 4459 1001 821 537 462 4390 406 929 914 832 799 250 386 779 4354 776 69 775 180 75
is_linear=0
shrinkage=0.05


Tree=274
num_leaves=17
num_cat=0
split_feature=8 58 3 5 5 8 29 45 38 34 36 45 36 38 47 53
split_gain=0.0487214 0.104846 0.0626577 0.0774962 0.0595137 0.0283958 0.0262022 0.0196861 0.0180554 0.0169841 0.0130417 0.0111278 0.00752831 0.00419855 0.00327486 0.0019452
threshold=0.240384615957737 1.0000000180025095e-35 1.0000000180025095e-35 0.44504831731319433 0.77664399147033703 0.82085561752319347 13.833333492279055 20.332776069641117 0.070197045803070082 0.41428571939468389 0.91010102629661571 11.267232418060305 0.96824595332145702 0.65978723764419567 0.86607143282890331 7.2474184036254892
decision_type=2 2 2 2 2 2 2 2 2 2 2 2 2 2 2 2
left_child=2 6 9 7 5 11 8 -4 -2 13 -11 -3 -12 14 -1 -10
right_child=1 4 3 -5 -6 -7 -8 -9 15 10 12 -13 -14 -15 -16 -17
leaf_value=-0.0039683606053155726 0 -0.012660379072453458 -0.015879928491668315 0.0017029287830379167 0.0037423804248484685 0 0 0 0.013341226102878204 0.0076826428076899687 -0.0033554242267814006 0 0.0021856699247154105 0 0 0
leaf_weight=0.1923049543838713 0.18399936151399776 0.59578335687001516 0.66000754487868096 0.15126717193743389 0.18785001624200959 0.066559077524289023 0.063262789144573506 0.082903796341270208 1.5151481552993571 0.40219119073299225 0.18025437706819503 0.022799530815973412 0.15810413245344535 0.067484671213605907 0.048686695285141468 0.033776807038520817
leaf_count=193 41 891 4166 55 355 46 132 5 1084 54 24 57 40 6 3 24
internal_value=0.000755357 0.00508486 -0.00319988 -0.00972086 -0.00364052 -0.00965144 0.0108991 -0.0145582 0.0120627 0.00194978 0.00536814 -0.0118676 0 -0.000266236 -0.00292109 0.0131804
internal_weight=4.61238 2.66918 1.9432 0.894179 0.872992 0.685142 1.79619 0.742911 1.73292 1.04903 0.74055 0.618583 0.338359 0.308476 0.240992 1.54892
internal_count=7176 2630 4546 4226 1349 994 1281 4171 1149 320 118 948 64 202 196 1108
is_linear=0
shrinkage=0.05


Tree=275
num_leaves=22
num_cat=0
split_feature=39 21 5 31 49 9 8 35 35 35 36 31 36 36 2 42 40 40 57 2 57
split_gain=0.0484529 0.0489475 0.0686863 0.0593719 0.0491669 0.0318299 0.0213604 0.0215647 0.0201873 0.0153947 0.0148248 0.00801183 0.00783946 0.00582262 0.00327772 0.00252688 0.00125404 0.00080366 0.00028279 5.29314e-05 4.78748e-05
threshold=6.2203564643859872 1.0000000180025095e-35 0.70381036400794994 2.5000000000000004 0.18333333730697635 13.500000000000002 0.87083333730697643 0.95719459652900707 0.38585758209228521 0.73128581047058117 0.52255764603614818 6.5000000000000009 0.20204082131385806 0.23582887649536136 0.21980676054954532 0.40990260243415838 3.241702795028687 2.9236420392990117 0.032154673710465438 0.36931818723678594 0.031910113990306861
decision_type=2 2 2 2 2 2 2 2 2 2 2 2 2 2 2 2 2 2 2 2 2
left_child=1 3 4 5 6 8 7 10 -1 -2 18 13 -10 -11 15 -5 -15 -14 -3 -6 -4
right_child=9 2 20 14 19 -7 -8 -9 12 11 -12 -13 17 16 -16 -17 -18 -19 -20 -21 -22
leaf_value=0 0 -0.00079571021734931328 0 -0.0057975138818127329 0.0003380467193096258 0 0 0 0 0 -0.016031954246481208 0 0.01222439438116933 0 0 0 0.010741843419850884 0 0 0 0.0034217392646939634
leaf_weight=0.095591149987740542 0.1217430935212177 0.11659021241030165 0.023970579801243619 0.23980199218476617 0.15797685232610081 0.082704112090141169 0.036586072033969574 0.099799106013961025 0.015417772372529615 0.017324869462754577 1.0744594169291302 0.04889407625887543 0.96828505569465029 0.013883725421692361 0.016780955820649979 0.010659840889275074 0.67247858781774994 0.19576336391401128 0.2732409478903719 0.081263379368465394 0.22039840892830398
leaf_count=30 406 234 12 966 47 665 5 15 60 6 1225 19 844 57 22 1 918 1216 124 63 241
internal_value=0.00071208 -0.00123552 -0.00592692 0.00284263 -0.0096761 0.00777373 -0.0122272 -0.0131325 0.00987951 0.00789318 -0.0141889 0.00941223 0.0111822 0.0101434 -0.00462948 -0.00531721 0.0106103 0.0116185 0 0 0.0033744
internal_weight=4.58361 3.70929 2.08428 1.625 1.83992 1.35776 1.60068 1.56409 1.27506 0.874324 1.46429 0.752581 1.17947 0.703687 0.267243 0.250462 0.686362 1.16405 0.389831 0.23924 0.244369
internal_count=7176 5770 1966 3804 1713 2815 1603 1598 2150 1406 1583 1000 2120 981 989 967 975 2060 358 110 253
is_linear=0
shrinkage=0.05


Tree=276
num_leaves=25
num_cat=0
split_feature=29 34 49 35 57 36 8 35 40 8 36 2 40 12 33 58 9 40 35 36 9 35 46 42
split_gain=0.0471776 0.0388555 0.0457086 0.0471041 0.0517696 0.0431586 0.045469 0.0339615 0.013024 0.0104684 0.0137103 0.0094137 0.00931008 0.0087822 0.00643161 0.0047307 0.00238499 0.00209385 0.00103473 0.00102915 0.00051353 0.000463506 0.000220883 5.55872e-05
threshold=3.1666666269302373 0.47222222387790685 0.18333333730697635 0.88447710871696483 0.013793759513646366 0.31180556118488317 0.83974358439445507 0.82346752285957348 2.8194408416748051 0.18465909361839297 0.96824595332145702 0.47213622927665716 4.504641294479371 1.0000000180025095e-35 1.0000000180025095e-35 1.0000000180025095e-35 1.0000000180025095e-35 7.0598793029785165 0.87649399042129528 0.26876173913478857 5.5000000000000009 0.42550456523895269 0.18333333730697635 0.018693221732974056
decision_type=2 2 2 2 2 2 2 2 2 2 2 2 2 2 2 2 2 2 2 2 2 2 2 2
left_child=14 2 3 4 21 19 11 8 -3 10 12 18 -9 22 15 16 -1 -18 -7 -6 -15 -2 -4 -11
right_child=1 7 13 -5 5 6 -8 9 -10 23 -12 -13 -14 20 -16 -17 17 -19 -20 -21 -22 -23 -24 -25
leaf_value=0 0.0010167178908409068 0 0.0043438274630965288 0.00034378984603636466 -0.00013582588396264089 -0.018106429215023881 0 -0.007901876267812134 0.009849839466364611 0 0 0 0 0 0 0 0.0096496112236044533 0 0 0.0014659981029755791 -0.0010298371539750842 0 0 0.00046641868207053283
leaf_weight=0.14344321978387575 0.12097052281024012 0.051626058491819782 0.25952137254353136 0.13836690836978949 0.1019287816252471 1.1241721638061788 0.057397572862100676 0.34985442049219273 0.38336311898638087 0.0075616809044731772 0.10786696426657727 0.011212961515411624 0.070084860926726833 0.055145855076261796 0.057869096228387096 0.22647320541727822 0.62043153100603377 0.029414981385343708 0.024622745408123481 0.18770549805230985 0.21050984430985409 0.03517341742553981 0.070021919389546383 0.11649190091702621
leaf_count=62 15 463 53 47 170 4272 12 131 141 12 43 8 21 57 76 335 626 15 24 86 42 225 48 192
internal_value=0.000704198 -0.00141034 -0.00510841 -0.00848408 -0.0109493 -0.0133783 -0.0158434 0.00288885 0.00841659 -0.000635109 -0.00418305 -0.0176156 -0.00655485 0.000888037 0.00733508 0.00795649 0.00882585 0.00939585 -0.0179689 0 0 0 0.00417849 0.000304059
internal_weight=4.56123 3.4836 2.39675 1.80155 1.66318 1.50704 1.21741 1.08685 0.434989 0.65186 0.527806 1.16001 0.419939 0.595199 1.07763 1.01976 0.79329 0.649847 1.14879 0.289634 0.265656 0.156144 0.329543 0.124054
internal_count=7176 6062 5059 4859 4812 4572 4316 1003 604 399 195 4304 152 200 1114 1038 703 641 4296 256 99 240 101 204
is_linear=0
shrinkage=0.05


Tree=277
num_leaves=21
num_cat=0
split_feature=6 58 3 8 9 25 35 8 34 36 6 45 36 35 9 35 47 2 35 9
split_gain=0.0467276 0.0876472 0.0699265 0.0510127 0.0442505 0.023328 0.0224444 0.0190315 0.0161825 0.0118884 0.0105323 0.00733576 0.00702185 0.00653104 0.00477205 0.00413594 0.00321595 0.00217785 0.00180475 0.000603394
threshold=3.877779603004456 1.0000000180025095e-35 1.0000000180025095e-35 0.63392856717109691 7.5000000000000009 1.0000000180025095e-35 0.39164614677429205 0.18465909361839297 0.41428571939468389 0.91010102629661571 7.0446858406066903 20.332776069641117 0.96824595332145702 0.9011763632297517 1.0000000180025095e-35 0.92269384860992443 0.86607143282890331 0.28869047760963445 0.42550456523895269 6.5000000000000009
decision_type=2 2 2 2 2 2 2 2 2 2 2 2 2 2 2 2 2 2 2 2
left_child=2 4 8 10 6 11 -2 -8 15 -10 13 -4 -11 -3 -9 16 -1 -5 -6 -19
right_child=1 3 5 17 18 -7 7 14 9 12 -12 -13 -14 -15 -16 -17 -18 19 -20 -21
leaf_value=-0.0039307851340601016 0 -0.011001460852764662 -0.0135272141464663 0 0 0 0 0 0.0074588698948891731 -0.0032200265788159483 0 0 0.0021496347925188948 0 0.01459988865752058 0 0 0.0037993762440785188 -0.0019850534710873151 0
leaf_weight=0.19141038869565796 0.10992836514196902 0.47348076240632497 0.50219452654800978 0.016037789777328726 0.1649491244679665 0.066950614178495016 0.054364704683393827 0.11924263812034031 0.3965630645834608 0.17733560366468737 0.096258446705178358 0.067827802151441574 0.15720054213306867 0.013748587705777027 1.4200442950550494 0.063774607609957457 0.048557929694652557 0.23707984937936999 0.14501688567088422 0.014841733762295917
leaf_count=197 23 875 3966 15 47 5 41 30 54 24 28 2 40 32 1005 2 3 411 370 6
internal_value=0.00081431 0.00481313 -0.00340369 -0.00320793 0.00980307 -0.0110041 0.012167 0.0132644 0.00192612 0.00526445 -0.00925659 -0.0127828 0 -0.0104372 0.0140872 -0.000148761 -0.00289172 0.00293258 0 0.00361375
internal_weight=4.53681 2.86499 1.67182 0.851447 2.01355 0.636973 1.70358 1.59365 1.03484 0.731099 0.583488 0.570022 0.334536 0.487229 1.53929 0.303743 0.239968 0.267959 0.309966 0.251922
internal_count=7176 2883 4293 1367 1516 3973 1099 1076 320 118 935 3968 64 907 1035 202 200 432 417 417
is_linear=0
shrinkage=0.05


Tree=278
num_leaves=18
num_cat=0
split_feature=5 3 8 20 39 5 5 38 35 34 36 51 57 38 36 57 38
split_gain=0.0464729 0.096709 0.0679036 0.0658317 0.0300513 0.0198529 0.0143843 0.013453 0.049043 0.0435974 0.0212602 0.0104599 0.00809323 0.00733052 0.00546399 0.00255873 0.000106875
threshold=0.48507130146026617 0.57669684290885936 0.5634920895099641 1.0000000180025095e-35 6.8764495849609384 0.11215933039784433 0.69309264421463024 0.37089946866035467 0.89848890900611889 0.63068181276321422 0.73942822217941295 0.30000000447034841 0.028417943045496944 1.0000000180025095e-35 0.47114317119121557 0.064080443233251586 0.28165064752101904
decision_type=2 2 2 2 2 2 2 2 2 2 2 2 2 2 2 2 2
left_child=1 7 4 6 5 -3 12 10 9 14 16 -5 -2 -14 -9 -16 -1
right_child=3 2 -4 11 -6 -7 -8 8 -10 -11 -12 -13 13 -15 15 -17 -18
leaf_value=-0.00048794668734111475 0 0 0.0011927236172716536 0.014001621810738524 0 -0.01611696522315096 0.0020471276526418071 0 0.0067147973314263774 0.00080972514011120103 0.0088150176923708617 0 0 -0.0068812874382301178 -0.011208160731036565 0 0
leaf_weight=0.12220786156467545 0.11735113811300835 0.051657440468261262 0.13897529861060309 0.51921088655944891 0.070627681179757817 0.96953841461163393 0.20888834627476172 0.01438928004063178 0.36710478737950325 0.17257829384470824 0.56687634612535476 0.034451320359949023 0.030648410822323058 0.46675491798305302 0.50648014348371362 0.030621178724686615 0.12227078659998369
leaf_count=232 81 110 178 926 77 4108 77 10 100 23 235 49 4 268 562 4 132
internal_value=0.000715664 -0.00169673 -0.00990138 0.00671217 -0.0135989 -0.0151183 0 0.00347106 0 -0.00594661 0.00615417 0.0132237 -0.00437409 -0.0058433 -0.0104427 -0.0109068 0
internal_weight=4.51063 3.13333 1.2308 1.37731 1.09182 1.0212 0.823643 1.90253 1.09117 0.724069 0.811355 0.553662 0.614754 0.497403 0.551491 0.537101 0.244479
internal_count=7176 5771 4473 1405 4295 4218 430 1298 699 599 599 975 353 272 576 566 364
is_linear=0
shrinkage=0.05


Tree=279
num_leaves=18
num_cat=0
split_feature=42 6 46 57 56 53 2 21 2 35 9 33 31 35 48 57 35
split_gain=0.0455566 0.075308 0.0547062 0.0380283 0.0433931 0.0266995 0.0194893 0.0218477 0.0154023 0.0118147 0.00931683 0.00831788 0.00854318 0.00451005 0.00348421 0.000529452 0.0035315
threshold=0.20991431921720508 6.4953796863555917 0.81666666269302379 0.047378849238157279 1.0000000180025095e-35 7.2474184036254892 0.12249999865889551 1.0000000180025095e-35 0.47213622927665716 0.38585758209228521 9.5000000000000018 1.0000000180025095e-35 6.5000000000000009 0.6711879074573518 2.5000000000000004 0.03240706957876683 0.45421318709850317
decision_type=2 2 2 2 2 2 2 2 2 2 2 2 2 2 2 2 2
left_child=1 2 3 4 -1 10 -3 9 -6 -8 11 12 13 -2 -15 16 -9
right_child=5 6 -4 -5 8 -7 7 15 -10 -11 -12 -13 -14 14 -16 -17 -18
leaf_value=0 0 -3.2327179386758436e-05 0.00070883292628003223 0 -0.016712074628801626 0 0 0 0 0.010504584114583122 0 0 0 0.010626561690719858 0 0.0003809778335208281 -0.002768170154566197
leaf_weight=0.059298790991306527 0.029231347152744891 0.10008122381441342 0.1969063317083054 0.21617528121714702 0.96816107518588979 0.13336338374574541 0.079639537958428042 0.22400714320247062 0.019999584183096886 0.4721765005015186 0.024745191745750961 0.055009830888593458 0.045872311151469947 1.2743109118837308 0.023511454084655159 0.25847624129528413 0.30106033214906347
leaf_count=1 31 66 25 89 4987 59 9 27 2 145 194 79 13 1126 7 242 74
internal_value=0.000801946 -0.00181061 -0.00834796 -0.0116578 -0.0140245 0.00636122 0.00348453 0.00579009 -0.0160349 0.0092547 0.00835943 0.00895464 0.00952931 0.0100884 0.0103912 0 -0.000864953
internal_weight=4.48203 2.89598 1.46054 1.26363 1.04746 1.58604 1.43544 1.33536 0.988161 0.551816 1.45268 1.42794 1.37293 1.32705 1.29782 0.783544 0.525067
internal_count=7176 5667 5104 5079 4990 1509 563 497 4989 154 1450 1256 1177 1164 1133 343 101
is_linear=0
shrinkage=0.05


Tree=280
num_leaves=19
num_cat=0
split_feature=5 3 8 20 39 5 35 38 35 34 37 51 5 37 5 37 57 38
split_gain=0.0448661 0.0916201 0.0655523 0.0622425 0.0291393 0.0191328 0.0137502 0.012903 0.0463259 0.042412 0.0203467 0.010271 0.00713104 0.00593712 0.0127889 0.0053105 0.00235133 7.72923e-05
threshold=0.48507130146026617 0.57669684290885936 0.5634920895099641 1.0000000180025095e-35 6.8764495849609384 0.11215933039784433 0.51483678817749035 0.37089946866035467 0.89848890900611889 0.63068181276321422 0.73942822217941295 0.30000000447034841 0.79008570313453685 0.99137932062149059 0.57032969594001781 0.47114317119121557 0.064080443233251586 0.28165064752101904
decision_type=2 2 2 2 2 2 2 2 2 2 2 2 2 2 2 2 2 2
left_child=1 7 4 6 5 -3 13 10 9 15 17 -5 -8 14 -2 -9 -17 -1
right_child=3 2 -4 11 -6 -7 12 8 -10 -11 -12 -13 -14 -15 -16 16 -18 -19
leaf_value=-0.00041526498022165497 0 0 0.0011482568032005686 0.013776918973748713 0 -0.015809634096368323 -0.0062695067695167474 0 0.0065325342965590286 0.00078441429426195355 0.0086506494928749889 0 0 0 0.0061260040710261997 -0.011015944935536924 0 0
leaf_weight=0.12053553547957596 0.13330330049575423 0.05121388186853415 0.13776123213756353 0.51016921256086767 0.070229081586148712 0.95480721610056207 0.25671682047141076 0.014230066351956117 0.36309943585365545 0.17204448225675151 0.56150972257819376 0.034416646492900327 0.029916365398094058 0.075667482626158744 0.32223751680066925 0.50068219996137486 0.030604492072598077 0.1214115406601195
leaf_count=232 82 110 178 926 77 4108 218 10 100 23 235 49 10 7 113 562 4 132
internal_value=0.000788783 -0.0015785 -0.00963497 0.00667792 -0.0133117 -0.0148229 0 0.00341977 0 -0.00579333 0.00604889 0.0129981 -0.00495346 0.00135366 0.00348211 -0.0102683 -0.0107279 0
internal_weight=4.46056 3.09813 1.21401 1.36243 1.07625 1.00602 0.817841 1.88412 1.08066 0.717561 0.803457 0.544586 0.286633 0.531208 0.455541 0.545517 0.531287 0.241947
internal_count=7176 5771 4473 1405 4295 4218 430 1298 699 599 599 975 228 202 195 576 566 364
is_linear=0
shrinkage=0.05


Tree=281
num_leaves=19
num_cat=0
split_feature=8 58 3 5 5 6 29 35 45 34 36 2 45 36 38 35 47 53
split_gain=0.0439881 0.0907264 0.0560838 0.06968 0.052154 0.0280153 0.0241891 0.0221841 0.0177955 0.0155039 0.0111142 0.010051 0.00801545 0.00625467 0.00546879 0.00378817 0.00303346 0.00158178
threshold=0.240384615957737 1.0000000180025095e-35 1.0000000180025095e-35 0.44504831731319433 0.77664399147033703 7.0446858406066903 13.833333492279055 0.39164614677429205 20.332776069641117 0.41428571939468389 0.91010102629661571 0.47213622927665716 11.267232418060305 0.96824595332145702 0.043560607358813293 0.92269384860992443 0.86607143282890331 7.2474184036254892
decision_type=2 2 2 2 2 2 2 2 2 2 2 2 2 2 2 2 2 2
left_child=2 6 9 8 5 11 7 -2 -4 15 -11 12 -3 -12 -9 16 -1 -16
right_child=1 4 3 -5 -6 -7 -8 14 -10 10 13 -13 -14 -15 17 -17 -18 -19
leaf_value=-0.0037900229710429571 0 -0.012934972649487664 -0.015161903829026963 0.0014283664158601841 0.0035144671147190765 0 0 0 0 0.007276691184185129 -0.0030501274108883959 0 0 0.0020225760421796152 0.013234567531201677 0 0 0
leaf_weight=0.18786597508005776 0.11122311712824773 0.48617717317119957 0.62540374214495376 0.14444014931359561 0.18207643659116002 0.13023573136888444 0.060724553793988778 0.060078916314523556 0.079912476474419236 0.38862141341087408 0.17338882629701402 0.01873475025058724 0.016472959214297589 0.15387966886919457 1.4691346367644653 0.062445659190416336 0.048203309997916222 0.033110042073530965
leaf_count=197 24 883 4166 55 355 53 132 8 5 54 24 27 31 40 1093 2 3 24
internal_value=0.000845338 0.005016 -0.00289961 -0.0092216 -0.00310409 -0.00898895 0.0104558 0.0115942 -0.0138933 0.00186296 0.00516315 -0.0115652 -0.0123347 0 0.0127242 -8.21167e-05 -0.00276926 0.0130865
internal_weight=4.43213 2.56797 1.86416 0.849756 0.833697 0.651621 1.73427 1.67355 0.705316 1.0144 0.71589 0.521385 0.50265 0.327268 1.56232 0.298515 0.236069 1.50224
internal_count=7176 2630 4546 4226 1349 994 1281 1149 4171 320 118 941 914 64 1125 202 200 1117
is_linear=0
shrinkage=0.05


Tree=282
num_leaves=21
num_cat=0
split_feature=39 8 3 38 5 3 47 9 58 38 40 59 34 9 31 38 36 38 40 29
split_gain=0.0425251 0.0431123 0.0541989 0.0659354 0.0439801 0.0280241 0.0220216 0.0219684 0.0178987 0.0189327 0.0175786 0.0157809 0.0106873 0.0078822 0.00766664 0.00725465 0.0141733 0.00687543 0.00244689 0.0010839
threshold=6.2203564643859872 0.61250001192092907 0.72776681184768688 0.4695423692464829 0.70381036400794994 0.9635254740715028 0.81666666269302379 13.500000000000002 1.0000000180025095e-35 0.053342817351222045 4.4007995128631601 1.0000000180025095e-35 0.41428571939468389 7.5000000000000009 6.5000000000000009 1.0000000180025095e-35 0.2788888961076737 0.94804319739341747 3.241702795028687 1.8333333134651186
decision_type=2 2 2 2 2 2 2 2 2 2 2 2 2 2 2 2 2 2 2 2
left_child=1 2 3 7 5 11 17 8 9 -1 -11 -4 -2 -3 18 -13 -17 19 -14 -5
right_child=12 13 4 6 -6 -7 -8 -9 -10 10 -12 15 14 -15 -16 16 -18 -19 -20 -21
leaf_value=0 0 0.0064749745622001316 0 0 0 0 0 0 0 0.012419407526507444 0 0 0 0 0 0 -0.016814756192103552 0 0.010325299451365453 -0.010023734939709273
leaf_weight=0.040796111803502622 0.30146847273135779 0.42471904588819587 0.063308858139862645 0.013278796737722476 0.14484494998760045 0.29149669551043189 0.15476301804301329 0.066324376421107334 0.044450375200540182 0.89219266203326675 0.14778107597794587 0.053861963102462607 0.016235264924034709 0.031680325144407107 0.046898844331735745 0.098564311736481613 0.70109136283826956 0.016233553644269705 0.47274054010631517 0.38224712019109575
leaf_count=9 529 352 193 7 69 522 26 411 125 421 352 14 64 27 19 102 2418 2 794 720
internal_value=0.000789844 -0.00101171 -0.00419733 0 -0.00940003 -0.0119977 -0.00638825 0.00678562 0.00856295 0.00981812 0.0110239 -0.0142262 0.00755995 0.00524243 0.00926106 -0.015185 -0.0157341 -0.00918042 0.0100668 -0.00987813
internal_weight=4.40498 3.56763 3.11124 1.75807 1.35317 1.20832 0.566522 1.19154 1.12522 1.08077 1.03997 0.916826 0.837343 0.456399 0.535875 0.853518 0.799656 0.411759 0.488976 0.395526
internal_count=7176 5770 5391 2073 3318 3249 755 1318 907 782 773 2727 1406 379 877 2534 2520 729 858 727
is_linear=0
shrinkage=0.05


Tree=283
num_leaves=22
num_cat=0
split_feature=5 3 8 38 40 48 51 5 36 38 34 36 36 36 5 14 12 36 57 2 8
split_gain=0.0419654 0.083113 0.0617434 0.0337292 0.0186255 0.0121016 0.0117339 0.0114294 0.00969392 0.00706005 0.0401815 0.022593 0.0158455 0.0102949 0.00515155 0.00620908 0.004614 0.00317508 0.00099659 0.00407932 0.000710705
threshold=0.48507130146026617 0.57669684290885936 0.5634920895099641 0.2212806046009064 6.1860442161560067 1.0000000180025095e-35 1.0000000180025095e-35 0.073350071907043471 0.98198053240776073 0.35355392098426824 0.63068181276321422 0.96824595332145702 0.70412456989288341 0.73942822217941295 0.69309264421463024 1.0000000180025095e-35 1.0000000180025095e-35 0.88047617673873912 0.048655705526471145 0.21132376790046695 0.63392856717109691
decision_type=2 2 2 2 2 2 2 2 2 2 2 2 2 2 2 2 2 2 2 2 2
left_child=1 5 4 14 7 18 -5 -3 -9 13 11 12 -11 -7 15 -2 -17 -15 19 20 -1
right_child=3 2 -4 6 -6 9 -8 8 -10 10 -12 -13 -14 17 -16 16 -18 -19 -20 -21 -22
leaf_value=-0.0035009744946815319 0 0 0.0010431211906184073 0.011655700116641497 0 0 0 -0.015679157386715829 0 0 0.0069432221371190555 0 -0.0097941985569865234 0.0089291888547856548 0.0016682686373839962 0 -0.0054124321937119605 0 0 0 0
leaf_weight=0.18028511102420486 0.11362857793937997 0.019828733746180438 0.13546408528054588 0.56451516093329701 0.097623543066220009 0.11216335943390709 0.041271116053394508 0.78998897628025588 0.14428392130866996 0.094355218527198303 0.28460209914919687 0.099833561034756713 0.40338585538120242 0.39192765277766739 0.16190966340582236 0.20232958948326996 0.25289507884008344 0.069691726199380355 0.13939675628353143 0.062391339975874871 0.019014084391528741
leaf_count=376 61 20 178 1033 263 216 50 3853 159 108 75 45 271 68 86 43 132 70 33 28 8
internal_value=0.00076423 -0.00150549 -0.00926007 0.00650562 -0.0128857 0.00320785 0.0106816 -0.0140771 -0.0146618 0.00492843 0 -0.00491069 -0.00796455 0.00700856 0 -0.0024795 -0.0041587 0.00839631 0 -0.00140524 -0.00325284
internal_weight=4.38079 3.04424 1.18719 1.33655 1.05173 1.85705 0.605786 0.954102 0.934273 1.45596 0.882177 0.597575 0.497741 0.573783 0.730763 0.568853 0.455225 0.461619 0.401087 0.261691 0.199299
internal_count=7176 5771 4473 1405 4295 1298 1083 4032 4012 853 499 424 379 354 322 236 175 138 445 412 384
is_linear=0
shrinkage=0.05


Tree=284
num_leaves=25
num_cat=0
split_feature=35 6 34 35 49 38 34 2 36 38 51 42 31 33 48 42 2 36 36 31 36 29 35 35
split_gain=0.0424774 0.0483136 0.0420797 0.0422988 0.0388394 0.0352957 0.017444 0.0168072 0.0136487 0.00927237 0.00722041 0.00662811 0.00627939 0.00644248 0.00698319 0.00564963 0.00560459 0.00351092 0.00342386 0.00179303 0.00086939 0.000439869 0.000330466 0.000198445
threshold=0.89848890900611889 6.7326085567474374 0.41428571939468389 0.42550456523895269 0.26785714924335485 0.4695423692464829 0.61250001192092907 0.19523809850215915 0.99137932062149059 0.09175084158778192 1.0000000180025095e-35 0.46998800337314611 6.5000000000000009 1.0000000180025095e-35 1.5000000000000002 0.035401003435254104 0.4083333313465119 0.51668518781661998 0.20204082131385806 2.5000000000000004 0.96329966187477123 9.8333334922790545 0.60780400037765514 0.69501906633377086
decision_type=2 2 2 2 2 2 2 2 2 2 2 2 2 2 2 2 2 2 2 2 2 2 2 2
left_child=1 2 3 9 16 19 11 23 10 20 18 -7 13 14 15 -2 -5 -17 -9 -4 -1 -19 -6 -3
right_child=12 7 5 4 22 6 -8 8 -10 -11 -12 -13 -14 -15 -16 17 -18 21 -20 -21 -22 -23 -24 -25
leaf_value=-0.0021082352320238441 0 -0.00066734084972040796 0.0078083943906883313 -0.014861037645790394 0 -0.0076446805433840331 0 0 0 0.0040251963336610571 0 0 0 0 0 0 0 0.010841832261926421 0.0088572922353871205 0 0 0 0.00084065249354378895 0
leaf_weight=0.15235657669109137 0.018817173615388927 0.11399837169301441 0.27645844330254465 0.86605587688609353 0.12218892230885103 0.284734120495159 0.18513369033826166 0.039624688011826947 0.092362805466109421 0.24875416292343289 0.04424521451437613 0.033891626044351142 0.045607331237988546 0.055779767404601444 0.077859259559772909 0.012329891149420291 0.092748610200942494 0.52447378265060252 0.75071528702392243 0.043499428477844049 0.025555537598847877 0.018877138631069101 0.16905313360621221 0.061819180264137685
leaf_count=160 18 56 26 4369 26 758 58 7 54 81 20 5 16 80 35 17 22 749 382 154 13 14 38 18
internal_value=0.000821929 -0.000918263 -0.00507257 -0.008541 -0.0115663 5.79205e-05 -0.00314788 0.00405619 0.0063055 0 0.00776918 -0.00666129 0.00777192 0.00843836 0.00913001 0.0099281 -0.0142562 0.0104326 0.00848141 0.00745424 -0.0015821 0.0107422 0 0
internal_weight=4.35694 3.6032 2.50043 1.67671 1.25005 0.823717 0.503759 1.10277 0.926948 0.426666 0.834585 0.318626 0.753744 0.708137 0.652357 0.574498 0.958804 0.555681 0.79034 0.319958 0.177912 0.543351 0.291242 0.175818
internal_count=7176 6247 5710 4709 4455 1001 821 537 463 254 409 763 929 913 833 798 4391 780 389 180 173 763 64 74
is_linear=0
shrinkage=0.05


Tree=285
num_leaves=19
num_cat=0
split_feature=42 35 57 36 2 53 9 35 58 33 45 36 38 8 8 38 6 53
split_gain=0.0417317 0.0632295 0.0614014 0.0352291 0.0297947 0.0242418 0.0211243 0.0161755 0.00787567 0.00771365 0.00696219 0.00299965 0.00252286 0.0013044 0.000845451 0.00053622 0.000249446 1.00096e-05
threshold=0.042572464793920524 0.45421318709850317 0.046804908663034446 0.32037734985351568 0.4083333313465119 7.2474184036254892 9.5000000000000018 0.39164614677429205 1.0000000180025095e-35 1.0000000180025095e-35 29.148195266723636 0.2788888961076737 0.043560607358813293 0.68333333730697643 0.32291667163372045 0.7923850715160371 7.0446858406066903 7.5028312206268319
decision_type=2 2 2 2 2 2 2 2 2 2 2 2 2 2 2 2 2 2
left_child=1 7 3 16 -5 6 9 13 12 10 11 -2 -9 -1 -14 -4 -3 -7
right_child=5 2 15 4 -6 17 -8 8 -10 -11 -12 -13 14 -15 -16 -17 -18 -19
leaf_value=-0.0016688744562143175 0 0 0.0016238538024580089 -0.015299369611356004 0 -0.00015084260181657232 0 0 0 0 0 0.010029721825013729 0 0 0.0083090220199278399 0 0.00074877457412245608 0
leaf_weight=0.17085163671799852 0.044443794013204641 0.081193773641643818 0.25922425681710581 0.95405393593500754 0.13416221451188903 0.099792160726792534 0.059396600174295489 0.06015195201325696 0.1011609831439273 0.052848360610369016 0.047658020725066197 1.5016193512547031 0.073040131639572792 0.072933049377752468 0.4081170602075872 0.063337020612380002 0.11227985669393092 0.038982855827271123
leaf_count=123 37 206 177 4270 41 14 374 11 151 79 23 1397 55 20 84 49 7 58
internal_value=0.000823166 -0.00199537 -0.00741801 -0.0113673 -0.0135411 0.00574978 0.0075599 0.00389847 0.00648649 0.00885377 0.00934994 0.00979255 0.00759015 0 0.00801301 0.00122353 0 0
internal_weight=4.33525 2.49051 1.60425 1.28169 1.08822 1.84474 1.70597 0.886255 0.64247 1.64657 1.59372 1.54606 0.541309 0.243785 0.481157 0.322561 0.193474 0.138775
internal_count=7176 5194 4750 4524 4311 1982 1910 444 301 1536 1457 1434 150 143 139 226 213 72
is_linear=0
shrinkage=0.05


Tree=286
num_leaves=21
num_cat=0
split_feature=6 9 3 5 29 42 5 57 34 36 57 36 2 36 48 52 38 57 9 57
split_gain=0.0414641 0.079121 0.0606751 0.0228598 0.0177836 0.0175644 0.0234784 0.0347452 0.0141034 0.013661 0.0105026 0.0102162 0.00868122 0.00538961 0.00442847 0.00432455 0.0030832 0.00480607 0.00197679 0.000166083
threshold=3.877779603004456 4.5000000000000009 1.0000000180025095e-35 0.53158244490623485 9.166666507720949 0.028991596773266796 0.61986863613128673 0.013793759513646366 0.41428571939468389 0.20204082131385806 0.065070353448390975 0.91010102629661571 0.43650794029235845 0.96824595332145702 1.5000000000000002 1.0000000180025095e-35 0.65978723764419567 0.063595164567232146 1.0000000180025095e-35 0.013606071937829258
decision_type=2 2 2 2 2 2 2 2 2 2 2 2 2 2 2 2 2 2 2 2
left_child=2 4 8 10 9 6 7 19 16 -2 -4 -10 -9 -13 15 18 17 -1 -11 -3
right_child=1 5 3 -5 -6 -7 -8 12 11 14 -12 13 -14 -15 -16 -17 -18 -19 -20 -21
leaf_value=-0.0040629238899354721 0 0 -0.013099688135854324 0 0 0.00063607286326126337 0 -0.011814172281687192 0.0069457775212836753 0 0 -0.0028645799338246607 0 0.0018374573953181793 0 0 0 0 0.012751380602784509 0.00061008890416455882
leaf_weight=0.19481118583644252 0.06125852148397859 0.036613978634704614 0.48782959720665531 0.053927881506751874 0.051910001691794494 0.15700345053119236 0.1816891376820422 0.57367080630319833 0.37888948968611658 0.13608937674871402 0.055469982326030731 0.16910559360258048 0.022865360660944134 0.14937134529463947 0.03754361340907042 0.046703479612915433 0.064053891212097369 0.034785446710884571 1.3082186973806527 0.11552259633754147
leaf_count=194 14 68 3948 23 32 118 60 1182 54 47 2 24 6 40 21 82 6 2 1234 19
internal_value=0.000787344 0.00466095 -0.00316605 -0.0103744 0.0101074 -0.00206948 -0.00520923 -0.00797004 0.00169553 0.011017 -0.0121828 0.00491372 -0.0111347 0 0.0117397 0.0120142 0 -0.00250374 0.0123095 0
internal_weight=4.31733 2.72909 1.58824 0.597227 1.64172 1.08737 0.930362 0.748673 0.991017 1.58981 0.5433 0.697366 0.596536 0.318477 1.52856 1.49101 0.293651 0.229597 1.44431 0.152137
internal_count=7176 2883 4293 3973 1430 1453 1335 1275 320 1398 3950 118 1188 64 1384 1363 202 196 1281 87
is_linear=0
shrinkage=0.05


Tree=287
num_leaves=22
num_cat=0
split_feature=6 20 35 3 29 36 5 5 34 35 2 57 36 36 58 36 3 35 57 8 6
split_gain=0.0393328 0.111923 0.0631233 0.0587728 0.0296956 0.0270281 0.0238873 0.0225009 0.0137565 0.0136639 0.0123909 0.0103272 0.00997012 0.00757644 0.00577584 0.00531584 0.00448894 0.00327788 0.00492043 0.00085902 0.000113987
threshold=3.877779603004456 1.0000000180025095e-35 0.45421318709850317 1.0000000180025095e-35 10.583333492279055 0.31180556118488317 0.74388790130615245 0.53158244490623485 0.41428571939468389 0.39164614677429205 0.4083333313465119 0.065070353448390975 0.91010102629661571 0.20204082131385806 1.0000000180025095e-35 0.96824595332145702 0.22926223278045657 0.92269384860992443 0.063595164567232146 0.68333333730697643 6.8764495849609384
decision_type=2 2 2 2 2 2 2 2 2 2 2 2 2 2 2 2 2 2 2 2 2
left_child=3 2 9 8 13 20 10 11 17 19 16 -5 -10 -3 -11 -14 -7 18 -1 -2 -4
right_child=1 4 5 7 -6 6 -8 -9 12 14 -12 -13 15 -15 -16 -17 -18 -19 -20 -21 -22
leaf_value=-0.004138312503415913 -0.0013587182395373174 0 0 -0.012940280213773676 0 0 0 0 0.0068573680183896596 0.0070322575322243263 0 0 -0.0028448088552955734 0.015201382011905743 0 0.0018259206377791003 -0.014215914153759383 0 0 0 0.00050733585689907181
leaf_weight=0.19678967877553055 0.16328064663684927 0.016217072858125903 0.06429611377461697 0.48162324233453546 0.084783230930042919 0.018260327517054975 0.060792714531999081 0.053927881506751874 0.37751331056642812 0.48343493102584034 0.10205260064685717 0.055469982326030731 0.1687261913320981 0.91186071577067196 0.095377542505957535 0.14912396023282781 0.5359567033519852 0.061303433030843735 0.034785446710884571 0.071839107782579958 0.10714122536592185
leaf_count=198 100 7 66 3948 117 3 17 23 54 116 18 2 24 1271 126 40 1015 2 2 19 8
internal_value=0.000740398 0.00454297 -0.00170641 -0.00308553 0.0131603 -0.0086382 -0.0110191 -0.0102154 0.00165698 0.00369461 -0.0127253 -0.0120254 0.00484824 0.0148093 0.00610895 0 -0.0138743 0 -0.0025795 0 0
internal_weight=4.29456 2.71529 1.70243 1.57926 1.01286 0.8885 0.717062 0.591021 0.988242 0.813932 0.65627 0.537093 0.695363 0.928078 0.578812 0.31785 0.554217 0.292879 0.231575 0.23512 0.171437
internal_count=7176 2883 1488 4293 1395 1127 1053 3973 320 361 1036 3950 118 1278 242 64 1018 202 200 119 74
is_linear=0
shrinkage=0.05


Tree=288
num_leaves=21
num_cat=0
split_feature=49 3 6 9 36 53 48 2 35 40 14 36 57 36 29 48 39 36 8 35
split_gain=0.0407486 0.0534689 0.0436059 0.0313476 0.02931 0.0199814 0.0229124 0.0123778 0.0106253 0.00822286 0.00622855 0.00543472 0.00517442 0.009591 0.00439299 0.00068558 0.000607726 0.000525729 3.42821e-05 1.51257e-06
threshold=0.18333333730697635 0.57669684290885936 6.7326085567474374 7.5000000000000009 0.93405798077583324 1.0000000180025095e-35 1.0000000180025095e-35 0.47213622927665716 0.38585758209228521 6.0383479595184335 1.0000000180025095e-35 0.70074626803398143 0.032663283869624145 0.31180556118488317 14.583333492279055 1.5000000000000002 6.8764495849609384 0.51887464523315441 0.18465909361839297 0.41741962730884558
decision_type=2 2 2 2 2 2 2 2 2 2 2 2 2 2 2 2 2 2 2 2
left_child=1 5 4 8 7 6 17 9 -2 16 -4 -8 13 -12 15 -10 -3 -1 -6 -15
right_child=3 2 10 -5 18 -7 11 -9 14 -11 12 -13 -14 19 -16 -17 -18 -19 -20 -21
leaf_value=0 0 -0.014965714575539513 0.0034531337897049938 0 0 -0.00067511410806295451 0 0 0.011385591364256853 0 0 0.0082678806343065708 0 0 0 0 0 -0.0010352088558398926 0.00027055937185253712 -0.0055424733562454559
leaf_weight=0.089316117453563826 0.073232403490692266 0.57029257801605104 0.23420030406850856 0.083425789936882211 0.073494594285875792 0.13463802183468931 0.15318937384836306 0.019813265273114666 0.67084916130988859 0.090699065714943572 0.11405886139255017 1.0928144949393752 0.1123471056780545 0.084495234070345759 0.019854063633829355 0.018364655319601297 0.0047671583452029145 0.22644011363991012 0.17079996474967629 0.22959402013657382
leaf_count=71 12 3571 121 46 412 73 284 11 1002 331 5 479 141 7 2 13 13 332 187 63
internal_value=0.000698607 -0.00111544 -0.00656013 0.00728315 -0.0108074 0.00290508 0.00530856 -0.0133116 0.00997487 -0.0140671 0 0.00759251 -0.000744817 -0.00310746 0.0109226 0.0112786 -0.0149107 0 0 -0.00536106
internal_weight=4.26669 3.40096 1.70456 0.865726 0.929867 1.6964 1.56176 0.685572 0.7823 0.665759 0.774696 1.246 0.540495 0.428148 0.709068 0.689214 0.57506 0.315756 0.244295 0.314089
internal_count=7176 6101 4862 1075 4525 1239 1166 3926 1029 3915 337 763 216 75 1017 1015 3584 403 599 70
is_linear=0
shrinkage=0.05


Tree=289
num_leaves=23
num_cat=0
split_feature=49 3 5 21 9 53 48 40 39 35 6 57 3 29 5 53 34 34 48 8 8 6
split_gain=0.0388603 0.0503552 0.0533933 0.0419091 0.0306249 0.019144 0.0220696 0.0142565 0.0120132 0.0103786 0.00628865 0.0112734 0.00434663 0.00430121 0.00236927 0.00209087 0.00165423 0.00542971 0.000658294 0.000632603 0.000331148 0.000215842
threshold=0.18333333730697635 0.57669684290885936 0.70381036400794994 1.0000000180025095e-35 7.5000000000000009 1.0000000180025095e-35 1.0000000180025095e-35 6.0360043048858651 6.8764495849609384 0.38585758209228521 5.7751989364624032 0.015504807699471714 0.66807910799980175 14.583333492279055 0.48507130146026617 7.5028312206268319 0.41428571939468389 0.21111111342906955 1.5000000000000002 0.32291667163372045 0.32291667163372045 6.6069514751434335
decision_type=2 2 2 2 2 2 2 2 2 2 2 2 2 2 2 2 2 2 2 2 2 2
left_child=1 5 3 10 9 6 20 8 12 -2 14 -12 -5 18 -3 -14 17 19 -11 -8 -1 -4
right_child=4 2 21 7 -6 -7 16 -9 -10 13 11 -13 15 -15 -16 -17 -18 -19 -20 -21 -22 -23
leaf_value=-0.00085438549486673292 0 -0.0029921246633855727 0 0 0 -0.00067114297763879881 0 0 0 0.011192999381090835 0 0.0055991016350653254 -0.015647642914015176 0 0 0 0.0087867575803252315 -0.0014526341721390089 0 0.0031513761485873061 0 0.0019926873416551034
leaf_weight=0.13410742040650836 0.073232403490692266 0.16949404693241354 0.055004295223625266 0.11373927909698978 0.083425789936882211 0.13458123486634566 0.11898612977529388 0.054854283791428315 0.022394102590624243 0.66561246618221048 0.063499369523924543 0.25544191785593284 0.74415754861365713 0.019854063633829355 0.051641726529851439 0.018813702921761433 0.64462417670620198 0.21132281470090675 0.018364655319601297 0.26870282157688052 0.1815220563148614 0.14561376214260235
leaf_count=327 12 2982 27 165 46 73 248 99 24 1002 97 44 1187 2 44 26 197 249 13 69 76 167
internal_value=0.000630293 -0.00111645 -0.00641931 -0.00982016 0.00709919 0.00274635 0.00514199 -0.0132933 -0.0141627 0.0097902 0 0.00291073 -0.014798 0.0107329 -0.00192967 -0.0154684 0.00739939 0 0.0110878 0.00281779 0 0.00182742
internal_weight=4.24899 3.3885 1.69465 1.49404 0.860489 1.69385 1.55927 0.953959 0.899105 0.777064 0.540077 0.318941 0.876711 0.703831 0.221136 0.762971 1.24364 0.599012 0.683977 0.387689 0.315629 0.200618
internal_count=7176 6101 4862 4668 1075 1239 1166 1501 1402 1029 3167 141 1378 1017 3026 1213 763 566 1015 317 403 194
is_linear=0
shrinkage=0.05


Tree=290
num_leaves=23
num_cat=0
split_feature=6 3 5 6 2 42 12 9 36 3 36 35 51 36 36 39 35 2 2 2 8 35
split_gain=0.0393234 0.0488071 0.0468103 0.0391875 0.0227369 0.0188408 0.0146792 0.00953222 0.0102275 0.00740619 0.00684932 0.0052204 0.00479445 0.00377301 0.00361846 0.00357938 0.00304381 0.00176576 0.00625044 0.00196927 0.000230942 0.0001743
threshold=6.7326085567474374 0.26764950156211859 0.45999288558959966 5.9423835277557382 0.19523809850215915 0.7587878704071046 1.0000000180025095e-35 9.5000000000000018 0.90661337971687328 0.31725417077541357 0.96824595332145702 0.78642225265502941 1.0000000180025095e-35 0.32037734985351568 0.20204082131385806 7.5028312206268319 0.87143570184707653 0.13484849035739901 0.34313726425170904 0.12249999865889551 0.63392856717109691 0.79849672317504894
decision_type=2 2 2 2 2 2 2 2 2 2 2 2 2 2 2 2 2 2 2 2 2 2
left_child=1 7 3 5 21 9 13 8 16 -3 -10 20 14 -4 -6 -11 -1 19 -19 -5 -8 -2
right_child=4 2 6 17 12 -7 11 -9 10 15 -12 -13 -14 -15 -16 -17 -18 18 -20 -21 -22 -23
leaf_value=0.0072058247853447116 -0.00062139624870091639 0 0 0 0 0 -0.003619274476135081 0 -0.003210133263726986 -0.015529493602845884 0.0020719193989160879 0 0 0.0058672059067572261 0.009382097944026932 0 0 -0.003649950130644081 0 0.0027751458348998178 0 0
leaf_weight=0.52028893523311148 0.12849595906300226 0.10458935346468912 0.024353235356102121 0.068555152140106657 0.039154103462351264 0.087213236256502569 0.1824021623160661 0.057853385231282917 0.1778384385179379 0.65244205456747295 0.16140251560136676 0.053895924764219671 0.051664358266862109 0.28708648623614863 0.92207005181990098 0.0079915012756828219 0.2062280488316901 0.20699306888764113 0.071181865234393626 0.15354540966291097 0.012833598535507917 0.051289843424456194
leaf_count=132 64 61 31 95 7 15 348 138 39 4658 48 76 72 167 1009 5 32 101 33 16 12 17
internal_value=0.000603519 -0.00148485 -0.00611663 -0.0098009 0.00645327 -0.0132248 0.000152825 0.00321356 0.00470661 -0.0144991 0 -0.0012203 0.00857925 0.00515678 0.00903626 -0.0153172 0.00642762 0 -0.000595737 0.00180027 -0.00353206 0
internal_weight=4.22937 3.03669 1.91308 1.35251 1.19267 0.852236 0.560571 1.12361 1.06576 0.765023 0.339241 0.249132 1.01289 0.31144 0.961224 0.660434 0.726517 0.500275 0.278175 0.222101 0.195236 0.179786
internal_count=7176 6007 5618 4984 1169 4739 634 389 251 4724 87 436 1088 198 1016 4663 164 245 134 111 360 81
is_linear=0
shrinkage=0.05


Tree=291
num_leaves=24
num_cat=0
split_feature=35 8 36 21 42 36 9 38 3 34 6 39 9 47 31 33 56 29 6 36 29 38 29
split_gain=0.0391496 0.0450202 0.0720675 0.0618973 0.0185604 0.0179062 0.0202471 0.0131147 0.0212062 0.0135642 0.0126248 0.00897059 0.00775481 0.00703382 0.00537983 0.00579931 0.00624331 0.0032841 0.00280074 0.0027186 0.00205341 8.30164e-05 2.04053e-07
threshold=0.89848890900611889 0.61250001192092907 0.48528139293193823 1.0000000180025095e-35 0.59687501192092907 0.26876173913478857 7.5000000000000009 0.36055555939674383 0.72776681184768688 0.63068181276321422 7.2474184036254892 4.5713708400726327 7.5000000000000009 0.81666666269302379 6.5000000000000009 1.0000000180025095e-35 2.5000000000000004 9.8333334922790545 6.071730613708497 0.51668518781661998 4.4166667461395273 0.043560607358813293 2.8333333730697636
decision_type=2 2 2 2 2 2 2 2 2 2 2 2 2 2 2 2 2 2 2 2 2 2 2
left_child=1 2 5 7 10 22 -7 8 11 18 13 -4 21 -5 15 16 -2 19 -9 -18 -10 -3 -1
right_child=14 12 3 4 -6 6 -8 9 20 -11 -12 -13 -14 -15 -16 -17 17 -19 -20 -21 -22 -23 -24
leaf_value=0 0 0 0.0079455977159806693 -0.015612146701251682 0 0.008415491708087499 0 -0.0066628889046462169 0 0 0 0 0 0 0 0 0 0 0 0.0098685687007859738 -0.0021080466932121796 0.0065786764644557242 -2.1480020093851599e-05
leaf_weight=0.013526207098039644 0.015863332511798833 0.0070073655806480719 0.47241896252307924 1.0087132304215627 0.028808827933971881 0.58441942801346158 0.065027610887227638 0.26556485604305635 0.06941656325943768 0.13640492792183068 0.035365061245101859 0.028208636956151167 0.030654190744826337 0.027821732743177452 0.043095595523482189 0.053658497185097076 0.010967669571982697 0.025585482995666098 0.040658448557223892 0.5728474360294058 0.15519649725047202 0.41380867497355212 0.10563886933414324
leaf_count=5 11 2 196 1293 4 302 535 2111 28 43 23 278 27 17 16 80 16 23 19 783 771 408 185
internal_value=0.000579856 -0.00105664 -0.00433787 -0.00855662 -0.013696 0.00308442 0.0061107 0 0.00318629 -0.00325357 -0.0145803 0.00685573 0.00535315 -0.0152242 0.00741242 0.00802279 0.00868394 0.00926565 -0.00613611 0.00961369 0 0.00655129 0
internal_weight=4.21068 3.48866 3.03719 2.26858 1.10071 0.768612 0.649447 1.16787 0.725241 0.442628 1.0719 0.500628 0.45147 1.03653 0.722018 0.678922 0.625264 0.609401 0.306223 0.583815 0.224613 0.420816 0.119165
internal_count=7176 6247 5810 4783 1337 1027 837 3446 1273 2173 1333 474 437 1310 929 913 833 822 2130 799 799 410 190
is_linear=0
shrinkage=0.05


Tree=292
num_leaves=24
num_cat=0
split_feature=35 6 47 57 49 36 45 2 2 36 3 36 57 31 33 48 9 36 36 40 5 35 2
split_gain=0.037303 0.0434488 0.0384241 0.0513347 0.0484378 0.0305074 0.0272418 0.0152487 0.0141875 0.0122619 0.0120194 0.0103545 0.00553924 0.00574467 0.00620265 0.00661459 0.00468805 0.00311696 0.00250983 0.00124552 0.000754261 0.000127584 2.2781e-07
threshold=0.89848890900611889 6.7326085567474374 0.81666666269302379 0.029793232679367069 0.63333335518836986 0.72613638639450084 18.404194831848148 0.19523809850215915 0.47213622927665716 0.99137932062149059 0.72776681184768688 0.88047617673873912 0.043284084647893913 6.5000000000000009 1.0000000180025095e-35 1.5000000000000002 1.5000000000000002 0.51668518781661998 0.20204082131385806 5.0818872451782235 0.71902412176132213 0.69501906633377086 0.4083333313465119
decision_type=2 2 2 2 2 2 2 2 2 2 2 2 2 2 2 2 2 2 2 2 2 2 2
left_child=1 2 3 5 6 20 8 21 16 18 11 -7 -2 14 15 17 -5 -14 -9 -4 -1 -3 -12
right_child=12 7 19 4 -6 10 -8 9 -10 -11 22 -13 13 -15 -16 -17 -18 -19 -20 -21 -22 -23 -24
leaf_value=-0.0051175975422509219 0 -0.00053579409831289182 0 0 0 0.00847805780054494 0 0 0 0 -2.2763145149013169e-05 0 0 0 0 0 -0.016913445199417721 0.010223661185102428 0.0076486712245861042 0.0020480808486363976 0 0 0
leaf_weight=0.22388415517070948 0.01695311881485384 0.11106918068253413 0.10553277015787887 0.09370431487332076 0.17861160276515864 0.41957613660633797 0.043313393369316944 0.039987898053368554 0.01901706239732448 0.088703717949101701 0.099130194759709411 0.065938666136389656 0.011619920522207394 0.043095595523482189 0.053658497185097076 0.074278755870182067 0.90117183053735062 0.51860820726869861 0.76187472628225805 0.19609707598283421 0.003551583504304289 0.058947690951754339 0.060282486781943589
leaf_count=1412 15 56 51 29 23 319 3 8 9 54 845 261 17 16 80 32 2703 769 401 43 1 18 11
internal_value=0.000589619 -0.000989467 -0.00499211 -0.00759163 -0.0117269 0 -0.0144334 0.00368771 -0.0157042 0.00591493 0.00529396 0.00715969 0.00726487 0.00783864 0.00846772 0.0091523 -0.0163326 0.00993163 0.0073295 0.00120926 -0.0049576 0 0
internal_weight=4.18861 3.47039 2.40981 2.10818 1.23582 0.872363 1.05721 1.06058 1.01389 0.890566 0.644927 0.485515 0.718214 0.701261 0.658165 0.604507 0.994876 0.530228 0.801863 0.30163 0.227436 0.170017 0.159413
internal_count=7176 6247 5710 5616 2767 2849 2744 537 2741 463 1436 580 929 914 898 818 2732 786 409 94 1413 74 856
is_linear=0
shrinkage=0.05


Tree=293
num_leaves=22
num_cat=0
split_feature=39 8 3 38 5 3 47 9 58 38 40 59 35 35 9 38 36 45 36 40 36
split_gain=0.0368661 0.0385432 0.0453084 0.0557792 0.039056 0.0237524 0.0194499 0.0190445 0.0158556 0.0168778 0.0154397 0.0145052 0.0121433 0.00817566 0.00692918 0.00638397 0.0119209 0.0051002 0.00460874 0.000870238 0.000102262
threshold=6.2203564643859872 0.61250001192092907 0.72776681184768688 0.4695423692464829 0.70381036400794994 0.9635254740715028 0.81666666269302379 13.500000000000002 1.0000000180025095e-35 0.053342817351222045 4.4007995128631601 1.0000000180025095e-35 0.73128581047058117 0.94883266091346752 7.5000000000000009 1.0000000180025095e-35 0.2788888961076737 29.148195266723636 0.23582887649536136 3.241702795028687 0.88047617673873912
decision_type=2 2 2 2 2 2 2 2 2 2 2 2 2 2 2 2 2 2 2 2 2
left_child=1 2 3 7 5 11 13 8 9 -1 20 -4 -2 -5 -3 -13 -17 18 -14 -20 -11
right_child=12 14 4 6 -6 -7 -8 -9 -10 10 -12 15 17 -15 -16 16 -18 -19 19 -21 -22
leaf_value=0 0 0.005991982466290193 0 -0.0095762770069297322 0 0 0 0 0 0.012044506767785833 0 0 0 0 0 0 -0.015924674299843702 0 0 0.0095576032943821606 0
leaf_weight=0.039167034468847062 0.10927424745113956 0.40224930144904636 0.060127364455184074 0.37233916296736413 0.13721106559387397 0.27653327623920632 0.1471049237443367 0.062691602954146108 0.042615274023773853 0.72992944087491196 0.14195715399000619 0.051949317930847894 0.015659146098187193 0.020275434944778681 0.030372072895261226 0.093890843487315578 0.65731800764115178 0.046683906839461997 0.012106371636036783 0.60074328936752863 0.11704724688388524
leaf_count=9 406 352 193 725 69 522 26 411 125 318 352 14 6 4 27 102 2418 28 57 909 103
internal_value=0.000604619 -0.00102849 -0.00414815 0 -0.00892164 -0.0114162 -0.00607298 0.00622464 0.0079317 0.00915307 0.0103268 -0.0134737 0.00707878 -0.00870018 0.00480113 -0.014412 -0.0149325 0.00845577 0.00902105 0.00945057 0.0116507
internal_weight=4.16725 3.38278 2.95016 1.67313 1.27703 1.13982 0.53972 1.13341 1.07072 1.0281 0.988934 0.863286 0.784467 0.392615 0.432621 0.803158 0.751209 0.675193 0.628509 0.61285 0.846977
internal_count=7176 5770 5391 2073 3318 3249 755 1318 907 782 773 2727 1406 729 379 2534 2520 1000 972 966 421
is_linear=0
shrinkage=0.05


Tree=294
num_leaves=18
num_cat=0
split_feature=6 58 4 5 29 35 6 5 34 57 36 2 45 29 36 35 57
split_gain=0.0362565 0.0703766 0.051869 0.0433693 0.0337091 0.0283826 0.023683 0.0204985 0.0120998 0.00939478 0.00890244 0.0086642 0.00676848 0.00636819 0.00435298 0.00306794 0.00468939
threshold=3.877779603004456 1.0000000180025095e-35 1.0000000180025095e-35 0.77664399147033703 13.416666507720949 0.39164614677429205 7.0446858406066903 0.53158244490623485 0.41428571939468389 0.065070353448390975 0.91010102629661571 0.47213622927665716 11.267232418060305 1.0000000180025095e-35 0.96824595332145702 0.92269384860992443 0.063595164567232146
decision_type=2 2 2 2 2 2 2 2 2 2 2 2 2 2 2 2 2
left_child=2 4 8 6 5 -2 11 9 15 -4 -10 12 -3 -7 -12 16 -1
right_child=1 3 7 -5 -6 13 -8 -9 10 -11 14 -13 -14 -15 -16 -17 -18
leaf_value=-0.0040300889926943844 0 -0.012011159048913931 -0.012407980011343999 0.0029880730655122245 0 0 0 0 0.0063960361253146379 0 -0.0026217665720590939 0 0 0.012636042089771699 0.0015876351463695361 0 0
leaf_weight=0.19405085304606451 0.12340635636064723 0.45025197759332503 0.46095392851293582 0.16895045663841302 0.088463627004784828 0.11369469235069107 0.12337756907072617 0.051604942625999684 0.36562429426703602 0.052978405728936195 0.16384554305113852 0.017536321611260064 0.015201738657196984 1.5184786580766738 0.14361646595352795 0.05927210720255971 0.034151771105825901
leaf_count=198 35 900 3948 355 225 39 54 23 54 2 24 27 31 1217 40 2 2
internal_value=0.000578515 0.00434985 -0.00307468 -0.00275242 0.00901185 0.0106959 -0.00832894 -0.00979472 0.00130935 -0.011535 0.00448207 -0.0107269 -0.0114553 0.012113 0 0 -0.00249896
internal_weight=4.14546 2.61936 1.5261 0.775318 1.84404 1.75558 0.606368 0.565537 0.960561 0.513932 0.673086 0.48299 0.465454 1.63217 0.307462 0.287475 0.228203
internal_count=7176 2883 4293 1367 1516 1291 1012 3973 320 3950 118 958 931 1256 64 202 200
is_linear=0
shrinkage=0.05


Tree=295
num_leaves=28
num_cat=0
split_feature=35 8 36 21 42 36 9 6 38 3 39 9 47 2 45 31 48 33 56 2 36 29 2 29 29 2 38
split_gain=0.0357786 0.0425775 0.0671967 0.0548992 0.0176972 0.0166864 0.0191791 0.0118645 0.0109623 0.0190607 0.00822967 0.00735058 0.00662918 0.00662322 0.00578122 0.00505323 0.00543801 0.00588308 0.00596266 0.00432346 0.00300176 0.00186032 0.00160491 0.000328778 0.00020433 0.000134967 5.99673e-05
threshold=0.89848890900611889 0.61250001192092907 0.48528139293193823 1.0000000180025095e-35 0.59687501192092907 0.26876173913478857 7.5000000000000009 7.2474184036254892 0.36055555939674383 0.72776681184768688 4.5713708400726327 7.5000000000000009 0.81666666269302379 0.41885964572429663 11.12900495529175 6.5000000000000009 1.5000000000000002 1.0000000180025095e-35 2.5000000000000004 0.31414473056793218 0.51668518781661998 4.4166667461395273 0.15587044507265094 9.8333334922790545 1.8333333134651186 0.36931818723678594 0.043560607358813293
decision_type=2 2 2 2 2 2 2 2 2 2 2 2 2 2 2 2 2 2 2 2 2 2 2 2 2 2 2
left_child=1 2 5 8 7 -1 13 12 9 10 22 26 -5 -7 19 16 17 18 -2 24 -20 -11 -4 -22 -10 -23 -3
right_child=15 11 3 4 -6 6 -8 -9 14 21 -12 -13 -14 -15 -16 -17 -18 -19 20 -21 23 25 -24 -25 -26 -27 -28
leaf_value=0 0 0 0.0078119665538389895 -0.015140908875415219 0 0.0088687848249864847 0 0 0 0 0 0 0 0 0 0 0 0 0 0 0.010026302120922924 -0.0020852544627382934 0 0 -0.0056285919797812783 0 0.0063540165148474777
leaf_weight=0.11775575100364299 0.014461056336585787 0.0069075471255927159 0.41014922356771422 0.98299248498642533 0.028471476201957668 0.53064325594095862 0.064240824112857808 0.034834994643460848 0.0029888816425227551 0.06843433056747017 0.02765624032872438 0.030200469409464858 0.027572334161959589 0.042771212414663751 0.16884691058658063 0.042589287724695168 0.074005979542562272 0.052532035108015407 0.011515920814417768 0.019880981300957501 0.4920621967248735 0.14717142982408404 0.053298175203963183 0.017908933921717107 0.24236888623272534 0.0056455032572557675 0.40548933826721623
leaf_count=190 9 2 172 1293 4 292 535 23 6 28 278 27 17 10 70 16 35 80 17 5 758 767 24 14 2092 4 408
internal_value=0.000484107 -0.00104489 -0.00428647 -0.00839343 -0.0132504 0.00284129 0.00584179 -0.0141297 0 0.00284077 0.00642066 0.0051471 -0.0147601 0.00812364 -0.00307804 0.00709465 0.00769561 0.00839881 0.00908451 -0.00470764 0.00964936 0 0.0074875 0.00993932 -0.00558523 -0.00200856 0.00633008
internal_weight=4.1234 3.41832 2.97572 2.22031 1.07387 0.755411 0.637655 1.0454 1.14644 0.712355 0.491104 0.442597 1.01056 0.573414 0.434086 0.705075 0.662486 0.58848 0.535948 0.265239 0.521487 0.221251 0.463447 0.509971 0.245358 0.152817 0.412397
internal_count=7176 6247 5810 4783 1337 1027 837 1333 3446 1273 474 437 1310 302 2173 929 913 878 798 2103 789 799 196 772 2098 771 410
is_linear=0
shrinkage=0.05


Tree=296
num_leaves=17
num_cat=0
split_feature=42 8 58 46 56 8 36 45 4 35 9 31 35 35 48 36
split_gain=0.0347665 0.0561831 0.0553701 0.0527548 0.0335619 0.0309801 0.021963 0.0173594 0.0112222 0.0100178 0.00567248 0.00436776 0.00394602 0.00251409 0.0018617 0.000523313
threshold=0.20991431921720508 0.39230769872665411 1.0000000180025095e-35 0.81666666269302379 1.0000000180025095e-35 0.80909091234207164 0.98245075345039379 19.594481468200687 0.28739997744560247 0.39164614677429205 9.5000000000000018 6.5000000000000009 0.75538197159767162 0.6711879074573518 2.5000000000000004 0.2788888961076737
decision_type=2 2 2 2 2 2 2 2 2 2 2 2 2 2 2 2
left_child=1 3 6 4 -1 12 8 -6 -3 -10 11 13 15 -2 -15 -4
right_child=10 2 5 -5 7 -7 -8 -9 9 -11 -12 -13 -14 14 -16 -17
leaf_value=0 0 0 0 0.00043053610811231687 -0.015105636926027958 0.0011712291776576564 0 0 0 0.011529919055784651 0 0 0 0.0069843995880456838 0 -0.0087298070662301091
leaf_weight=0.053472623229027016 0.027231011483308865 0.045231087322463059 0.085525591090117703 0.18280034670897294 0.74670757936655718 0.13333768361917464 0.085145480123173911 0.025290375575423241 0.087926344116567634 0.79251804920022551 0.022695686468068632 0.042045553433126659 0.022413181399315363 1.3290356556699405 0.021306910457496886 0.39972362143271312
leaf_count=1 32 13 38 20 4506 120 58 1 21 330 202 15 31 1253 7 528
internal_value=0.000496892 -0.00170191 0.00207941 -0.00833721 -0.0121901 -0.00345629 0.00804944 -0.0141574 0.00980672 0.0106492 0.00563584 0.00615805 -0.00795879 0.00657152 0.00680877 -0.00842261
internal_weight=4.10241 2.66009 1.65182 1.00827 0.825471 0.641 1.01082 0.771998 0.925675 0.880444 1.44231 1.41962 0.507662 1.37757 1.35034 0.485249
internal_count=7176 5667 1139 4528 4508 717 422 4507 364 351 1509 1307 597 1292 1260 566
is_linear=0
shrinkage=0.05


Tree=297
num_leaves=20
num_cat=0
split_feature=5 3 8 38 39 5 53 48 9 9 38 38 36 36 36 5 12 36 8
split_gain=0.0349619 0.0682407 0.0533278 0.0281301 0.0241377 0.0155879 0.0104549 0.00958209 0.00655833 0.00628575 0.0054539 0.0141344 0.00688046 0.00552011 0.00516312 0.00380805 0.00332376 0.000931153 0.000372919
threshold=0.48507130146026617 0.57669684290885936 0.5634920895099641 0.2212806046009064 6.8764495849609384 0.11215933039784433 7.2474184036254892 1.0000000180025095e-35 13.500000000000002 7.5000000000000009 0.35355392098426824 0.61834734678268444 0.96824595332145702 0.52679425477981578 0.73942822217941295 0.69309264421463024 1.0000000180025095e-35 0.2788888961076737 0.240384615957737
decision_type=2 2 2 2 2 2 2 2 2 2 2 2 2 2 2 2 2 2 2
left_child=1 7 4 15 5 -3 9 18 10 -5 14 12 13 -12 -9 16 -2 -18 -1
right_child=3 2 -4 6 -6 -7 -8 8 -10 -11 11 -13 -14 -15 -16 -17 17 -19 -20
leaf_value=-0.00090983814196199256 0 0 0.00063068983431400247 0.011305652839139034 0 -0.014518891176250699 0 0 0 0 0 0.0038623553710784037 0 -0.005888700828498827 0.0078036366615851565 0.0012932604601421285 0 -0.0038293370212645959 0
leaf_weight=0.12622922260379743 0.21622489275068779 0.046102855596472869 0.12508757907198742 0.49688128195157333 0.063748837210368947 0.8617164163661073 0.046109357688692398 0.094460063401129224 0.03341223623829126 0.012789333908585832 0.028565698085003532 0.4486327034792339 0.04874203355575446 0.28982741875915963 0.42149721950045205 0.15153178288528579 0.076077006378909573 0.2432945467717218 0.25153083303302992
leaf_count=332 61 110 178 982 77 4108 33 147 178 68 22 179 17 205 105 86 13 162 113
internal_value=0.000460174 -0.00155882 -0.00874279 0.0059405 -0.0121934 -0.0136117 0.00980194 0.00267798 0.00429482 0.0107854 0.0050736 0 -0.00316855 -0.00484334 0.00697048 0 -0.00222383 -0.00347187 0
internal_weight=4.08246 2.83955 1.09666 1.24291 0.971568 0.907819 0.55578 1.7429 1.36514 0.509671 1.33173 0.815768 0.367135 0.318393 0.515957 0.687128 0.535596 0.319372 0.37776
internal_count=7176 5771 4473 1405 4295 4218 1083 1298 853 1050 675 423 244 227 252 322 236 175 445
is_linear=0
shrinkage=0.05


Tree=298
num_leaves=20
num_cat=0
split_feature=29 5 34 35 35 20 2 35 36 40 40 36 2 29 6 6 48 6 57
split_gain=0.0343283 0.0300014 0.0381526 0.0445761 0.038369 0.0261385 0.0196647 0.0195712 0.0097781 0.0112851 0.00790366 0.00739387 0.0100151 0.00622807 0.00555175 0.00510473 0.0024674 0.0019113 1.29184e-05
threshold=3.1666666269302373 0.48507130146026617 0.47222222387790685 0.87649399042129528 0.42550456523895269 1.0000000180025095e-35 0.21980676054954532 0.82150825858116161 0.96824595332145702 4.504641294479371 2.8194408416748051 0.44543650746345526 0.46410256624221807 14.833333492279055 4.9276325702667245 3.877779603004456 2.5000000000000004 6.8764495849609384 0.013793759513646366
decision_type=2 2 2 2 2 2 2 2 2 2 2 2 2 2 2 2 2 2 2
left_child=15 2 3 4 18 11 -6 10 9 -9 -4 17 14 -7 -13 -1 -17 -3 -2
right_child=1 5 7 -5 6 13 -8 8 -10 -11 -12 12 -14 -15 -16 16 -18 -19 -20
leaf_value=0 0.00017065935392213022 0 0 0 -0.016043422304395712 0.0083822993344055113 0 -0.0066482100149276926 0 0 0.0069579344145005691 0 0 0 -0.0067269883284343983 0.0077771315434017876 0 0.0020456105002210588 0
leaf_weight=0.28168892324538308 0.10888778412481837 0.13162646729324479 0.041960825319620088 0.1487251494618248 0.63778687432750303 0.3138290378046803 0.12100121412822773 0.3263778363543679 0.12506122623744886 0.082879253772262018 0.29554439189450932 0.036708035585434118 0.050409402494551614 0.028593228082172573 0.27052033915333595 0.65180443288772949 0.019488965393975377 0.14188593940343708 0.24957853356863779
leaf_count=123 16 64 458 65 4088 307 229 153 65 37 106 99 24 4 166 987 4 7 174
internal_value=0.000504414 -0.00122127 -0.00471125 -0.00853396 -0.0114271 0.00241281 -0.014551 0 -0.00197191 -0.0046454 0.00566753 -0.000237942 -0.0036991 0.00756094 -0.00577618 0.0064392 0.00748917 0 0
internal_weight=4.06436 3.11138 2.1378 1.26598 1.11725 0.973572 0.758788 0.871824 0.534318 0.409257 0.337505 0.63115 0.357638 0.342422 0.307228 0.952982 0.671293 0.273512 0.358466
internal_count=7176 6062 5391 4572 4507 671 4317 819 255 190 564 360 289 311 265 1114 991 71 190
is_linear=0
shrinkage=0.05


Tree=299
num_leaves=20
num_cat=0
split_feature=49 3 26 2 9 53 48 59 35 38 45 38 36 6 53 29 9 48 36
split_gain=0.0334908 0.0435458 0.0399524 0.0281556 0.0275892 0.0164716 0.0197961 0.0118791 0.00920234 0.00915062 0.00907117 0.00464091 0.00468759 0.00419697 0.00560731 0.00373093 0.0036043 0.000637465 0.000370104
threshold=0.18333333730697635 0.57669684290885936 1.0000000180025095e-35 0.4083333313465119 7.5000000000000009 1.0000000180025095e-35 1.0000000180025095e-35 1.0000000180025095e-35 0.38585758209228521 1.0000000180025095e-35 17.312698364257816 0.053342817351222045 0.70074626803398143 3.9130500555038457 7.2474184036254892 14.583333492279055 7.5000000000000009 1.5000000000000002 0.51887464523315441
decision_type=2 2 2 2 2 2 2 2 2 2 2 2 2 2 2 2 2 2 2
left_child=1 5 13 7 8 6 18 -4 -2 -9 -11 -8 -13 -3 16 17 -15 -10 -1
right_child=4 2 3 -5 -6 -7 11 9 15 10 -12 12 -14 14 -16 -17 -18 -19 -20
leaf_value=0 0 0 0 0 0 -0.00036738284491153735 0 0 0.010621059151517519 -0.013859943246905147 0 0 0.0080154372176117535 0.0050353083711245569 0 0 0 0 -0.00087077103953224597
leaf_weight=0.08665759861651201 0.070193818188272306 0.087244872747760271 0.099155395254456158 0.1601919686072506 0.079864858300425112 0.12771969949972106 0.014949697972042375 0.041245663065637928 0.62816537190519739 0.78285260635220766 0.020276016221032478 0.14646269914737775 1.0267085295618015 0.32211898757759627 0.075818064968188992 0.018724422436207533 0.018483537018255447 0.017711182576022111 0.22026820744213182
leaf_count=71 12 885 274 100 46 73 6 12 1002 3115 29 281 476 260 41 2 146 13 332
internal_value=0.000546951 -0.00102768 -0.00609809 -0.00967306 0.0066715 0.00249845 0.00479637 -0.0117259 0.00929067 -0.0126882 -0.0133177 0.00698926 0.00738408 0 0.00272171 0.0101871 0.0042759 0.0105178 0
internal_weight=4.04481 3.23015 1.60739 1.10372 0.81466 1.62277 1.49505 0.94353 0.734795 0.844374 0.803129 1.18812 1.17317 0.503665 0.416421 0.664601 0.340603 0.645877 0.306926
internal_count=7176 6101 4862 3530 1075 1239 1166 3430 1029 3156 3144 763 757 1332 447 1017 406 1015 403
is_linear=0
shrinkage=0.05


Tree=300
num_leaves=23
num_cat=0
split_feature=6 20 35 3 29 36 2 25 35 35 48 47 57 36 39 38 35 48 38 57 8 6
split_gain=0.0335336 0.0995974 0.0536156 0.047686 0.025838 0.0238787 0.019411 0.0166905 0.0110161 0.0108559 0.0123289 0.0356607 0.00854558 0.0065061 0.0063722 0.00363085 0.00595694 0.00345952 0.00240016 0.00199712 0.000488538 2.75492e-05
threshold=3.877779603004456 1.0000000180025095e-35 0.45421318709850317 1.0000000180025095e-35 10.583333492279055 0.31180556118488317 0.4083333313465119 1.0000000180025095e-35 0.39164614677429205 0.89108416438102733 1.5000000000000002 0.86607143282890331 0.065070353448390975 0.20204082131385806 6.7326085567474374 0.12632978707551959 0.42550456523895269 2.5000000000000004 0.053342817351222045 0.032663283869624145 0.68333333730697643 6.8764495849609384
decision_type=2 2 2 2 2 2 2 2 2 2 2 2 2 2 2 2 2 2 2 2 2 2
left_child=3 2 8 9 13 21 19 12 20 10 11 14 -5 -3 -1 16 18 -15 -10 -7 -2 -4
right_child=1 4 5 7 -6 6 -8 -9 15 -11 -12 -13 -14 17 -16 -17 -18 -19 -20 -21 -22 -23
leaf_value=-0.0097880581171824535 -0.0010285610621920387 0 0 -0.011855584634995163 0 -0.012476395003727981 0 0 0 0.0049230017116963665 0.0020917451564097518 0.0011022736347367993 0 0.01470355140467625 0 0 0 0 0.0075093933521129409 0 0 0.00025001602069235385
leaf_weight=0.35008850638405398 0.15445922688923042 0.014954613769077585 0.061393116939143511 0.43707250554052735 0.079102298651378078 0.51897644351902272 0.12455934088211507 0.057635433644463774 0.05859653450170299 0.224830169667257 0.17993143964849878 0.14817808265797794 0.051696401089429855 0.8222950473682431 0.036769592625205405 0.083436802403412003 0.05917556925851386 0.023168860701844096 0.3422397277172422 0.030443284091234091 0.068263013876276091 0.10182485566474497
leaf_count=205 100 7 66 3966 117 1010 31 5 14 57 43 10 2 1264 5 59 41 7 128 12 19 8
internal_value=0.00049446 0.0042114 -0.00168239 -0.00299003 0.0125291 -0.00818985 -0.0104535 -0.00947732 0.00320835 0.00114545 0 -0.00408851 -0.0110147 0.0140845 -0.00904319 0.00544263 0.00612635 0.0144497 0.00705328 -0.0122221 0 0
internal_weight=4.02909 2.54289 1.60337 1.4862 0.939521 0.837197 0.673979 0.546404 0.766171 0.939798 0.714968 0.535036 0.488769 0.860419 0.386858 0.543449 0.460012 0.845464 0.400836 0.54942 0.222722 0.163218
internal_count=7176 2883 1488 4293 1395 1127 1053 3973 361 320 263 220 3968 1278 210 242 183 1271 142 1022 119 74
is_linear=0
shrinkage=0.05


Tree=301
num_leaves=22
num_cat=0
split_feature=6 3 5 6 2 57 38 9 36 53 3 36 36 36 35 8 2 2 2 57 57
split_gain=0.0330262 0.0431568 0.041481 0.0328379 0.0202141 0.0165597 0.0145235 0.00845526 0.00847413 0.00806424 0.00615192 0.00504959 0.00353892 0.0031474 0.00242463 0.00107468 0.000954766 0.00497878 0.00154214 0.000234395 0.000226896
threshold=6.7326085567474374 0.26764950156211859 0.45999288558959966 5.9423835277557382 0.19523809850215915 0.065070353448390975 0.22611077129840854 9.5000000000000018 0.90661337971687328 7.2474184036254892 0.31725417077541357 0.96824595332145702 0.93405798077583324 0.20204082131385806 0.87143570184707653 0.63392856717109691 0.13484849035739901 0.34313726425170904 0.12249999865889551 0.029500533826649192 0.046804908663034446
decision_type=2 2 2 2 2 2 2 2 2 2 2 2 2 2 2 2 2 2 2 2 2
left_child=1 7 3 5 20 10 12 8 14 13 -3 -10 15 -6 -1 -4 18 -18 -5 -8 -2
right_child=4 2 6 16 9 -7 19 -9 11 -11 -12 -13 -14 -15 -16 -17 17 -19 -20 -21 -22
leaf_value=0.0066746635854876687 -0.00071322622087987902 0 -0.0034256690373675857 0 0 0 0 0 -0.0027819887650771926 0 -0.014394731212933755 0.0017626244626094767 0 0.0090713196794957613 0 0 -0.0032454341583350748 0 0.0023072934312088275 0.0052294609375925453 0
leaf_weight=0.4973448499440567 0.1150956386409232 0.10116630141783367 0.1812263274732685 0.065155719668837264 0.03889108169823885 0.062359492352697998 0.012300044706535118 0.055054573560482711 0.16809478160575964 0.036791231817915104 0.63828815195574862 0.15343818986730184 0.055781571798434015 0.8834891899023205 0.19534629650297575 0.016174072079593316 0.19603454354273708 0.067372674930084031 0.14425474964991736 0.26399634011613671 0.055259292625123635
leaf_count=132 63 61 246 95 8 8 50 138 39 26 4670 48 24 1054 32 11 101 33 16 303 18
internal_value=0.000486102 -0.00137488 -0.00587818 -0.00939079 0.00599071 -0.0125256 0 0.00297573 0.00442622 0.00805006 -0.0136497 0 -0.00136295 0.0087482 0.0059857 -0.00305498 0 -0.000345365 0.00135979 0.0051599 0
internal_weight=4.00292 2.87339 1.80411 1.27463 1.12953 0.801814 0.529478 1.06928 1.01422 0.959172 0.739454 0.321533 0.253182 0.92238 0.692691 0.1974 0.472818 0.263407 0.20941 0.276296 0.170355
internal_count=7176 6007 5618 4984 1169 4739 634 389 251 1088 4731 87 281 1062 164 257 245 134 111 353 81
is_linear=0
shrinkage=0.05


Tree=302
num_leaves=20
num_cat=0
split_feature=39 8 36 57 29 35 40 35 36 9 5 36 9 31 36 9 29 40 46
split_gain=0.0329605 0.0345295 0.0400789 0.0460081 0.0559557 0.0430158 0.0219972 0.0109924 0.00858084 0.0100805 0.006293 0.00972961 0.00620889 0.00535478 0.00400018 0.00358864 0.00325876 0.000720781 6.42507e-05
threshold=6.2203564643859872 0.61250001192092907 0.44543650746345526 0.013793759513646366 16.416666984558109 0.89848890900611889 5.5356180667877206 0.73128581047058117 0.26876173913478857 7.5000000000000009 0.70381036400794994 0.51887464523315441 7.5000000000000009 6.5000000000000009 0.23582887649536136 13.500000000000002 17.166666984558109 3.241702795028687 0.73214286565780651
decision_type=2 2 2 2 2 2 2 2 2 2 2 2 2 2 2 2 2 2 2
left_child=1 2 8 15 5 6 10 -2 -1 -10 11 -5 -3 14 -9 -4 -6 -16 -7
right_child=7 12 3 4 16 18 -8 13 9 -11 -12 -13 -14 -15 17 -17 -18 -19 -20
leaf_value=0 0 0.0055501809564178555 0.0029095545111959536 0 0.0026821450638005958 0.0003770704646032263 0 0 0.0058669296304588829 0 0 -0.016465496886477273 0 0 0 0 0 0.0091385236539235481 0
leaf_weight=0.097199145075138715 0.10452312878896908 0.38516079066903319 0.16318363471145891 0.083292150785382879 0.14848335649003264 0.12972597958651011 0.10838277127731988 0.01451626603375189 0.44378768364458665 0.048445970371176372 0.043679111331584752 1.2774752776522289 0.029703903597692261 0.041437477775616571 0.011269431292021181 0.046907446851037093 0.054108872086544579 0.57499494411058549 0.18022328005463351
leaf_count=172 406 352 46 181 163 52 396 6 169 379 22 2596 27 19 57 172 971 918 72
internal_value=0.000464064 -0.00104314 -0.00408382 -0.00705293 -0.00953559 -0.0121231 -0.0144185 0.00671921 0.00138369 0.00405156 -0.0154963 -0.0158507 0.00438029 0.00804708 0.00864838 0.000850515 0.000309475 0.00904341 0
internal_weight=3.9865 3.23976 2.82489 2.23546 2.02537 1.82278 1.51283 0.746741 0.589433 0.492234 1.40445 1.36077 0.414865 0.642218 0.600781 0.210091 0.202592 0.586264 0.309949
internal_count=7176 5770 5391 4671 4453 3319 3195 1406 720 548 2799 2777 379 1000 981 218 1134 975 124
is_linear=0
shrinkage=0.05


Tree=303
num_leaves=27
num_cat=0
split_feature=49 35 21 36 9 2 35 42 48 35 40 38 45 35 9 47 48 5 29 36 29 5 38 48 38 5
split_gain=0.0312727 0.0373284 0.0638484 0.0452495 0.0262446 0.020744 0.0205968 0.0183514 0.0139506 0.0115948 0.0115465 0.0130625 0.00930673 0.00870866 0.00806926 0.00696309 0.0052641 0.00386915 0.00353766 0.0028072 0.00104661 0.00101487 0.000785751 0.000545136 0.000123442 3.07069e-05
threshold=0.18333333730697635 0.89848890900611889 1.0000000180025095e-35 0.51887464523315441 7.5000000000000009 0.45804196596145635 0.67222318053245556 0.59687501192092907 1.0000000180025095e-35 0.37966401875019079 2.8716531991958623 0.09175084158778192 11.12900495529175 0.38585758209228521 13.500000000000002 0.81666666269302379 1.5000000000000002 0.73557159304618847 14.583333492279055 0.26876173913478857 4.8333332538604745 0.52762517333030712 0.17274536192417148 1.5000000000000002 0.8313007950782777 0.34266145527362829
decision_type=2 2 2 2 2 2 2 2 2 2 2 2 2 2 2 2 2 2 2 2 2 2 2 2 2 2
left_child=1 2 6 20 13 7 10 9 25 -5 11 -1 21 -2 19 17 -10 -11 23 -13 22 -8 -4 -15 -14 -3
right_child=4 8 3 5 -6 -7 12 -9 16 15 -12 14 24 18 -16 -17 -18 -19 -20 -21 -22 -23 -24 -25 -26 -27
leaf_value=0 0 -0.00026041461400054777 0 0 0 0 -0.0048189911768199284 0 0.0076512567280308426 -0.016381271584745036 0 0 0.0005238674187441507 0.010376650988807024 0 0 0 0 0 0.0096413645363313018 0 0 0.0019589849070826343 0 0 0
leaf_weight=0.083871139728217692 0.069020194350741693 0.13199794255342556 0.091150039537751582 0.038144624555570772 0.077904957688588183 0.033408562987460755 0.21620109526429587 0.027411561408371199 0.31666513470554492 0.82970273202045064 0.1206130633927387 0.0067371301847742862 0.1245049034287149 0.61370576213812456 0.020603043543815147 0.026396165005280636 0.068847118862322532 0.016925301781157032 0.018495869357138872 0.51915365088098042 0.17981207631692087 0.0060654555636574506 0.19368296732136514 0.017354196766973473 0.066034958439558977 0.05258824164775433
leaf_count=85 12 43 19 33 46 29 1677 4 130 1208 1410 51 62 1002 199 12 30 8 2 575 339 7 49 13 8 123
internal_value=0.000566907 -0.000930722 -0.00434238 -0.00958938 0.00651129 -0.0130763 0.00126233 -0.0141664 0.00430088 -0.0150854 0.00547573 0.0070645 -0.00131403 0.00908277 0.00858662 -0.0157379 0.00679222 -0.0161446 0.00995726 0.00937796 0 -0.00458603 0.00142705 0.0102807 0 0
internal_weight=3.967 3.17052 2.60042 1.43663 0.796481 0.971989 1.16378 0.93858 0.570098 0.911169 0.750978 0.630365 0.412806 0.718576 0.546494 0.873024 0.385512 0.846628 0.649556 0.525891 0.464645 0.222267 0.284833 0.63106 0.19054 0.184586
internal_count=7176 6101 5775 1701 1075 1294 4074 1265 326 1261 2320 910 1754 1029 825 1228 160 1216 1017 626 407 1684 68 1015 70 166
is_linear=0
shrinkage=0.05


Tree=304
num_leaves=25
num_cat=0
split_feature=6 20 38 3 5 5 37 47 2 57 38 37 51 37 37 37 3 48 38 6 39 42 57 37
split_gain=0.0310624 0.0941359 0.0473128 0.0453631 0.0284243 0.0178374 0.0116214 0.0103841 0.00861128 0.00807927 0.00792632 0.00621355 0.00549353 0.0056421 0.0051066 0.00344221 0.00335475 0.00320929 0.00227627 0.00224172 0.00220225 0.00111069 1.43553e-05 0.00085641
threshold=3.877779603004456 1.0000000180025095e-35 0.13397436589002612 1.0000000180025095e-35 0.73557159304618847 0.53158244490623485 0.31180556118488317 0.58571431040763866 0.4083333313465119 0.065070353448390975 0.070197045803070082 0.91010102629661571 0.30000000447034841 0.20204082131385806 0.20204082131385806 0.96824595332145702 0.22926223278045657 2.5000000000000004 0.11696306616067888 7.5028312206268319 7.0446858406066903 0.23904761672019961 0.031910113990306861 0.93405798077583324
decision_type=2 2 2 2 2 2 2 2 2 2 2 2 2 2 2 2 2 2 2 2 2 2 2 2
left_child=3 2 10 7 6 9 -4 20 16 -5 22 21 13 -3 -12 -13 -8 19 -16 -15 -1 -9 23 -2
right_child=1 12 4 5 -6 -7 8 11 -10 -11 14 15 -14 17 18 -17 -18 -19 -20 -21 -22 -23 -24 -25
leaf_value=-0.0021893308875288618 -0.0013732400111262444 0 0 -0.01163536858921066 0 0 0 0 0 0 0 -0.002275985178788333 0 0.013493150317475933 0.006005748943075955 0.0015137284210694282 -0.012769993842530615 0 0 0 0 0.0061549091319656971 0 0
leaf_weight=0.14863713647355348 0.15437874494364245 0.014701285734190495 0.073472595468047075 0.43201925177845624 0.10797157025081106 0.048687319856981048 0.01690873911138624 0.17992440884700045 0.081161186426470522 0.051199797540903091 0.049720985258318251 0.15622969113610452 0.035721319742151536 0.81994680632305972 0.43615813237465773 0.14172904742008541 0.47809569861328782 0.023576821942697279 0.049183900790922053 0.02448896795976907 0.052938550710678101 0.24293500182102434 0.090187618392519653 0.036317907435659436
leaf_count=172 89 7 38 3948 23 23 3 53 17 2 26 25 76 1228 175 41 996 14 66 70 1 28 29 26
internal_value=0.00057315 0.00417254 -0.00155882 -0.00274438 -0.00794722 -0.0091793 -0.0105057 0.00121011 -0.0115735 -0.0108208 0.00272937 0.00408925 0.0122924 0.012699 0.00466062 0 -0.0124747 0.0130417 0.00557167 0.0132894 0 0.00558041 0 -0.00017361
internal_weight=3.94629 2.49199 1.57356 1.4543 0.75761 0.531906 0.649638 0.922394 0.576166 0.483219 0.815947 0.720818 0.918435 0.882714 0.535063 0.297959 0.495004 0.868013 0.485342 0.844436 0.201576 0.422859 0.280884 0.190697
internal_count=7176 2883 1488 4293 1077 3973 1054 320 1016 3950 411 147 1395 1319 267 66 999 1312 241 1298 173 81 144 115
is_linear=0
shrinkage=0.05


Tree=305
num_leaves=21
num_cat=0
split_feature=6 12 47 57 9 38 8 36 5 35 40 29 35 40 57 36 29 4 6 57
split_gain=0.0306952 0.0412637 0.0259649 0.0345053 0.0182677 0.0191176 0.0170855 0.0118599 0.0108896 0.00931085 0.00777659 0.00740421 0.00640726 0.00616231 0.00683882 0.00511108 0.000140424 0.000222892 6.20546e-05 1.47578e-05
threshold=6.7326085567474374 1.0000000180025095e-35 0.77500000596046459 0.013793759513646366 9.5000000000000018 0.4695423692464829 0.39230769872665411 0.2788888961076737 0.78474903106689464 0.91139987111091625 5.1254198551177987 14.833333492279055 0.91139987111091625 4.8025989532470712 0.026246013119816784 0.23582887649536136 4.1666667461395273 0.78065484762191784 6.4953796863555917 0.045553633943200118
decision_type=2 2 2 2 2 2 2 2 2 2 2 2 2 2 2 2 2 2 2 2
left_child=1 4 3 18 5 7 19 -1 12 10 -7 15 -5 14 -9 -8 17 -4 -3 -2
right_child=6 2 16 8 -6 9 11 13 -10 -11 -12 -13 -14 -15 -16 -17 -18 -19 -20 -21
leaf_value=0 -0.00018140762201714487 0 0.00090018954453387418 -0.013530545828469432 -0.0016247406085677981 -0.0054957825322894741 0 0 0 0.0020091759932500904 0 0 0 0 0.010362975597517296 0.0088661504308913449 0 0 0.00037588244700572336 0
leaf_weight=0.042676060686062778 0.12111847391497554 0.044704619456751971 0.12087434325076174 0.61337893547351996 0.1366672697777177 0.23172338853328256 0.050527615152532235 0.17667846264885156 0.018995411010109819 0.36645060525188455 0.12462302913991152 0.020899543538689613 0.029023569986748043 0.19353869616588781 0.4952824400334066 0.86270358566980576 0.069976553978449374 0.054370748941437341 0.098019247845513746 0.05235736102622468
leaf_count=64 64 160 45 2748 1235 492 12 147 16 151 121 1 18 404 254 1073 98 51 3 19
internal_value=0.000541412 -0.00122832 -0.00701863 -0.00958837 0.00169644 0.00438694 0.00586195 0.00718207 -0.012319 0 -0.00361867 0.00771549 -0.0130418 0.00828588 0.00926376 0.00835787 0 0.000546546 0 0
internal_weight=3.92459 2.81698 1.04934 0.804122 1.76764 1.63097 1.10761 0.908176 0.661398 0.722797 0.356346 0.934131 0.642403 0.8655 0.671961 0.913231 0.245222 0.175245 0.142724 0.173476
internal_count=7176 6007 3139 2945 2868 1633 1169 869 2782 764 613 1086 2766 805 401 1085 194 96 163 83
is_linear=0
shrinkage=0.05


Tree=306
num_leaves=23
num_cat=0
split_feature=29 5 5 8 57 20 36 9 36 2 29 6 46 36 33 58 39 6 9 40 9 9
split_gain=0.0302465 0.0256976 0.0344194 0.0311861 0.0328254 0.0226235 0.0174746 0.00958593 0.00604947 0.00886673 0.0055812 0.00504987 0.0047437 0.00968368 0.00415276 0.0031076 0.00220001 0.00158439 0.0014599 0.00152802 2.81795e-05 3.83726e-06
threshold=3.1666666269302373 0.48507130146026617 0.073350071907043471 0.5634920895099641 0.013793759513646366 1.0000000180025095e-35 0.99137932062149059 1.5000000000000002 0.44543650746345526 0.46410256624221807 14.833333492279055 4.9276325702667245 0.64583334326744091 0.91010102629661571 1.0000000180025095e-35 1.0000000180025095e-35 6.3950443267822275 6.8764495849609384 1.0000000180025095e-35 7.0598793029785165 7.5000000000000009 13.500000000000002
decision_type=2 2 2 2 2 2 2 2 2 2 2 2 2 2 2 2 2 2 2 2 2 2
left_child=14 2 12 4 21 8 7 -6 17 11 -7 -10 16 -14 15 18 -2 -3 -1 -20 -5 -4
right_child=1 5 3 20 6 10 -8 -9 9 -11 -12 -13 13 -15 -16 -17 -18 -19 19 -21 -22 -23
leaf_value=0 -0.0021562056827566646 0 9.3210982198443519e-05 0.00024947333174790562 0 0.0078359475145024383 0 -0.014452914881280822 0 0 0 -0.0062979240976348749 0.0051884670867379974 0 0 0 0 0.001865732878629672 0.0080076701015664459 0 0 0
leaf_weight=0.1238164192564003 0.18299952748748261 0.13012626897216251 0.1041463884157563 0.13194365417075449 0.0625678143951518 0.29771501280629298 0.099397631402098341 0.787591800062728 0.035524417489796178 0.048646240611560643 0.027755665709264576 0.25867291822214611 0.33982830986496992 0.19614404177264078 0.04816716233472107 0.19252769494050881 0.069838624196563615 0.137897162232548 0.52632404996074911 0.024640917275974061 0.035607090227131266 0.047131069677561754
leaf_count=62 211 64 47 89 14 307 177 4525 99 24 4 166 41 33 76 335 14 7 626 15 52 188
internal_value=0.000503787 -0.00107451 -0.00441811 -0.00801507 -0.0103187 0.00217728 -0.0125233 -0.013743 -7.32452e-05 -0.00335691 0.00704198 -0.00536845 0 0.00277867 0.00614165 0.00665227 0 0 0.00734701 0.00778723 0 0
internal_weight=3.90901 2.99353 2.0572 1.26839 1.10083 0.936338 0.949557 0.85016 0.610867 0.342844 0.325471 0.294197 0.788811 0.535972 0.915476 0.867309 0.252838 0.268023 0.674781 0.550965 0.167551 0.151277
internal_count=7176 6062 5391 5092 4951 671 4716 4539 360 289 311 265 299 74 1114 1038 225 71 703 641 141 235
is_linear=0
shrinkage=0.05


Tree=307
num_leaves=17
num_cat=0
split_feature=8 58 4 5 2 6 9 45 38 34 37 45 37 38 57 53
split_gain=0.0301548 0.0681639 0.0373817 0.0501373 0.0339596 0.0199683 0.0179268 0.0128482 0.0121967 0.0104601 0.007175 0.00682224 0.00304295 0.00215852 0.00391509 0.000899084
threshold=0.240384615957737 1.0000000180025095e-35 1.0000000180025095e-35 0.44504831731319433 0.47213622927665716 7.0446858406066903 13.500000000000002 20.332776069641117 0.070197045803070082 0.41428571939468389 0.91010102629661571 11.267232418060305 0.96824595332145702 0.65978723764419567 0.063595164567232146 7.2474184036254892
decision_type=2 2 2 2 2 2 2 2 2 2 2 2 2 2 2 2
left_child=2 6 9 7 5 11 8 -4 -2 13 -11 -3 -12 14 -1 -10
right_child=1 4 3 -5 -6 -7 -8 -9 15 10 12 -13 -14 -15 -16 -17
leaf_value=-0.0035829914648688958 0 -0.010433517248099407 -0.013124296392734667 0.00061263305529865662 0.0021980683939906479 0 0 0 0.011401021825760081 0.0058705617857525332 -0.0022157274296098111 0 0.001305481689158157 0 0 0
leaf_weight=0.18275685280968923 0.16184108758898252 0.44928018501741451 0.53084100301521175 0.12393126298957213 0.15015670263528591 0.11388055812130915 0.041299785760202101 0.068681199569255114 1.2912208202142208 0.34889162790204864 0.15488587515574181 0.017477716530265752 0.13685474196972791 0.058961470218491741 0.032881341874599457 0.028891870242659823
leaf_count=194 41 886 4166 55 380 40 113 5 1103 54 24 43 40 6 2 24
internal_value=0.000554015 0.00434036 -0.00243041 -0.00786615 -0.00257181 -0.00757884 0.00934311 -0.012032 0.0103346 0.00111937 0.00417155 -0.00979454 0 0 -0.00210691 0.011287
internal_weight=3.89273 2.25405 1.63869 0.723453 0.730795 0.580638 1.52325 0.599522 1.48195 0.915232 0.640632 0.466758 0.291741 0.2746 0.215638 1.32011
internal_count=7176 2630 4546 4226 1349 969 1281 4171 1168 320 118 929 64 202 196 1127
is_linear=0
shrinkage=0.05


Tree=308
num_leaves=21
num_cat=0
split_feature=39 35 42 57 40 36 5 40 2 35 35 5 36 36 31 58 36 36 40 36
split_gain=0.0298232 0.0313728 0.0338924 0.0334346 0.0318154 0.0315296 0.0277194 0.024903 0.0162358 0.0118926 0.0104261 0.00899804 0.00955676 0.00941275 0.00505709 0.00499988 0.00374499 0.000743196 0.000624939 0.000221496
threshold=6.2203564643859872 0.44773148000240331 0.20638945698738101 0.047879064455628402 2.901002168655396 0.32037734985351568 0.74388790130615245 5.5356180667877206 0.4083333313465119 0.39164614677429205 0.73128581047058117 0.42287866771221166 0.96824595332145702 0.41277891397476202 6.5000000000000009 1.0000000180025095e-35 0.23582887649536136 0.41277891397476202 3.241702795028687 0.86512476205825817
decision_type=2 2 2 2 2 2 2 2 2 2 2 2 2 2 2 2 2 2 2 2
left_child=1 9 3 5 -4 -3 7 8 -7 19 -2 12 13 -6 16 17 -12 -11 -18 -1
right_child=10 2 4 -5 11 6 -8 -9 -10 15 14 -13 -14 -15 -16 -17 18 -19 -20 -21
leaf_value=-0.00069762358737001284 0 0 0.0071966318206479491 0 0 -0.01585231085456313 0 0 0 0 0 0 0 -0.0078047115465890646 0 0 0 0.0067060919886623429 0.0088535889170352246 0
leaf_weight=0.13779403135595281 0.10221904029913265 0.21059607385177548 0.28131833434963471 0.14301030089700351 0.035293752624056651 0.91811737746093036 0.062340177726582513 0.061086111723397951 0.097514670553209726 0.069052107737661572 0.014113126031588763 0.058477522543398663 0.13445915659031016 0.36416237920093408 0.040403610619250685 0.087758491719796439 0.010750414139693021 0.40336290072809788 0.55803831963021366 0.083543436689069495
leaf_count=105 406 243 115 115 31 3751 30 460 24 29 6 156 42 390 19 138 57 104 918 37
internal_value=0.000507724 -0.00089447 -0.00431668 -0.00769137 0 -0.00991623 -0.0120359 -0.0135122 -0.0147987 0.00326768 0.0064818 -0.00287663 -0.00482241 -0.00652398 0.00779206 0.00559008 0.00838171 0.00644987 0.00876658 0
internal_weight=3.87341 3.14789 2.36638 1.49266 0.873711 1.34965 1.13906 1.07672 1.01563 0.781511 0.725525 0.592393 0.533915 0.399456 0.623305 0.560174 0.582902 0.472415 0.568789 0.221337
internal_count=7176 5770 5357 4623 734 4508 4265 4235 3775 413 1406 619 463 421 1000 271 981 133 975 142
is_linear=0
shrinkage=0.05


Tree=309
num_leaves=23
num_cat=0
split_feature=49 48 29 9 47 38 42 39 9 2 36 36 57 38 6 36 29 38 36 5 53 48
split_gain=0.0289655 0.0329333 0.0351809 0.0246447 0.0158652 0.0338944 0.055538 0.0114072 0.00976499 0.0103528 0.0096385 0.00718635 0.00865405 0.00407717 0.00334503 0.00451446 0.00294212 0.00251594 0.00191582 0.00102106 0.000613073 0.000324919
threshold=0.18333333730697635 1.0000000180025095e-35 4.1666667461395273 7.5000000000000009 0.81666666269302379 0.32200460135936743 0.39791667461395269 6.6069514751434335 1.5000000000000002 0.45804196596145635 0.96824595332145702 0.73942822217941295 0.026327067054808143 0.91240409016609203 5.7751989364624032 0.99137932062149059 14.583333492279055 0.11269841343164445 0.31180556118488317 0.18394199758768084 7.0446858406066903 1.5000000000000002
decision_type=2 2 2 2 2 2 2 2 2 2 2 2 2 2 2 2 2 2 2 2 2 2
left_child=1 2 14 16 5 11 7 10 -4 13 -7 -3 -13 -10 19 17 20 -16 -6 -1 21 -2
right_child=3 4 8 -5 18 6 -8 -9 9 -11 -12 12 -14 -15 15 -17 -18 -19 -20 -21 -22 -23
leaf_value=0 0.0093225933917680699 0 0 0 0 -0.012878278286929957 0.0019945000417046247 0 -0.012226925792882875 0 0 0.0071637440626734234 0 0 0 0 0 0.0043732783139090476 0.0062934910399595522 -0.0015369047552716124 0 0
leaf_weight=0.042153611286267489 0.64111363697156765 0.18299035557856747 0.053895481214567553 0.075160697775572771 0.050698489409114589 0.46932914205763154 0.18740603783044207 0.057752290196731337 0.50608205920480032 0.020120197412325069 0.062698894083951018 0.31303977404877514 0.14651842350212974 0.0074989241402363396 0.044261656963499263 0.086162359752051998 0.017729056533426046 0.3445426228827273 0.33438552739971783 0.17528865192070953 0.018665236690139864 0.016780688994913362
leaf_count=18 972 620 9 46 12 1377 53 45 2975 19 135 105 247 5 13 83 2 133 140 112 42 13
internal_value=0.000589591 -0.000825391 -0.00580063 0.00634865 0.00173056 0 -0.00566097 -0.0109631 -0.0101844 -0.0111033 -0.0119722 0.00411275 0.00559861 -0.0119173 0 0.00234908 0.00885764 0.00373993 0.0058907 -0.000428428 0.00914738 0.00924884
internal_weight=3.85427 3.08482 1.28001 0.769449 1.80482 1.41973 0.777186 0.58978 0.587597 0.533701 0.532028 0.642549 0.459558 0.513581 0.692409 0.474967 0.694289 0.388804 0.385084 0.217442 0.67656 0.657894
internal_count=7176 6101 3367 1075 2734 2582 1610 1557 3008 2999 1512 972 352 2980 359 229 1029 146 152 130 1027 985
is_linear=0
shrinkage=0.05


Tree=310
num_leaves=15
num_cat=0
split_feature=42 9 57 2 8 9 58 37 49 46 31 33 38 57
split_gain=0.0283632 0.0457124 0.0220771 0.023893 0.0156638 0.0122719 0.0118997 0.015595 0.00620382 0.00388806 0.00387212 0.00395356 0.00143946 8.47661e-05
threshold=0.042572464793920524 4.5000000000000009 0.013793759513646366 0.44722221791744238 0.240384615957737 9.5000000000000018 1.0000000180025095e-35 0.99137932062149059 0.90000000596046459 0.86607143282890331 6.5000000000000009 1.0000000180025095e-35 0.28165064752101904 0.047378849238157279
decision_type=2 2 2 2 2 2 2 2 2 2 2 2 2 2
left_child=1 4 -3 8 9 10 7 -6 13 -1 11 12 -2 -4
right_child=5 2 3 -5 6 -7 -8 -9 -10 -11 -12 -13 -14 -15
leaf_value=-0.0028869960018132021 0 0 -0.012420961994097729 0 0.0087465562068807286 0 0 0 0 0 0 0 0.0069762263077327901 0
leaf_weight=0.16621998450409659 0.054447442231321364 0.14928496205175168 0.57270558943037031 0.057478350528981537 0.54742814721248578 0.052646535963503882 0.30338399768334057 0.075849852728424594 0.21138910917215981 0.12214721785858274 0.039129554177634307 0.048741463062469736 1.4300427705384207 0.004492184185437508
leaf_count=484 65 237 4018 23 160 385 177 37 36 6 16 80 1436 16
internal_value=0.000594546 -0.00159773 -0.00749172 -0.00951641 0.00217573 0.00495395 0.00507616 0.00699356 -0.0112636 0 0.00608035 0.00643141 0.00679358 -0.0123978
internal_weight=3.83539 2.21038 0.99535 0.846065 1.21503 1.62501 0.926662 0.623278 0.788587 0.288367 1.57236 1.53323 1.48449 0.577198
internal_count=7176 5194 4330 4093 864 1982 374 197 4070 490 1597 1581 1501 4034
is_linear=0
shrinkage=0.05


Tree=311
num_leaves=25
num_cat=0
split_feature=6 4 5 6 42 9 38 29 42 4 47 39 36 36 34 34 53 35 5 36 38 36 57 36
split_gain=0.0287942 0.0372698 0.0365442 0.0297749 0.0145603 0.012329 0.0119866 0.0113673 0.00705861 0.00610194 0.00336009 0.00301455 0.00291883 0.00291194 0.00263073 0.00401403 0.00249187 0.00192032 0.000619389 0.000498394 0.00478749 0.000407434 0.000183998 0.000143355
threshold=6.7326085567474374 0.26764950156211859 0.45999288558959966 5.9423835277557382 0.7587878704071046 5.5000000000000009 0.22611077129840854 10.583333492279055 0.19848485291004184 0.31725417077541357 0.58571431040763866 7.5028312206268319 0.93405798077583324 0.20204082131385806 0.63068181276321422 1.0000000180025095e-35 7.2474184036254892 0.36902521550655371 0.77194550633430492 0.77032968401908886 0.11269841343164445 0.91010102629661571 0.029500533826649192 0.40778534114360815
decision_type=2 2 2 2 2 2 2 2 2 2 2 2 2 2 2 2 2 2 2 2 2 2 2 2
left_child=1 8 3 4 9 7 12 13 14 -3 -10 -11 18 -2 15 -1 17 -15 -4 23 -21 -12 -8 -5
right_child=5 2 6 19 -6 -7 22 -9 10 11 21 -13 -14 16 -16 -17 -18 -19 -20 20 -22 -23 -24 -25
leaf_value=0 0 0 -0.0029690486681179769 0 0 0 0 0 0 -0.013974906681371769 0.0058660784860761622 0 0 0 0.00085793573603313526 -0.0036511704023138372 0 0.0090376867236747534 0 0 0.0032715128914337175 0 0.0048099028574602725 -0.00056691279799364819
leaf_weight=0.089735602741712439 0.038388447370379941 0.097619824828143242 0.17323366836535559 0.031466210792132188 0.078888561343774199 0.16430809137818869 0.011623612520452298 0.045333696063607931 0.17444533674279228 0.57618480440760322 0.23682212375570089 0.0074707948879222377 0.053195477979897987 0.028451645979657769 0.12589113003923558 0.18394232580976677 0.020927051693433896 0.78369772261066828 0.01495351130142808 0.070263914727547672 0.23469596159520734 0.21622967506118584 0.25046866099637555 0.11512047830819938
leaf_count=31 8 61 250 33 15 62 50 7 30 4658 31 5 24 5 11 249 26 1061 7 18 97 37 303 97
internal_value=0.00052153 -0.00117384 -0.00552345 -0.00887474 -0.0118851 0.00572212 0 0.00718537 0.00276477 -0.0130205 0.00451258 -0.0137702 -0.00109806 0.00825017 0 -0.00212438 0.008571 0.00881749 -0.00272049 0 0.000977143 0.00534688 0.00474949 0
internal_weight=3.82336 2.74225 1.71519 1.21171 0.760164 1.08111 0.503475 0.916799 1.02707 0.681275 0.627497 0.583656 0.241383 0.871465 0.399569 0.273678 0.833076 0.812149 0.188187 0.451547 0.30496 0.453052 0.262092 0.146587
internal_count=7176 6007 5618 4984 4739 1169 634 1107 389 4724 98 4663 281 1100 291 280 1092 1066 257 245 115 68 353 130
is_linear=0
shrinkage=0.05


Tree=312
num_leaves=26
num_cat=0
split_feature=35 49 21 36 8 35 9 57 5 40 38 34 9 35 47 2 56 33 45 36 29 36 29 5 57
split_gain=0.0278364 0.0337634 0.0594526 0.0407618 0.0257894 0.0179596 0.0162484 0.0146114 0.0133974 0.0102311 0.0117882 0.0088353 0.00730907 0.00568717 0.00534151 0.00415123 0.00403171 0.00432867 0.00407978 0.00255335 0.00247041 0.00216765 0.000666446 0.000182152 9.02994e-05
threshold=0.89848890900611889 0.18333333730697635 1.0000000180025095e-35 0.51887464523315441 0.87083333730697643 0.67222318053245556 7.5000000000000009 0.06481014192104341 0.73557159304618847 2.8716531991958623 0.09175084158778192 0.63068181276321422 13.500000000000002 0.38585758209228521 0.81666666269302379 0.26969698071479803 2.5000000000000004 1.0000000180025095e-35 29.148195266723636 0.26876173913478857 9.8333334922790545 0.51668518781661998 4.8333332538604745 0.48331478238105779 0.032663283869624145
decision_type=2 2 2 2 2 2 2 2 2 2 2 2 2 2 2 2 2 2 2 2 2 2 2 2 2
left_child=1 2 5 22 7 9 13 8 14 10 -1 15 19 -3 -5 23 -2 18 20 -12 21 -18 24 -7 -4
right_child=16 6 3 4 -6 11 -8 -9 -10 -11 12 -13 -14 -15 -16 -17 17 -19 -20 -21 -22 -23 -24 -25 -26
leaf_value=0 0 0 0 -0.015860201290543243 0 -0.0052892013867595162 0 0 0 0 0 0 0 0.0072715029819970245 0 0 0 0 0 0.0091781139596459303 0 0.0085717401811055 0 0 0.0012857520070157454
leaf_weight=0.080927435505146583 0.01405898591474386 0.066962969955056795 0.13030867376801325 0.8157892434369387 0.042028305470012128 0.22723735287036106 0.074428444462682819 0.021927020352450199 0.030801644330495037 0.11508257653258624 0.0064655404257791807 0.14399219440019806 0.0197008158393146 0.51740568797686137 0.023770490122842602 0.021528485245653428 0.0099674041266553104 0.048998556980222929 0.041544554449501447 0.4988442116718943 0.023055003788613249 0.51229024638450937 0.17425747333163599 0.00277515766720171 0.14439323974147555
leaf_count=85 11 12 28 1242 17 1687 46 7 19 1410 51 46 199 414 9 12 16 82 25 575 23 772 339 9 40
internal_value=0.00050983 -0.000763056 -0.00418976 -0.00931963 -0.0126371 0.00120375 0.00391259 -0.0140469 -0.014804 0.00520103 0.00670196 -0.00100555 0.00816239 0.00645493 -0.0155253 -0.00433316 0.00643961 0.00692722 0.00750251 0.00892387 0.00802504 0.00833269 0 -0.00524808 0.00114327
internal_weight=3.80854 3.15863 2.49983 1.38328 0.934317 1.11655 0.658797 0.892288 0.870361 0.721021 0.605938 0.395533 0.525011 0.584369 0.83956 0.251541 0.649915 0.635856 0.586857 0.50531 0.545313 0.522258 0.448959 0.230013 0.274702
internal_count=7176 6247 5775 1701 1294 4074 472 1277 1270 2320 910 1754 825 426 1251 1708 929 918 836 626 811 788 407 1696 68
is_linear=0
shrinkage=0.05


Tree=313
num_leaves=17
num_cat=0
split_feature=8 58 5 3 5 6 29 45 38 34 2 36 45 36 38 47
split_gain=0.0274029 0.0626957 0.0346669 0.0344669 0.0470874 0.0203163 0.0177836 0.0118564 0.0111835 0.00987362 0.00736595 0.00635638 0.00550229 0.00250307 0.00191349 0.00199349
threshold=0.240384615957737 1.0000000180025095e-35 0.77664399147033703 1.0000000180025095e-35 0.44504831731319433 7.0446858406066903 13.833333492279055 20.332776069641117 0.070197045803070082 0.41428571939468389 0.47213622927665716 0.91010102629661571 11.267232418060305 0.96824595332145702 0.65978723764419567 0.86607143282890331
decision_type=2 2 2 2 2 2 2 2 2 2 2 2 2 2 2 2
left_child=3 6 5 9 7 10 8 -5 -2 14 12 -11 -3 -13 15 -1
right_child=1 2 -4 4 -6 -7 -8 -9 -10 11 -12 13 -14 -15 -16 -17
leaf_value=-0.0028946153064931535 0 -0.011046514955409811 0.0023924698799053434 -0.012714618522093405 0.00049011044544897283 0 0 0 0.011016236007426693 0.005640389422635176 0 -0.0020124609968395898 0 0.0011876357537394821 0 0
leaf_weight=0.16573620626149954 0.15749634858730166 0.41477814794461654 0.15443418316135649 0.51344171437403929 0.12094522555617004 0.11330470428947592 0.052376628553247317 0.066715301712974906 1.2734255191835471 0.34003703673079144 0.016337309236405417 0.15021436574170366 0.013621005236927886 0.13387527840677649 0.057579128377255984 0.045687551610171795
leaf_count=193 41 883 355 4166 55 53 132 5 1108 54 27 24 31 40 6 3
internal_value=0.000524062 0.00419943 -0.00236992 -0.0022782 -0.00757363 -0.00758669 0.00905202 -0.0116652 0.0100992 0.00104237 -0.00986041 0.00405769 -0.0105466 0 0 -0.00198717
internal_weight=3.79001 2.19577 0.712475 1.59423 0.701102 0.558041 1.4833 0.580157 1.43092 0.89313 0.444736 0.624127 0.428399 0.28409 0.269003 0.211424
internal_count=7176 2630 1349 4546 4226 994 1281 4171 1149 320 941 118 914 64 202 196
is_linear=0
shrinkage=0.05


Tree=314
num_leaves=17
num_cat=0
split_feature=34 9 40 53 49 57 46 3 2 42 31 2 45 48 6 6
split_gain=0.0269618 0.0338597 0.0256027 0.0266609 0.0176032 0.0307932 0.0166538 0.0179687 0.0130937 0.00923215 0.00623883 0.00470525 0.0071252 0.00272688 0.000285943 0.000180296
threshold=0.47222222387790685 4.5000000000000009 2.8194408416748051 7.2474184036254892 0.63333335518836986 0.013793759513646366 0.26785714924335485 0.85786435008049022 0.44722221791744238 0.45307917892932897 6.5000000000000009 0.23904761672019961 10.211958885192873 2.5000000000000004 6.8764495849609384 6.6069514751434335
decision_type=2 2 2 2 2 2 2 2 2 2 2 2 2 2 2 2
left_child=1 6 15 10 5 -3 7 -1 9 -7 13 12 14 -4 -8 -2
right_child=2 4 3 -5 -6 8 11 -9 -10 -11 -12 -13 -14 -15 -16 -17
leaf_value=0.0076991509612839952 -0.00063651383492461036 0 0.010464328290673307 0 0 -0.012666395544284396 -0.0050200857194136611 0 0 0 0 0 0 0 0 0
leaf_weight=0.56097170037992394 0.1125252984375037 0.13051011781863031 0.96728789910503088 0.11264618191853504 0.31069910919904942 0.62851829238661594 0.21576525101045263 0.35619677071736078 0.031009153637569398 0.051419239465758437 0.039852405752753839 0.097803123790072277 0.088084627772332169 0.019558517436962575 0.025104550208197907 0.023453262780094519
leaf_count=184 562 242 1147 41 75 4129 304 193 11 39 20 150 52 7 5 15
internal_value=0.00047718 -0.00132544 0.00523472 0.00768523 -0.0062649 -0.00835283 0.00164219 0.0049832 -0.0109584 -0.0119075 0.00975872 -0.000493749 -0.0030188 0.0102466 -0.00491073 0
internal_weight=3.77141 2.49608 1.27532 1.13935 1.15216 0.841457 1.34393 0.917168 0.710947 0.679938 1.0267 0.426758 0.328954 0.986846 0.24087 0.135979
internal_count=7176 5384 1792 1215 4496 4421 888 377 4179 4168 1174 511 361 1154 309 577
is_linear=0
shrinkage=0.05


Tree=315
num_leaves=22
num_cat=0
split_feature=6 3 5 6 2 57 38 9 53 36 3 36 36 36 8 2 2 2 36 57 57
split_gain=0.0269436 0.0353309 0.0351135 0.0275197 0.0174959 0.0135877 0.0111071 0.00705863 0.00673347 0.00641391 0.00561637 0.0034607 0.00279832 0.00270053 0.000889866 0.000537702 0.00378696 0.00111277 0.000486971 0.000171935 7.9446e-05
threshold=6.7326085567474374 0.26764950156211859 0.45999288558959966 5.9423835277557382 0.19523809850215915 0.065070353448390975 0.22611077129840854 9.5000000000000018 7.2474184036254892 0.90661337971687328 0.31725417077541357 0.96824595332145702 0.20204082131385806 0.93405798077583324 0.63392856717109691 0.13484849035739901 0.34313726425170904 0.12249999865889551 0.99137932062149059 0.029500533826649192 0.046804908663034446
decision_type=2 2 2 2 2 2 2 2 2 2 2 2 2 2 2 2 2 2 2 2 2
left_child=1 7 3 5 20 10 13 9 12 -1 -3 -11 -6 14 -4 17 -17 -5 -14 -8 -2
right_child=4 2 6 15 8 -7 19 -9 -10 11 -12 -13 18 -15 -16 16 -18 -19 -20 -21 -22
leaf_value=0.0053499995874218042 -0.00042326039080213974 0 -0.0029593348397526135 0 0 0 0 0 0 -0.0023203804883356383 -0.013383767799754989 0.0014533066087187001 0.008800890909867248 0 0 -0.0028288479663900658 0 0.0019034740406956734 0 0.0046498450571274266 0
leaf_weight=0.65544192715606253 0.10865621157427063 0.096926933274516847 0.16972115915450547 0.061394656532684166 0.038063927349867299 0.059462266624905169 0.011533521582350659 0.051659399026902975 0.033927800584933721 0.15753240821504733 0.58792194991337965 0.14549665308732074 0.70131848424352938 0.052353073670019512 0.015208146331133321 0.18436309022490605 0.063369936047820374 0.13597102609037393 0.12926849783252692 0.24552493501323625 0.052058764616958797
leaf_count=164 63 61 246 95 8 8 50 138 26 39 4670 48 636 24 11 101 33 16 418 303 18
internal_value=0.000422526 -0.00118853 -0.00545443 -0.00875002 0.0055253 -0.0116422 0 0.00261079 0.00748983 0.0040008 -0.0126683 0 0.0081317 -0.00101235 -0.0026015 0 -9.09711e-05 0.00105549 0.00844518 0.00459138 0
internal_weight=3.75717 2.69388 1.68375 1.18941 1.06329 0.744311 0.494341 1.01013 0.902579 0.958471 0.684849 0.303029 0.868651 0.237282 0.184929 0.445099 0.247733 0.197366 0.830587 0.257058 0.160715
internal_count=7176 6007 5618 4984 1169 4739 634 389 1088 251 4731 87 1062 281 257 245 134 111 1054 353 81
is_linear=0
shrinkage=0.05


Tree=316
num_leaves=19
num_cat=0
split_feature=39 8 36 57 29 40 36 5 36 36 34 5 31 6 29 29 40 29
split_gain=0.0265418 0.0298224 0.0338628 0.0401004 0.0490431 0.0197207 0.0182667 0.00812572 0.00957142 0.00680922 0.00663792 0.0048642 0.00455675 0.00397556 0.00263818 0.00211873 0.0013906 0.00107519
threshold=6.2203564643859872 0.61250001192092907 0.44543650746345526 0.013793759513646366 16.416666984558109 5.5356180667877206 0.96824595332145702 0.61986863613128673 0.51887464523315441 0.26876173913478857 0.41428571939468389 0.48507130146026617 6.5000000000000009 5.2347426414489755 13.833333492279055 17.166666984558109 3.241702795028687 7.8333332538604745
decision_type=2 2 2 2 2 2 2 2 2 2 2 2 2 2 2 2 2 2
left_child=1 2 9 14 5 6 7 8 -5 -1 -2 -11 16 -3 -4 -6 -12 -15
right_child=10 13 3 4 15 -7 -8 -9 -10 11 12 -13 -14 17 -16 -17 -18 -19
leaf_value=0 0 0 0.0024441618944784325 0 0.00215686426254454 0 0 0 -0.015427964860879479 0 0 0.0048716071151133451 0 0.0051427220015539885 0 0 0.0082923180699325146 0
leaf_weight=0.092301556522217054 0.25780739009132947 0.021240325055259635 0.15327800995874019 0.07363425474250096 0.13859882498081777 0.11478380250355247 0.29416172833134613 0.12955878274260602 1.0996279276723724 0.1736797547482638 0.012659727815844235 0.29205670464943978 0.039236142009031028 0.34019734832691029 0.044330486958642723 0.049007038228864985 0.38911006246053148 0.028148512494226452
leaf_count=172 529 34 46 177 163 409 250 70 2413 493 64 55 19 322 172 971 794 23
internal_value=0.000402519 -0.000870862 -0.00387228 -0.00667486 -0.00905901 -0.0115307 -0.0125625 -0.0140644 -0.0147969 0.000974719 0.00614053 0.00355301 0.00748118 0.00405226 0.000495597 2.56559e-06 0.00810317 0.00489276
internal_weight=3.74342 3.04461 2.65502 2.09698 1.89937 1.71177 1.59698 1.30282 1.17326 0.558038 0.698813 0.465736 0.441006 0.389586 0.197608 0.187606 0.40177 0.368346
internal_count=7176 5770 5391 4671 4453 3319 2910 2660 2590 720 1406 548 877 379 218 1134 858 345
is_linear=0
shrinkage=0.05


Tree=317
num_leaves=21
num_cat=0
split_feature=6 9 3 5 53 42 5 3 36 47 40 29 2 45 48 36 9 39 36 3
split_gain=0.0257452 0.05445 0.0368147 0.0151492 0.0144993 0.0117308 0.0173502 0.0212075 0.0104645 0.0086234 0.0143497 0.00597248 0.00596586 0.00426752 0.00375616 0.00239377 0.0020923 0.0017249 0.00154493 4.68476e-05
threshold=3.877779603004456 4.5000000000000009 1.0000000180025095e-35 0.53158244490623485 7.0446858406066903 0.028991596773266796 0.61986863613128673 0.57669684290885936 0.20204082131385806 0.58571431040763866 2.8194408416748051 9.166666507720949 0.47213622927665716 20.332776069641117 1.5000000000000002 0.91010102629661571 1.0000000180025095e-35 7.0446858406066903 0.96824595332145702 0.5174442231655122
decision_type=2 2 2 2 2 2 2 2 2 2 2 2 2 2 2 2 2 2 2 2
left_child=2 4 9 13 8 6 7 19 -2 17 -11 14 -9 -4 16 -12 -10 -1 -17 -3
right_child=1 5 3 -5 -6 -7 -8 12 11 10 15 -13 -14 -15 -16 18 -18 -19 -20 -21
leaf_value=-0.0019424984617020431 0 0 -0.010486042402597606 0 0 0 0 -0.010148012293522994 0 0 0.0069199339064066907 0 0 0 0 -0.0011295132174487558 0.011458770437675493 0 0.0014630604342891671 0.00032320921986313586
leaf_weight=0.14283358786633493 0.055797098961193448 0.10457546553516284 0.39115337636485492 0.046033919068577234 0.085036617319928953 0.13425771308857293 0.16195450316445203 0.40704385956723854 0.11797499738895556 0.068973656161688268 0.35737213599350071 0.024353110746233031 0.013643839338328689 0.054804828017950058 0.031115050547668832 0.12961535732029006 1.0976956184549633 0.05102100595831871 0.13109224243089557 0.12113892058550846
leaf_count=172 14 110 3948 23 64 118 60 1114 48 48 58 30 3 2 20 8 1254 1 33 48
internal_value=0.000507813 0.00392245 -0.00242636 -0.00836603 0.00872167 -0.00148163 -0.00430996 -0.0068373 0.00971726 0.00091687 0.00370352 0.010405 -0.0095653 -0.00992024 0.0107742 0.00603917 0.0110432 0 0 0
internal_weight=3.72749 2.35459 1.3729 0.491992 1.41197 0.942614 0.808357 0.646402 1.32694 0.880908 0.687053 1.27114 0.420688 0.445958 1.24679 0.61808 1.21567 0.193855 0.260708 0.225714
internal_count=7176 2883 4293 3973 1430 1453 1335 1275 1366 320 147 1352 1117 3950 1322 99 1302 173 41 158
is_linear=0
shrinkage=0.05


Tree=318
num_leaves=25
num_cat=0
split_feature=35 49 21 36 8 42 35 9 5 40 34 36 9 47 35 57 31 33 48 5 36 35 57 2
split_gain=0.0257804 0.032672 0.0556165 0.0372681 0.0243382 0.0170109 0.0163647 0.0154174 0.0136135 0.00947435 0.00820544 0.00685109 0.00712476 0.00548656 0.00529612 0.00396027 0.0041839 0.00458923 0.00474351 0.00384673 0.00241021 0.000513456 0.000284987 0.00077044
threshold=0.89848890900611889 0.18333333730697635 1.0000000180025095e-35 0.51887464523315441 0.87083333730697643 0.59687501192092907 0.67222318053245556 7.5000000000000009 0.73557159304618847 2.8716531991958623 0.63068181276321422 0.26876173913478857 13.500000000000002 0.81666666269302379 0.38585758209228521 0.043284084647893913 6.5000000000000009 1.0000000180025095e-35 1.5000000000000002 0.43256238102912908 0.51668518781661998 0.38585758209228521 0.032154673710465438 0.31414473056793218
decision_type=2 2 2 2 2 2 2 2 2 2 2 2 2 2 2 2 2 2 2 2 2 2 2 2
left_child=1 2 6 22 5 8 9 14 13 11 19 -1 21 -5 -3 -2 17 18 20 -8 -17 -13 -4 -24
right_child=15 7 3 4 -6 -7 10 -9 -10 -11 -12 12 -14 -15 -16 16 -18 -19 -20 -21 -22 -23 23 -25
leaf_value=0 0 0 0 -0.01570262587072135 0 0 -0.0050635959585576297 0 0 0 0 0 0 0 0.0070990815839347861 0 0 0 0 0 0.0088043944924979297 0.0081846594300518244 0.0014621824431630414 0
leaf_weight=0.023311955383179317 0.014313087238406186 0.065091951750218757 0.14746594091593579 0.78880939450300502 0.040823977265972644 0.026351919466833351 0.22232718639133964 0.072279277010238729 0.031263290089555085 0.11192289346945472 0.13932117796321108 0.024896358227124438 0.021572019394625386 0.023709597167908214 0.50452854064496933 0.010309096891433001 0.038534395673195831 0.04740386173943989 0.066636759875109419 0.023206445812320453 0.45466976601892384 0.52010598572996969 0.23414201365903864 0.05826618258288363
leaf_count=74 15 12 241 1241 17 4 1678 46 22 1410 46 20 203 10 414 17 16 80 32 30 769 613 144 22
internal_value=0.00043926 -0.000753422 -0.00417633 -0.00914908 -0.0123178 -0.0136959 0.00103124 0.00382642 -0.0146056 0.00496317 -0.000934761 0.00642378 0.0072672 -0.0153551 0.0063144 0.00621557 0.00671535 0.00726778 0.00787059 -0.00417627 0.00853574 0.00806712 0 0.000742476
internal_weight=3.71126 3.0794 2.4375 1.35083 0.910958 0.870134 1.08666 0.6419 0.843782 0.701809 0.384855 0.589886 0.566574 0.812519 0.56962 0.631867 0.617554 0.579019 0.531616 0.245534 0.464979 0.545002 0.439874 0.292408
internal_count=7176 6247 5775 1701 1294 1277 4074 472 1273 2320 1754 910 836 1251 426 929 914 898 818 1708 786 633 407 166
is_linear=0
shrinkage=0.05


Tree=319
num_leaves=23
num_cat=0
split_feature=20 6 35 5 5 29 5 37 2 34 35 57 37 37 58 48 37 35 37 8 57 8
split_gain=0.0255542 0.0790175 0.0494122 0.0309099 0.0227435 0.0209256 0.0150359 0.0138427 0.0115865 0.00862553 0.00861262 0.00583479 0.00560893 0.00527611 0.00422417 0.00258375 0.00206487 0.00109582 0.00166291 0.000795792 0.000580961 0.000273302
threshold=1.0000000180025095e-35 3.8662848472595219 0.45421318709850317 1.0000000180025095e-35 0.78474903106689464 10.583333492279055 0.53158244490623485 0.31180556118488317 0.4083333313465119 0.41428571939468389 0.39164614677429205 0.065070353448390975 0.91010102629661571 0.20204082131385806 1.0000000180025095e-35 2.5000000000000004 0.96824595332145702 0.92269384860992443 0.29061582684516912 0.39230769872665411 0.032663283869624145 0.68333333730697643
decision_type=2 2 2 2 2 2 2 2 2 2 2 2 2 2 2 2 2 2 2 2 2 2
left_child=2 3 10 9 7 13 11 -4 20 17 21 -5 -11 -3 19 -15 -14 18 -2 -12 -9 -1
right_child=1 5 4 6 -6 -7 -8 8 -10 12 14 -13 16 15 -16 -17 -18 -19 -20 -21 -22 -23
leaf_value=-0.0007722686537002015 0 0 0 -0.0098237765362017681 0 0 0 -0.012953091404768677 0 0.0053750648463677725 0 0 -0.0018339415124290785 0.013455581962149766 0 0 0.001075123979562734 0 -0.0024233589253849991 0.0058467607864380149 0 0
leaf_weight=0.14563348135925502 0.02433598261268366 0.013690052786841878 0.13969679274850932 0.3651525987088462 0.055544328992255032 0.071912670793608413 0.040473576635122299 0.47433040430269102 0.10222043678368209 0.33054502517916262 0.11053283183719032 0.048631953075528145 0.1462758740017307 0.74722669255879737 0.085735786581608409 0.021397635689936578 0.13060247346584219 0.054160952568054199 0.17439303795254091 0.3164396833817591 0.030400325337723189 0.064198089065030217
leaf_count=121 8 7 97 3552 16 121 1 1350 22 50 60 2 23 1266 151 7 39 2 163 68 30 20
internal_value=0.000454556 0.00405024 -0.00225803 -0.00149161 -0.00834433 0.0114802 -0.00739695 -0.0102174 -0.0116192 0.00123884 0.00251789 -0.00910325 0.0038976 0.0129021 0.00463173 0.0132367 0 0 -0.00151174 0.00549022 -0.0127839 0
internal_weight=3.69353 2.1688 1.52473 1.31457 0.802192 0.854227 0.454258 0.746648 0.606951 0.860313 0.72254 0.413785 0.607423 0.782314 0.512708 0.768624 0.276878 0.25289 0.198729 0.426973 0.504731 0.209832
internal_count=7176 5241 1935 3840 1515 1401 3555 1499 1402 285 420 3554 112 1280 279 1273 62 173 171 128 1380 141
is_linear=0
shrinkage=0.05


Tree=320
num_leaves=15
num_cat=0
split_feature=42 6 46 57 56 53 2 21 2 38 9 31 48 57
split_gain=0.0245292 0.0448364 0.0381209 0.0257217 0.028618 0.0164675 0.0120586 0.0135818 0.0105839 0.00554306 0.0053941 0.0045594 0.0018291 4.80382e-05
threshold=0.20991431921720508 6.4953796863555917 0.81666666269302379 0.047378849238157279 1.0000000180025095e-35 7.2474184036254892 0.12249999865889551 1.0000000180025095e-35 0.47213622927665716 0.070197045803070082 9.5000000000000018 6.5000000000000009 2.5000000000000004 0.03240706957876683
decision_type=2 2 2 2 2 2 2 2 2 2 2 2 2 2
left_child=1 2 3 4 -1 10 -3 9 -6 -8 11 12 -2 -9
right_child=5 6 -4 -5 8 -7 7 13 -10 -11 -12 -13 -14 -15
leaf_value=0 0.0077703329778437864 0 2.672530291474087e-05 0 -0.014231437794554208 0 0 -0.00028823783372625459 0 0.008223824945841186 0 0 0 0
leaf_weight=0.04742902889847822 1.1044600598825125 0.081011076412323635 0.16153103741817165 0.18283904229610926 0.78193288261809357 0.10960993585467793 0.088859187148045526 0.44552144829140161 0.016524895094335079 0.36731619036436314 0.018186994623647368 0.03766484509105783 0.019443493551079771 0.21136913599912077
leaf_count=1 1233 66 25 89 4987 59 18 101 2 136 194 15 8 242
internal_value=0.000421317 -0.00129946 -0.00686726 -0.00989395 -0.0119341 0.0049651 0.00257204 0.00459736 -0.0136367 0.00734764 0.00669169 0.00716897 0.00759423 0
internal_weight=3.6737 2.38433 1.19026 1.02873 0.845887 1.28937 1.19408 1.11307 0.798458 0.456175 1.17976 1.16157 1.1239 0.656891
internal_count=7176 5667 5104 5079 4990 1509 563 497 4989 154 1450 1256 1241 343
is_linear=0
shrinkage=0.05


Tree=321
num_leaves=18
num_cat=0
split_feature=49 3 26 8 39 29 48 6 6 29 48 45 45 47 8 53 8
split_gain=0.024609 0.0356438 0.0327683 0.0227124 0.0151886 0.012819 0.0086078 0.0039298 0.00240798 0.00365215 0.00202372 0.00166234 0.0124148 0.00529883 0.000955979 0.000528139 5.4983e-06
threshold=0.18333333730697635 0.57669684290885936 1.0000000180025095e-35 0.61250001192092907 6.8764495849609384 9.8333334922790545 1.0000000180025095e-35 7.2474184036254892 3.9130500555038457 9.8333334922790545 1.5000000000000002 10.700013637542726 7.1360535621643075 0.77500000596046459 0.55050507187843334 7.0446858406066903 0.32291667163372045
decision_type=2 2 2 2 2 2 2 2 2 2 2 2 2 2 2 2 2
left_child=1 6 8 4 7 10 16 -4 -3 -10 15 12 14 -13 -8 -2 -1
right_child=5 2 3 -5 -6 -7 11 -9 9 -11 -12 13 -14 -15 -16 -17 -18
leaf_value=-0.00011100807962976093 0.0078030076411288079 0 -0.012149279296834081 0 0 0 0.0038003176993030522 0 0.0033571233012945657 0 0 0 -0.0029953668378037927 0.0064278183640641626 0 0 0
leaf_weight=0.11547442420669618 0.61191287537076267 0.076329915739734577 0.79677527503099488 0.12434444595419336 0.045545381395641016 0.076898061148312991 0.49835442770927307 0.031991554824344348 0.34427424601562961 0.03229068258906409 0.021606942449579947 0.077976946233320632 0.31371879862854257 0.25705554668638797 0.053169189206528245 0.018002836746745743 0.16440717873774702
leaf_count=342 968 885 3354 88 75 50 525 13 303 144 15 25 167 67 36 42 77
internal_value=0.000418353 -0.000816436 -0.00566641 -0.00896504 -0.0107702 0.00587795 0.00229079 -0.0118174 0 0.00209121 0.00745411 0.00396177 0 0.0053834 0.00352237 0.00770742 0
internal_weight=3.66013 2.93171 1.45155 0.998657 0.874312 0.728421 1.48016 0.828767 0.452895 0.376565 0.651523 1.20027 0.865242 0.335032 0.551524 0.629916 0.279882
internal_count=7176 6101 4862 3530 3442 1075 1239 3367 1332 447 1025 820 728 92 561 1010 419
is_linear=0
shrinkage=0.05


end of trees

feature_importances:
name_jaro_winkler=678
rrf_score=551
name_len_ratio=545
address_levenshtein=512
address_max_shared_idf=503
address_jaccard=428
name_levenshtein=423
address_token_overlap=422
address_len_ratio=391
best_rank=308
mean_rank=270
name_max_shared_idf=225
numeric_overlap=225
name_prefix_match=220
name_jaccard=215
name_sum_shared_idf=192
name_mean_shared_idf=147
name_token_overlap=134
numeric_count_diff=124
name_token_containment=123
name_length_ratio=116
name_common_token_count=106
postal_rarity=100
state_exact=100
found_char_tfidf=90
address_length_ratio=78
found_exact=48
candidate_is_s2=47
retrieval_votes=25
city_exact=24
name_exact=23
candidate_is_s3=21
house_number_exact=21
state_present_both=14
house_number_present_both=13
postal_prefix_match=11
found_bm25=4
both_address_present=2
compact_name_exact=2
city_present_both=1
country_exact=1
postal_exact=1
postal_present_both=1

parameters:
[boosting: gbdt]
[objective: binary]
[metric: binary_logloss]
[tree_learner: serial]
[device_type: cpu]
[data_sample_strategy: bagging]
[data: ]
[valid: ]
[num_iterations: 1000]
[learning_rate: 0.05]
[num_leaves: 127]
[num_threads: 0]
[seed: 0]
[deterministic: 0]
[force_col_wise: 0]
[force_row_wise: 0]
[histogram_pool_size: -1]
[max_depth: -1]
[min_data_in_leaf: 20]
[min_sum_hessian_in_leaf: 0.001]
[bagging_fraction: 0.8]
[pos_bagging_fraction: 1]
[neg_bagging_fraction: 1]
[bagging_freq: 0]
[bagging_seed: 3]
[bagging_by_query: 0]
[feature_fraction: 0.8]
[feature_fraction_bynode: 1]
[feature_fraction_seed: 2]
[extra_trees: 0]
[extra_seed: 6]
[early_stopping_round: 0]
[early_stopping_min_delta: 0]
[first_metric_only: 0]
[max_delta_step: 0]
[lambda_l1: 0.1]
[lambda_l2: 1]
[linear_lambda: 0]
[min_gain_to_split: 0]
[drop_rate: 0.1]
[max_drop: 50]
[skip_drop: 0.5]
[xgboost_dart_mode: 0]
[uniform_drop: 0]
[drop_seed: 4]
[top_rate: 0.2]
[other_rate: 0.1]
[min_data_per_group: 100]
[max_cat_threshold: 32]
[cat_l2: 10]
[cat_smooth: 10]
[max_cat_to_onehot: 4]
[top_k: 20]
[monotone_constraints: ]
[monotone_constraints_method: basic]
[monotone_penalty: 0]
[feature_contri: ]
[forcedsplits_filename: ]
[refit_decay_rate: 0.9]
[cegb_tradeoff: 1]
[cegb_penalty_split: 0]
[cegb_penalty_feature_lazy: ]
[cegb_penalty_feature_coupled: ]
[path_smooth: 0]
[interaction_constraints: ]
[verbosity: -1]
[saved_feature_importance_type: 0]
[use_quantized_grad: 0]
[num_grad_quant_bins: 4]
[quant_train_renew_leaf: 0]
[stochastic_rounding: 1]
[linear_tree: 0]
[max_bin: 255]
[max_bin_by_feature: ]
[min_data_in_bin: 3]
[bin_construct_sample_cnt: 200000]
[data_random_seed: 1]
[is_enable_sparse: 1]
[enable_bundle: 1]
[use_missing: 1]
[zero_as_missing: 0]
[feature_pre_filter: 1]
[pre_partition: 0]
[two_round: 0]
[header: 0]
[label_column: ]
[weight_column: ]
[group_column: ]
[ignore_column: ]
[categorical_feature: ]
[forcedbins_filename: ]
[precise_float_parser: 0]
[parser_config_file: ]
[objective_seed: 5]
[num_class: 1]
[is_unbalance: 0]
[scale_pos_weight: 1]
[sigmoid: 1]
[boost_from_average: 1]
[reg_sqrt: 0]
[alpha: 0.9]
[fair_c: 1]
[poisson_max_delta_step: 0.7]
[tweedie_variance_power: 1.5]
[lambdarank_truncation_level: 30]
[lambdarank_norm: 1]
[label_gain: ]
[lambdarank_position_bias_regularization: 0]
[eval_at: ]
[multi_error_top_k: 1]
[auc_mu_weights: ]
[num_machines: 1]
[local_listen_port: 12400]
[time_out: 120]
[machine_list_filename: ]
[machines: ]
[gpu_platform_id: -1]
[gpu_device_id: -1]
[gpu_use_dp: 0]
[num_gpu: 1]

end of parameters

pandas_categorical:null
